  0
SECTION
  2
HEADER
  9
$ACADVER
  1
AC1032
  9
$ACADMAINTVER
 90
       55
  9
$DWGCODEPAGE
  3
ANSI_1252
  9
$LASTSAVEDBY
  1
lucas
  9
$REQUIREDVERSIONS
160
                 0
  9
$INSBASE
 10
0.0
 20
0.0
 30
0.0
  9
$EXTMIN
 10
0.0
 20
0.0
 30
0.0
  9
$EXTMAX
 10
30.0
 20
15.0
 30
0.0
  9
$LIMMIN
 10
0.0
 20
0.0
  9
$LIMMAX
 10
12.0
 20
9.0
  9
$ORTHOMODE
 70
     0
  9
$REGENMODE
 70
     1
  9
$FILLMODE
 70
     1
  9
$QTEXTMODE
 70
     0
  9
$MIRRTEXT
 70
     0
  9
$LTSCALE
 40
0.5
  9
$ATTMODE
 70
     1
  9
$TEXTSIZE
 40
0.2
  9
$TRACEWID
 40
0.05
  9
$TEXTSTYLE
  7
ROMANS
  9
$CLAYER
  8
0
  9
$CELTYPE
  6
BYLAYER
  9
$CECOLOR
 62
   256
  9
$CELTSCALE
 40
1.0
  9
$DISPSILH
 70
     0
  9
$DIMSCALE
 40
1.0
  9
$DIMASZ
 40
0.2
  9
$DIMEXO
 40
0.1
  9
$DIMDLI
 40
1.0
  9
$DIMRND
 40
0.5
  9
$DIMDLE
 40
0.0
  9
$DIMEXE
 40
0.2
  9
$DIMTP
 40
0.0
  9
$DIMTM
 40
0.0
  9
$DIMTXT
 40
0.2
  9
$DIMCEN
 40
0.2
  9
$DIMTSZ
 40
0.0
  9
$DIMTOL
 70
     0
  9
$DIMLIM
 70
     0
  9
$DIMTIH
 70
     0
  9
$DIMTOH
 70
     0
  9
$DIMSE1
 70
     0
  9
$DIMSE2
 70
     0
  9
$DIMTAD
 70
     1
  9
$DIMZIN
 70
     8
  9
$DIMBLK
  1
DE2
  9
$DIMASO
 70
     1
  9
$DIMSHO
 70
     1
  9
$DIMPOST
  1

  9
$DIMAPOST
  1

  9
$DIMALT
 70
     0
  9
$DIMALTD
 70
     4
  9
$DIMALTF
 40
0.0394
  9
$DIMLFAC
 40
100.0
  9
$DIMTOFL
 70
     1
  9
$DIMTVP
 40
0.0
  9
$DIMTIX
 70
     0
  9
$DIMSOXD
 70
     0
  9
$DIMSAH
 70
     0
  9
$DIMBLK1
  1

  9
$DIMBLK2
  1

  9
$DIMSTYLE
  2
STR_F100
  9
$DIMCLRD
 70
   256
  9
$DIMCLRE
 70
   256
  9
$DIMCLRT
 70
     3
  9
$DIMTFAC
 40
1.0
  9
$DIMGAP
 40
0.1
  9
$DIMJUST
 70
     0
  9
$DIMSD1
 70
     0
  9
$DIMSD2
 70
     0
  9
$DIMTOLJ
 70
     1
  9
$DIMTZIN
 70
     0
  9
$DIMALTZ
 70
     0
  9
$DIMALTTZ
 70
     0
  9
$DIMUPT
 70
     0
  9
$DIMDEC
 70
     1
  9
$DIMTDEC
 70
     1
  9
$DIMALTU
 70
     8
  9
$DIMALTTD
 70
     4
  9
$DIMTXSTY
  7
STANDARD
  9
$DIMAUNIT
 70
     0
  9
$DIMADEC
 70
     0
  9
$DIMALTRND
 40
0.0
  9
$DIMAZIN
 70
     2
  9
$DIMDSEP
 70
    46
  9
$DIMATFIT
 70
     3
  9
$DIMFRAC
 70
     0
  9
$DIMLDRBLK
  1
None
  9
$DIMLUNIT
 70
     2
  9
$DIMLWD
 70
    -2
  9
$DIMLWE
 70
    -2
  9
$DIMTMOVE
 70
     1
  9
$DIMFXL
 40
1.0
  9
$DIMFXLON
 70
     0
  9
$DIMJOGANG
 40
0.7853981633974483
  9
$DIMTFILL
 70
     0
  9
$DIMTFILLCLR
 70
     0
  9
$DIMARCSYM
 70
     0
  9
$DIMLTYPE
  6

  9
$DIMLTEX1
  6

  9
$DIMLTEX2
  6

  9
$DIMTXTDIRECTION
 70
     0
  9
$LUNITS
 70
     2
  9
$LUPREC
 70
     4
  9
$SKETCHINC
 40
0.1
  9
$FILLETRAD
 40
0.0
  9
$AUNITS
 70
     0
  9
$AUPREC
 70
     0
  9
$MENU
  1
.
  9
$ELEVATION
 40
0.0
  9
$PELEVATION
 40
0.0
  9
$THICKNESS
 40
0.0
  9
$LIMCHECK
 70
     0
  9
$CHAMFERA
 40
0.5
  9
$CHAMFERB
 40
0.5
  9
$CHAMFERC
 40
1.0
  9
$CHAMFERD
 40
0.0
  9
$SKPOLY
 70
     1
  9
$TDCREATE
 40
2460795.763726852
  9
$TDUCREATE
 40
2460795.888726852
  9
$TDUPDATE
 40
2460796.638771644
  9
$TDUUPDATE
 40
2460796.763771644
  9
$TDINDWG
 40
0.0027314815
  9
$TDUSRTIMER
 40
0.0027314815
  9
$USRTIMER
 70
     1
  9
$ANGBASE
 50
0.0
  9
$ANGDIR
 70
     0
  9
$PDMODE
 70
    34
  9
$PDSIZE
 40
0.1
  9
$PLINEWID
 40
0.0
  9
$SPLFRAME
 70
     0
  9
$SPLINETYPE
 70
     6
  9
$SPLINESEGS
 70
     8
  9
$HANDSEED
  5
292F
  9
$SURFTAB1
 70
     6
  9
$SURFTAB2
 70
     6
  9
$SURFTYPE
 70
     6
  9
$SURFU
 70
     6
  9
$SURFV
 70
     6
  9
$UCSBASE
  2

  9
$UCSNAME
  2

  9
$UCSORG
 10
0.0
 20
0.0
 30
0.0
  9
$UCSXDIR
 10
1.0
 20
0.0
 30
0.0
  9
$UCSYDIR
 10
0.0
 20
1.0
 30
0.0
  9
$UCSORTHOREF
  2

  9
$UCSORTHOVIEW
 70
     0
  9
$UCSORGTOP
 10
0.0
 20
0.0
 30
0.0
  9
$UCSORGBOTTOM
 10
0.0
 20
0.0
 30
0.0
  9
$UCSORGLEFT
 10
0.0
 20
0.0
 30
0.0
  9
$UCSORGRIGHT
 10
0.0
 20
0.0
 30
0.0
  9
$UCSORGFRONT
 10
0.0
 20
0.0
 30
0.0
  9
$UCSORGBACK
 10
0.0
 20
0.0
 30
0.0
  9
$PUCSBASE
  2

  9
$PUCSNAME
  2

  9
$PUCSORG
 10
0.0
 20
0.0
 30
0.0
  9
$PUCSXDIR
 10
1.0
 20
0.0
 30
0.0
  9
$PUCSYDIR
 10
0.0
 20
1.0
 30
0.0
  9
$PUCSORTHOREF
  2

  9
$PUCSORTHOVIEW
 70
     0
  9
$PUCSORGTOP
 10
0.0
 20
0.0
 30
0.0
  9
$PUCSORGBOTTOM
 10
0.0
 20
0.0
 30
0.0
  9
$PUCSORGLEFT
 10
0.0
 20
0.0
 30
0.0
  9
$PUCSORGRIGHT
 10
0.0
 20
0.0
 30
0.0
  9
$PUCSORGFRONT
 10
0.0
 20
0.0
 30
0.0
  9
$PUCSORGBACK
 10
0.0
 20
0.0
 30
0.0
  9
$USERI1
 70
     0
  9
$USERI2
 70
     0
  9
$USERI3
 70
     0
  9
$USERI4
 70
     0
  9
$USERI5
 70
     0
  9
$USERR1
 40
0.0
  9
$USERR2
 40
0.0
  9
$USERR3
 40
0.0
  9
$USERR4
 40
0.0
  9
$USERR5
 40
0.0
  9
$WORLDVIEW
 70
     1
  9
$SHADEDGE
 70
     3
  9
$SHADEDIF
 70
    70
  9
$TILEMODE
 70
     1
  9
$MAXACTVP
 70
    48
  9
$PINSBASE
 10
0.0
 20
0.0
 30
0.0
  9
$PLIMCHECK
 70
     0
  9
$PEXTMIN
 10
1.000000000000000E+20
 20
1.000000000000000E+20
 30
1.000000000000000E+20
  9
$PEXTMAX
 10
-1.000000000000000E+20
 20
-1.000000000000000E+20
 30
-1.000000000000000E+20
  9
$PLIMMIN
 10
0.0
 20
0.0
  9
$PLIMMAX
 10
12.0
 20
9.0
  9
$UNITMODE
 70
     0
  9
$VISRETAIN
 70
     1
  9
$PLINEGEN
 70
     0
  9
$PSLTSCALE
 70
     1
  9
$TREEDEPTH
 70
  3020
  9
$CMLSTYLE
  2
STANDARD
  9
$CMLJUST
 70
     0
  9
$CMLSCALE
 40
1.0
  9
$PROXYGRAPHICS
 70
     1
  9
$MEASUREMENT
 70
     0
  9
$CELWEIGHT
370
    -1
  9
$ENDCAPS
280
     0
  9
$JOINSTYLE
280
     0
  9
$LWDISPLAY
290
     0
  9
$INSUNITS
 70
     0
  9
$HYPERLINKBASE
  1

  9
$STYLESHEET
  1

  9
$XEDIT
290
     1
  9
$CEPSNTYPE
380
     0
  9
$PSTYLEMODE
290
     1
  9
$FINGERPRINTGUID
  2
{2850784C-6EF2-0941-A541-583961BCBF0A}
  9
$VERSIONGUID
  2
{36A8BBFD-A0C1-A449-B574-FF08CFF89B16}
  9
$EXTNAMES
290
     1
  9
$PSVPSCALE
 40
0.0
  9
$OLESTARTUP
290
     0
  9
$SORTENTS
280
   127
  9
$INDEXCTL
280
     0
  9
$HIDETEXT
280
     1
  9
$XCLIPFRAME
280
     0
  9
$HALOGAP
280
     0
  9
$OBSCOLOR
 70
   257
  9
$OBSLTYPE
280
     0
  9
$INTERSECTIONDISPLAY
280
     0
  9
$INTERSECTIONCOLOR
 70
   257
  9
$DIMASSOC
280
     1
  9
$PROJECTNAME
  1

  9
$CAMERADISPLAY
290
     0
  9
$LENSLENGTH
 40
50.0
  9
$CAMERAHEIGHT
 40
0.0
  9
$STEPSPERSEC
 40
2.0
  9
$STEPSIZE
 40
6.0
  9
$3DDWFPREC
 40
2.0
  9
$PSOLWIDTH
 40
0.25
  9
$PSOLHEIGHT
 40
4.0
  9
$LOFTANG1
 40
1.570796326794897
  9
$LOFTANG2
 40
1.570796326794897
  9
$LOFTMAG1
 40
0.0
  9
$LOFTMAG2
 40
0.0
  9
$LOFTPARAM
 70
     7
  9
$LOFTNORMALS
280
     1
  9
$LATITUDE
 40
37.795
  9
$LONGITUDE
 40
-122.394
  9
$NORTHDIRECTION
 40
0.0
  9
$TIMEZONE
 70
 -8000
  9
$LIGHTGLYPHDISPLAY
280
     1
  9
$TILEMODELIGHTSYNCH
280
     1
  9
$CMATERIAL
347
19FF
  9
$SOLIDHIST
280
     0
  9
$SHOWHIST
280
     1
  9
$DWFFRAME
280
     2
  9
$DGNFRAME
280
     2
  9
$REALWORLDSCALE
290
     1
  9
$INTERFERECOLOR
 62
   256
  9
$CSHADOW
280
     0
  9
$SHADOWPLANELOCATION
 40
0.0
  0
ENDSEC
  0
SECTION
  2
CLASSES
  0
CLASS
  1
LWPOLYLINE
  2
AcDbPolyline
  3
ObjectDBX Classes
 90
        0
 91
        1
280
     0
281
     1
  0
CLASS
  1
ACDBDICTIONARYWDFLT
  2
AcDbDictionaryWithDefault
  3
ObjectDBX Classes
 90
        0
 91
        3
280
     0
281
     0
  0
CLASS
  1
MATERIAL
  2
AcDbMaterial
  3
ObjectDBX Classes
 90
     1153
 91
        3
280
     0
281
     0
  0
CLASS
  1
VISUALSTYLE
  2
AcDbVisualStyle
  3
ObjectDBX Classes
 90
     4095
 91
        3
280
     0
281
     0
  0
CLASS
  1
TABLESTYLE
  2
AcDbTableStyle
  3
ObjectDBX Classes
 90
     4095
 91
        3
280
     0
281
     0
  0
CLASS
  1
SCALE
  2
AcDbScale
  3
ObjectDBX Classes
 90
     1153
 91
        3
280
     0
281
     0
  0
CLASS
  1
MLEADERSTYLE
  2
AcDbMLeaderStyle
  3
ACDB_MLEADERSTYLE_CLASS
 90
     4095
 91
        3
280
     0
281
     0
  0
CLASS
  1
CELLSTYLEMAP
  2
AcDbCellStyleMap
  3
ObjectDBX Classes
 90
     1152
 91
        3
280
     0
281
     0
  0
CLASS
  1
DICTIONARYVAR
  2
AcDbDictionaryVar
  3
ObjectDBX Classes
 90
        0
 91
        3
280
     0
281
     0
  0
CLASS
  1
AEC_REFEDIT_STATUS_TRACKER
  2
AecDbRefEditStatusTracker
  3
AecArchBase80|Product Desc: Autodesk Architectural Desktop 2007 |Company: Autodesk,Inc. |WEB Address: www.autodesk.com
 90
   -65407
 91
        1
280
     1
281
     0
  0
CLASS
  1
NPOCOLLECTION
  2
AcDbImpNonPersistentObjectsCollection
  3
ObjectDBX Classes
 90
   -64383
 91
        1
280
     1
281
     0
  0
CLASS
  1
SORTENTSTABLE
  2
AcDbSortentsTable
  3
ObjectDBX Classes
 90
        0
 91
        3
280
     0
281
     0
  0
CLASS
  1
ACAD_EVALUATION_GRAPH
  2
AcDbEvalGraph
  3
ObjectDBX Classes
 90
     1153
 91
        2
280
     1
281
     0
  0
CLASS
  1
ACAECUSTOBJ
  2
AcAeEditorObj
  3
AcAeEditorObj
 90
   -64512
 91
        1
280
     1
281
     0
  0
CLASS
  1
BLOCKPROPERTIESTABLE
  2
AcDbBlockPropertiesTable
  3
ObjectDBX Classes
 90
   -64383
 91
        1
280
     1
281
     0
  0
CLASS
  1
BLOCKBASEPOINTPARAMETER
  2
AcDbBlockBasepointParameter
  3
ObjectDBX Classes
 90
     1153
 91
        2
280
     1
281
     0
  0
CLASS
  1
BASEPOINTPARAMETERENTITY
  2
AcDbBlockBasepointParameterEntity
  3
ObjectDBX Classes
 90
   -64511
 91
        1
280
     1
281
     1
  0
CLASS
  1
ACAEEEMGROBJ
  2
AcAeEEMgrObj
  3
AcAeEEMgrObj
 90
   -64512
 91
        1
280
     1
281
     0
  0
CLASS
  1
ACDB_DYNAMICBLOCKPURGEPREVENTER_VERSION
  2
AcDbDynamicBlockPurgePreventer
  3
ObjectDBX Classes
 90
     1153
 91
        2
280
     1
281
     0
  0
CLASS
  1
ACDBSECTIONVIEWSTYLE
  2
AcDbSectionViewStyle
  3
ObjectDBX Classes
 90
     1025
 91
        3
280
     0
281
     0
  0
CLASS
  1
ACDBDETAILVIEWSTYLE
  2
AcDbDetailViewStyle
  3
ObjectDBX Classes
 90
     1025
 91
        3
280
     0
281
     0
  0
CLASS
  1
RAPIDRTRENDERSETTINGS
  2
AcDbRapidRTRenderSettings
  3
ObjectDBX Classes
 90
     1024
 91
        3
280
     0
281
     0
  0
CLASS
  1
ACDB_BLOCKREPRESENTATION_DATA
  2
AcDbBlockRepresentationData
  3
ObjectDBX Classes
 90
   -64383
 91
        1
280
     1
281
     0
  0
CLASS
  1
ACDBPLACEHOLDER
  2
AcDbPlaceHolder
  3
ObjectDBX Classes
 90
        0
 91
        1
280
     0
281
     0
  0
CLASS
  1
LAYOUT
  2
AcDbLayout
  3
ObjectDBX Classes
 90
        0
 91
        1
280
     0
281
     0
  0
ENDSEC
  0
SECTION
  2
TABLES
  0
TABLE
  2
VPORT
  5
8
330
0
100
AcDbSymbolTable
 70
     1
  0
VPORT
  5
19FA
330
8
100
AcDbSymbolTableRecord
100
AcDbViewportTableRecord
  2
*ACTIVE
 70
     0
 10
0.0
 20
0.0
 11
1.0
 21
1.0
 12
16.74655786071949
 22
10.0033640566426
 13
0.0
 23
0.0
 14
0.5
 24
0.5
 15
0.5
 25
0.5
 16
0.0
 26
0.0
 36
1.0
 17
0.0
 27
0.0
 37
0.0
 40
21.97415011849098
 41
1.6625
 42
50.0
 43
0.0
 44
0.0
 50
0.0
 51
0.0
 71
     0
 72
   100
 73
     1
 74
     1
 75
     0
 76
     0
 77
     0
 78
     0
281
     0
 65
     1
110
0.0
120
0.0
130
0.0
111
1.0
121
0.0
131
0.0
112
0.0
122
1.0
132
0.0
 79
     0
146
0.0
348
1A1D
 60
     3
 61
     5
292
     1
282
     1
141
0.0
142
0.0
 63
   256
1001
ACAD_NAV_VCDISPLAY
1070
     3
  0
ENDTAB
  0
TABLE
  2
LTYPE
  5
5
330
0
100
AcDbSymbolTable
 70
     5
  0
LTYPE
  5
13
330
5
100
AcDbSymbolTableRecord
100
AcDbLinetypeTableRecord
  2
BYBLOCK
 70
     0
  3

 72
    65
 73
     0
 40
0.0
  0
LTYPE
  5
14
330
5
100
AcDbSymbolTableRecord
100
AcDbLinetypeTableRecord
  2
BYLAYER
 70
     0
  3

 72
    65
 73
     0
 40
0.0
  0
LTYPE
  5
15
330
5
100
AcDbSymbolTableRecord
100
AcDbLinetypeTableRecord
  2
CONTINUOUS
 70
     0
  3
Solid line
 72
    65
 73
     0
 40
0.0
  0
LTYPE
  5
B1
330
5
100
AcDbSymbolTableRecord
100
AcDbLinetypeTableRecord
  2
CENTER
 70
     0
  3
____ _ ____ _ ____ _ ____ _ ____ _ ____ _ ____ 
 72
    65
 73
     4
 40
2.0
 49
1.25
 74
     0
 49
-0.25
 74
     0
 49
0.25
 74
     0
 49
-0.25
 74
     0
  0
LTYPE
  5
B2
330
5
100
AcDbSymbolTableRecord
100
AcDbLinetypeTableRecord
  2
HIDDEN
 70
     0
  3
__ __ __ __ __ __ __ __ __ __ __ __ __ __ __ __
 72
    65
 73
     2
 40
0.375
 49
0.25
 74
     0
 49
-0.125
 74
     0
  0
LTYPE
  5
B3
330
5
100
AcDbSymbolTableRecord
100
AcDbLinetypeTableRecord
  2
HIDDEN2
 70
     0
  3
_ _ _ _ _ _ _ _ _ _ _ _ _ _ _ _ _ _ _ _ _ _ _ _
 72
    65
 73
     2
 40
0.1875
 49
0.125
 74
     0
 49
-0.0625
 74
     0
  0
LTYPE
  5
B4
330
5
100
AcDbSymbolTableRecord
100
AcDbLinetypeTableRecord
  2
HIDOT
 70
     0
  3
-.-.-.-.-.
 72
    65
 73
     4
 40
0.5
 49
0.25
 74
     0
 49
-0.125
 74
     0
 49
0.0
 74
     0
 49
-0.125
 74
     0
  0
ENDTAB
  0
TABLE
  2
LAYER
  5
2
102
{ACAD_XDICTIONARY
360
1DAF
102
}
330
0
100
AcDbSymbolTable
 70
    47
  0
LAYER
  5
F
102
{ACAD_XDICTIONARY
360
2578
102
}
330
2
100
AcDbSymbolTableRecord
100
AcDbLayerTableRecord
  2
0
 70
     0
 62
     7
  6
CONTINUOUS
370
    -3
390
19FD
347
1A0F
348
0
  0
LAYER
  5
B5
102
{ACAD_XDICTIONARY
360
257A
102
}
330
2
100
AcDbSymbolTableRecord
100
AcDbLayerTableRecord
  2
VIG01
 70
     0
 62
     2
  6
CONTINUOUS
370
    -3
390
19FD
347
1A0F
348
0
  0
LAYER
  5
B6
102
{ACAD_XDICTIONARY
360
257C
102
}
330
2
100
AcDbSymbolTableRecord
100
AcDbLayerTableRecord
  2
EIX01
 70
     0
 62
     1
  6
CENTER
370
    -3
390
19FD
347
1A0F
348
0
  0
LAYER
  5
B7
102
{ACAD_XDICTIONARY
360
257E
102
}
330
2
100
AcDbSymbolTableRecord
100
AcDbLayerTableRecord
  2
COT01
 70
     0
 62
     1
  6
CONTINUOUS
370
    -3
390
19FD
347
1A0F
348
0
  0
LAYER
  5
B8
102
{ACAD_XDICTIONARY
360
2580
102
}
330
2
100
AcDbSymbolTableRecord
100
AcDbLayerTableRecord
  2
TXT02
 70
     0
 62
     2
  6
CONTINUOUS
370
    -3
390
19FD
347
1A0F
348
0
  0
LAYER
  5
B9
102
{ACAD_XDICTIONARY
360
2582
102
}
330
2
100
AcDbSymbolTableRecord
100
AcDbLayerTableRecord
  2
TXT05
 70
     0
 62
     4
  6
CONTINUOUS
370
    -3
390
19FD
347
1A0F
348
0
  0
LAYER
  5
BA
102
{ACAD_XDICTIONARY
360
2584
102
}
330
2
100
AcDbSymbolTableRecord
100
AcDbLayerTableRecord
  2
FERRO1
 70
     0
 62
     4
  6
CONTINUOUS
370
    -3
390
19FD
347
1A0F
348
0
  0
LAYER
  5
BB
102
{ACAD_XDICTIONARY
360
2586
102
}
330
2
100
AcDbSymbolTableRecord
100
AcDbLayerTableRecord
  2
MARGEM
 70
     0
 62
     1
  6
CONTINUOUS
370
    -3
390
19FD
347
1A0F
348
0
  0
LAYER
  5
BC
102
{ACAD_XDICTIONARY
360
2588
102
}
330
2
100
AcDbSymbolTableRecord
100
AcDbLayerTableRecord
  2
TXV05
 70
     0
 62
     4
  6
CONTINUOUS
370
    -3
390
19FD
347
1A0F
348
0
  0
LAYER
  5
BD
102
{ACAD_XDICTIONARY
360
258A
102
}
330
2
100
AcDbSymbolTableRecord
100
AcDbLayerTableRecord
  2
FUN02
 70
     0
 62
     2
  6
CONTINUOUS
370
    -3
390
19FD
347
1A0F
348
0
  0
LAYER
  5
BE
102
{ACAD_XDICTIONARY
360
258C
102
}
330
2
100
AcDbSymbolTableRecord
100
AcDbLayerTableRecord
  2
PIL01
 70
     0
 62
     4
  6
CONTINUOUS
370
    -3
390
19FD
347
1A0F
348
0
  0
LAYER
  5
C0
102
{ACAD_XDICTIONARY
360
258E
102
}
330
2
100
AcDbSymbolTableRecord
100
AcDbLayerTableRecord
  2
AUX00
 70
     0
 62
     7
  6
HIDDEN
370
    -3
390
19FD
347
1A0F
348
0
  0
LAYER
  5
C1
102
{ACAD_XDICTIONARY
360
2590
102
}
330
2
100
AcDbSymbolTableRecord
100
AcDbLayerTableRecord
  2
FUN01
 70
     0
 62
     3
  6
CONTINUOUS
370
    -3
390
19FD
347
1A0F
348
0
  0
LAYER
  5
C2
102
{ACAD_XDICTIONARY
360
2592
102
}
330
2
100
AcDbSymbolTableRecord
100
AcDbLayerTableRecord
  2
PIL02
 70
     0
 62
     6
  6
CONTINUOUS
370
    -3
390
19FD
347
1A0F
348
0
  0
LAYER
  5
14C8
102
{ACAD_XDICTIONARY
360
2594
102
}
330
2
100
AcDbSymbolTableRecord
100
AcDbLayerTableRecord
  2
01
 70
     0
 62
     1
  6
CONTINUOUS
370
    -3
390
19FD
347
1A0F
348
0
  0
LAYER
  5
14C9
102
{ACAD_XDICTIONARY
360
2596
102
}
330
2
100
AcDbSymbolTableRecord
100
AcDbLayerTableRecord
  2
02
 70
     0
 62
     2
  6
CONTINUOUS
370
    -3
390
19FD
347
1A0F
348
0
  0
LAYER
  5
14CA
102
{ACAD_XDICTIONARY
360
2598
102
}
330
2
100
AcDbSymbolTableRecord
100
AcDbLayerTableRecord
  2
03
 70
     0
 62
     3
  6
CONTINUOUS
370
    -3
390
19FD
347
1A0F
348
0
  0
LAYER
  5
14CB
102
{ACAD_XDICTIONARY
360
259A
102
}
330
2
100
AcDbSymbolTableRecord
100
AcDbLayerTableRecord
  2
04
 70
     0
 62
     4
  6
CONTINUOUS
370
    -3
390
19FD
347
1A0F
348
0
  0
LAYER
  5
14CC
102
{ACAD_XDICTIONARY
360
259C
102
}
330
2
100
AcDbSymbolTableRecord
100
AcDbLayerTableRecord
  2
05
 70
     0
 62
     5
  6
CONTINUOUS
370
    -3
390
19FD
347
1A0F
348
0
  0
LAYER
  5
14CD
102
{ACAD_XDICTIONARY
360
259E
102
}
330
2
100
AcDbSymbolTableRecord
100
AcDbLayerTableRecord
  2
06
 70
     0
 62
     6
  6
CONTINUOUS
370
    -3
390
19FD
347
1A0F
348
0
  0
LAYER
  5
14CE
102
{ACAD_XDICTIONARY
360
25A0
102
}
330
2
100
AcDbSymbolTableRecord
100
AcDbLayerTableRecord
  2
07
 70
     0
 62
   124
  6
CONTINUOUS
370
    -3
390
19FD
347
1A0F
348
0
  0
LAYER
  5
14CF
102
{ACAD_XDICTIONARY
360
25A2
102
}
330
2
100
AcDbSymbolTableRecord
100
AcDbLayerTableRecord
  2
08
 70
     0
 62
   134
  6
CONTINUOUS
370
    -3
390
19FD
347
1A0F
348
0
  0
LAYER
  5
14D0
102
{ACAD_XDICTIONARY
360
25A4
102
}
330
2
100
AcDbSymbolTableRecord
100
AcDbLayerTableRecord
  2
09
 70
     0
 62
   144
  6
CONTINUOUS
370
    -3
390
19FD
347
1A0F
348
0
  0
LAYER
  5
14D1
102
{ACAD_XDICTIONARY
360
25A6
102
}
330
2
100
AcDbSymbolTableRecord
100
AcDbLayerTableRecord
  2
10
 70
     0
 62
    20
  6
CONTINUOUS
370
    -3
390
19FD
347
1A0F
348
0
  0
LAYER
  5
14D2
102
{ACAD_XDICTIONARY
360
25A8
102
}
330
2
100
AcDbSymbolTableRecord
100
AcDbLayerTableRecord
  2
TXV03
 70
     0
 62
     2
  6
CONTINUOUS
370
    -3
390
19FD
347
1A0F
348
0
  0
LAYER
  5
14D3
102
{ACAD_XDICTIONARY
360
25AA
102
}
330
2
100
AcDbSymbolTableRecord
100
AcDbLayerTableRecord
  2
TXL02
 70
     0
 62
     2
  6
CONTINUOUS
370
    -3
390
19FD
347
1A0F
348
0
  0
LAYER
  5
14D4
102
{ACAD_XDICTIONARY
360
25AC
102
}
330
2
100
AcDbSymbolTableRecord
100
AcDbLayerTableRecord
  2
TXC02
 70
     0
 62
     2
  6
CONTINUOUS
370
    -3
390
19FD
347
1A0F
348
0
  0
LAYER
  5
14D5
102
{ACAD_XDICTIONARY
360
25AE
102
}
330
2
100
AcDbSymbolTableRecord
100
AcDbLayerTableRecord
  2
PAR01
 70
     0
 62
     1
  6
HIDDEN
370
    -3
390
19FD
347
1A0F
348
0
  0
LAYER
  5
14D7
102
{ACAD_XDICTIONARY
360
25B0
102
}
330
2
100
AcDbSymbolTableRecord
100
AcDbLayerTableRecord
  2
TXL05
 70
     0
 62
     4
  6
CONTINUOUS
370
    -3
390
19FD
347
1A0F
348
0
  0
LAYER
  5
14D8
102
{ACAD_XDICTIONARY
360
25B2
102
}
330
2
100
AcDbSymbolTableRecord
100
AcDbLayerTableRecord
  2
VIG02
 70
     0
 62
     3
  6
CONTINUOUS
370
    -3
390
19FD
347
1A0F
348
0
  0
LAYER
  5
1527
102
{ACAD_XDICTIONARY
360
25B4
102
}
330
2
100
AcDbSymbolTableRecord
100
AcDbLayerTableRecord
  2
LOGO
 70
     0
 62
     7
  6
CONTINUOUS
370
    -3
390
19FD
347
1A0F
348
0
  0
LAYER
  5
195E
330
2
100
AcDbSymbolTableRecord
100
AcDbLayerTableRecord
  2
DEFPOINTS
 70
     0
 62
     7
  6
CONTINUOUS
290
     0
370
    -3
390
19FD
347
1A0F
348
0
  0
LAYER
  5
1DC1
102
{ACAD_XDICTIONARY
360
25B6
102
}
330
2
100
AcDbSymbolTableRecord
100
AcDbLayerTableRecord
  2
AUX01
 70
     0
 62
     1
  6
CONTINUOUS
370
    -3
390
19FD
347
1A0F
348
0
1001
AcAecLayerStandard
1000

1000

  0
LAYER
  5
1DC3
102
{ACAD_XDICTIONARY
360
25B8
102
}
330
2
100
AcDbSymbolTableRecord
100
AcDbLayerTableRecord
  2
HATCH
 70
     0
 62
     7
  6
CONTINUOUS
370
    -3
390
19FD
347
1A0F
348
0
1001
AcAecLayerStandard
1000

1000

  0
LAYER
  5
1DC4
102
{ACAD_XDICTIONARY
360
25BA
102
}
330
2
100
AcDbSymbolTableRecord
100
AcDbLayerTableRecord
  2
FERRO2
 70
     0
 62
     5
  6
CONTINUOUS
370
    -3
390
19FD
347
1A0F
348
0
1001
AcAecLayerStandard
1000

1000

  0
LAYER
  5
21F3
102
{ACAD_XDICTIONARY
360
25C0
102
}
330
2
100
AcDbSymbolTableRecord
100
AcDbLayerTableRecord
  2
PIL03
 70
     0
 62
     5
  6
CONTINUOUS
370
    -3
390
19FD
347
1A0F
348
0
1001
AcAecLayerStandard
1000

1000

  0
LAYER
  5
249A
102
{ACAD_XDICTIONARY
360
25C2
102
}
330
2
100
AcDbSymbolTableRecord
100
AcDbLayerTableRecord
  2
11
 70
     0
 62
    40
  6
CONTINUOUS
370
    -3
390
19FD
347
1A0F
348
0
  0
LAYER
  5
249B
102
{ACAD_XDICTIONARY
360
25C4
102
}
330
2
100
AcDbSymbolTableRecord
100
AcDbLayerTableRecord
  2
12
 70
     0
 62
   180
  6
CONTINUOUS
370
    -3
390
19FD
347
1A0F
348
0
1001
AcAecLayerStandard
1000

1000

  0
LAYER
  5
24C7
102
{ACAD_XDICTIONARY
360
25C6
102
}
330
2
100
AcDbSymbolTableRecord
100
AcDbLayerTableRecord
  2
TXP02
 70
     0
 62
     2
  6
CONTINUOUS
370
    -3
390
19FD
347
1A0F
348
0
1001
AcAecLayerStandard
1000

1000

1001
AcCmTransparency
1071
        0
  0
LAYER
  5
24C9
102
{ACAD_XDICTIONARY
360
25C8
102
}
330
2
100
AcDbSymbolTableRecord
100
AcDbLayerTableRecord
  2
TXP05
 70
     0
 62
     4
  6
CONTINUOUS
370
    -3
390
19FD
347
1A0F
348
0
1001
AcAecLayerStandard
1000

1000

1001
AcCmTransparency
1071
        0
  0
LAYER
  5
24CA
102
{ACAD_XDICTIONARY
360
25CA
102
}
330
2
100
AcDbSymbolTableRecord
100
AcDbLayerTableRecord
  2
TXPR03
 70
     0
 62
     3
  6
CONTINUOUS
370
    -3
390
19FD
347
1A0F
348
0
1001
AcAecLayerStandard
1000

1000

1001
AcCmTransparency
1071
        0
  0
LAYER
  5
24CB
102
{ACAD_XDICTIONARY
360
25CC
102
}
330
2
100
AcDbSymbolTableRecord
100
AcDbLayerTableRecord
  2
13
 70
     0
 62
   196
  6
CONTINUOUS
370
    -3
390
19FD
347
1A0F
348
0
1001
AcAecLayerStandard
1000

1000

1001
AcCmTransparency
1071
        0
  0
LAYER
  5
2577
102
{ACAD_XDICTIONARY
360
25CE
102
}
330
2
100
AcDbSymbolTableRecord
100
AcDbLayerTableRecord
  2
CORTE
 70
     0
 62
     4
  6
CONTINUOUS
370
    -3
390
19FD
347
1A0F
348
0
1001
AcAecLayerStandard
1000

1000

1001
AcCmTransparency
1071
        0
  0
LAYER
  5
25E5
102
{ACAD_XDICTIONARY
360
25E6
102
}
330
2
100
AcDbSymbolTableRecord
100
AcDbLayerTableRecord
  2
ESQUADRIA
 70
     0
 62
     5
  6
HIDDEN
370
    -3
390
19FD
347
1A0F
348
0
  0
LAYER
  5
2704
102
{ACAD_XDICTIONARY
360
28CB
102
}
330
2
100
AcDbSymbolTableRecord
100
AcDbLayerTableRecord
  2
VISTA
 70
     0
 62
   252
  6
CONTINUOUS
370
    -3
390
19FD
347
1A0F
348
0
1001
AcAecLayerStandard
1000

1000

  0
LAYER
  5
27A6
102
{ACAD_XDICTIONARY
360
28CD
102
}
330
2
100
AcDbSymbolTableRecord
100
AcDbLayerTableRecord
  2
TERRENO
 70
     0
 62
     3
  6
CONTINUOUS
370
    -3
390
19FD
347
1A0F
348
0
1001
AcAecLayerStandard
1000

1000

  0
LAYER
  5
27E9
102
{ACAD_XDICTIONARY
360
28CF
102
}
330
2
100
AcDbSymbolTableRecord
100
AcDbLayerTableRecord
  2
SHAFT
 70
     0
 62
     1
  6
HIDDEN
370
    -3
390
19FD
347
1A0F
348
0
1001
AcAecLayerStandard
1000

1000

  0
ENDTAB
  0
TABLE
  2
STYLE
  5
3
330
0
100
AcDbSymbolTable
 70
     9
  0
STYLE
  5
10
330
3
100
AcDbSymbolTableRecord
100
AcDbTextStyleTableRecord
  2
STANDARD
 70
     0
 40
0.0
 41
1.0
 50
0.0
 71
     0
 42
0.2
  3
romans.shx
  4

  0
STYLE
  5
4C
330
3
100
AcDbSymbolTableRecord
100
AcDbTextStyleTableRecord
  2
ROMANS
 70
     0
 40
0.0
 41
1.0
 50
0.0
 71
     0
 42
0.2
  3
romans.shx
  4

  0
STYLE
  5
4D
330
3
100
AcDbSymbolTableRecord
100
AcDbTextStyleTableRecord
  2
ROMANT
 70
     0
 40
0.0
 41
1.0
 50
0.0
 71
     0
 42
0.2
  3
ROMANT.SHX
  4

  0
STYLE
  5
4E
330
3
100
AcDbSymbolTableRecord
100
AcDbTextStyleTableRecord
  2
MONOTXT
 70
     0
 40
0.0
 41
1.0
 50
0.0
 71
     0
 42
0.2
  3
MONOTXT.SHX
  4

  0
STYLE
  5
C3
330
3
100
AcDbSymbolTableRecord
100
AcDbTextStyleTableRecord
  2
SANSSERIF
 70
     0
 40
0.0
 41
1.0
 50
0.0
 71
     0
 42
0.4
  3
sanss___.ttf
  4

1001
ACAD
1000
SansSerif
1071
      514
  0
STYLE
  5
C4
330
3
100
AcDbSymbolTableRecord
100
AcDbTextStyleTableRecord
  2
ITALICC
 70
     0
 40
0.0
 41
1.0
 50
0.0
 71
     0
 42
0.2
  3
italicc
  4

  0
STYLE
  5
1516
330
3
100
AcDbSymbolTableRecord
100
AcDbTextStyleTableRecord
  2
ARIAL
 70
     0
 40
0.0
 41
1.0
 50
0.0
 71
     0
 42
0.2
  3
arial.ttf
  4

1001
ACAD
1000
Arial
1071
       34
  0
STYLE
  5
223F
330
3
100
AcDbSymbolTableRecord
100
AcDbTextStyleTableRecord
  2
Amerika Sans
 70
     0
 40
0.0
 41
1.0
 50
0.0
 71
     0
 42
0.2
  3

  4

1001
ACAD
1000
Amerika Sans
1071
       34
  0
STYLE
  5
2509
330
3
100
AcDbSymbolTableRecord
100
AcDbTextStyleTableRecord
  2
SIMPLEX
 70
     0
 40
0.0
 41
1.0
 50
0.0
 71
     0
 42
0.2
  3
SIMPLEX
  4

  0
ENDTAB
  0
TABLE
  2
VIEW
  5
6
330
0
100
AcDbSymbolTable
 70
     0
  0
ENDTAB
  0
TABLE
  2
UCS
  5
7
330
0
100
AcDbSymbolTable
 70
     0
  0
ENDTAB
  0
TABLE
  2
APPID
  5
9
330
0
100
AcDbSymbolTable
 70
    20
  0
APPID
  5
11
330
9
100
AcDbSymbolTableRecord
100
AcDbRegAppTableRecord
  2
ACAD
 70
     0
  0
APPID
  5
1A4F
330
9
100
AcDbSymbolTableRecord
100
AcDbRegAppTableRecord
  2
ACAD_MLEADERVER
 70
     0
  0
APPID
  5
1B0B
330
9
100
AcDbSymbolTableRecord
100
AcDbRegAppTableRecord
  2
ACAD_EXEMPT_FROM_CAD_STANDARDS
 70
     0
  0
APPID
  5
1C4E
330
9
100
AcDbSymbolTableRecord
100
AcDbRegAppTableRecord
  2
ACAUTHENVIRON
 70
     0
  0
APPID
  5
1C53
330
9
100
AcDbSymbolTableRecord
100
AcDbRegAppTableRecord
  2
AcadBPTGraphNodeId
 70
     0
  0
APPID
  5
1DAB
330
9
100
AcDbSymbolTableRecord
100
AcDbRegAppTableRecord
  2
AcadAnnoPO
 70
     0
  0
APPID
  5
1DC2
330
9
100
AcDbSymbolTableRecord
100
AcDbRegAppTableRecord
  2
AcAecLayerStandard
 70
     0
  0
APPID
  5
1DFA
330
9
100
AcDbSymbolTableRecord
100
AcDbRegAppTableRecord
  2
ACAD_DSTYLE_DIMJAG
 70
     0
  0
APPID
  5
1DFB
330
9
100
AcDbSymbolTableRecord
100
AcDbRegAppTableRecord
  2
ACAD_DSTYLE_DIMBREAK
 70
     0
  0
APPID
  5
1DFC
330
9
100
AcDbSymbolTableRecord
100
AcDbRegAppTableRecord
  2
ACAD_DSTYLE_DIMTALN
 70
     0
  0
APPID
  5
2315
330
9
100
AcDbSymbolTableRecord
100
AcDbRegAppTableRecord
  2
AcDbDynamicBlockTrueName
 70
     0
  0
APPID
  5
2316
330
9
100
AcDbSymbolTableRecord
100
AcDbRegAppTableRecord
  2
AcDbDynamicBlockGUID
 70
     0
  0
APPID
  5
2318
330
9
100
AcDbSymbolTableRecord
100
AcDbRegAppTableRecord
  2
AcDbBlockRepETag
 70
     0
  0
APPID
  5
24BB
330
9
100
AcDbSymbolTableRecord
100
AcDbRegAppTableRecord
  2
ACAD_NAV_VCDISPLAY
 70
     0
  0
APPID
  5
24C8
330
9
100
AcDbSymbolTableRecord
100
AcDbRegAppTableRecord
  2
AcCmTransparency
 70
     0
  0
APPID
  5
250F
330
9
100
AcDbSymbolTableRecord
100
AcDbRegAppTableRecord
  2
AcadAnnotative
 70
     0
  0
APPID
  5
25D0
330
9
100
AcDbSymbolTableRecord
100
AcDbRegAppTableRecord
  2
ACAD_PSEXT
 70
     0
  0
APPID
  5
2705
330
9
100
AcDbSymbolTableRecord
100
AcDbRegAppTableRecord
  2
GradientColor1ACI
 70
     0
  0
APPID
  5
2706
330
9
100
AcDbSymbolTableRecord
100
AcDbRegAppTableRecord
  2
GradientColor2ACI
 70
     0
  0
APPID
  5
2707
330
9
100
AcDbSymbolTableRecord
100
AcDbRegAppTableRecord
  2
AcDbBlockRepBTag
 70
     0
  0
ENDTAB
  0
TABLE
  2
DIMSTYLE
  5
A
330
0
100
AcDbSymbolTable
 70
    10
100
AcDbDimStyleTable
  0
DIMSTYLE
105
1687
330
A
100
AcDbSymbolTableRecord
100
AcDbDimStyleTableRecord
  2
ISO-25
 70
     0
 41
2.5
 42
0.625
 43
3.75
 44
1.25
 73
     0
 74
     0
 77
     1
 78
     8
140
2.5
141
2.5
143
0.0394
147
0.625
171
     4
172
     1
178
     0
273
     8
274
     4
277
     6
340
10
  0
DIMSTYLE
105
1F1D
330
A
100
AcDbSymbolTableRecord
100
AcDbDimStyleTableRecord
  2
STR_F100
 70
     0
 41
0.2
 42
0.1
 43
1.0
 44
0.2
 45
0.5
 73
     0
 74
     0
 77
     1
 78
     8
 79
     2
140
0.2
141
0.2
143
0.0394
144
100.0
147
0.1
171
     4
172
     1
176
   256
177
   256
271
     1
178
     3
271
     1
272
     1
273
     8
274
     4
279
     1
340
10
341
1F12
342
9E
1001
ACAD_DSTYLE_DIMBREAK
1070
   391
1040
10.0
1001
ACAD_DSTYLE_DIMJAG
1070
   388
1040
0.1
1001
ACAD_DSTYLE_DIMTALN
1070
   392
1070
     0
  0
DIMSTYLE
105
1FBA
330
A
100
AcDbSymbolTableRecord
100
AcDbDimStyleTableRecord
  2
STR_F50
 70
     0
 41
0.1
 42
0.05
 43
0.5
 44
0.1
 45
0.5
 73
     0
 74
     0
 77
     1
 78
     8
 79
     2
140
0.1
141
0.1
143
0.0394
144
100.0
147
0.1
171
     4
172
     1
176
   256
177
   256
271
     1
178
     3
271
     1
272
     1
273
     8
274
     4
279
     1
340
10
341
1F12
342
1F86
1001
ACAD_DSTYLE_DIMBREAK
1070
   391
1040
10.0
1001
ACAD_DSTYLE_DIMJAG
1070
   388
1040
0.1
1001
ACAD_DSTYLE_DIMTALN
1070
   392
1070
     0
  0
DIMSTYLE
105
1FD5
330
A
100
AcDbSymbolTableRecord
100
AcDbDimStyleTableRecord
  2
STR_F75
 70
     0
 41
0.15
 42
0.075
 43
0.75
 44
0.15
 45
0.5
 73
     0
 74
     0
 77
     1
 78
     8
 79
     2
140
0.15
141
0.15
143
0.0394
144
100.0
147
0.1
171
     4
172
     1
176
   256
177
   256
271
     1
178
     3
271
     1
272
     1
273
     8
274
     4
279
     1
340
10
341
1F12
342
1F86
1001
ACAD_DSTYLE_DIMBREAK
1070
   391
1040
10.0
1001
ACAD_DSTYLE_DIMJAG
1070
   388
1040
0.1
1001
ACAD_DSTYLE_DIMTALN
1070
   392
1070
     0
  0
DIMSTYLE
105
2082
330
A
100
AcDbSymbolTableRecord
100
AcDbDimStyleTableRecord
  2
STR_F25
 70
     0
 41
0.05
 42
0.025
 43
0.25
 44
0.05
 45
0.5
 73
     0
 74
     0
 77
     1
 78
     8
 79
     2
140
0.05
141
0.05
143
0.0394
144
100.0
147
0.05
171
     4
172
     1
176
   256
177
   256
271
     1
178
     3
271
     1
272
     1
273
     8
274
     4
279
     1
340
10
341
1F12
342
1F86
1001
ACAD_DSTYLE_DIMBREAK
1070
   391
1040
10.0
1001
ACAD_DSTYLE_DIMJAG
1070
   388
1040
0.1
1001
ACAD_DSTYLE_DIMTALN
1070
   392
1070
     0
  0
DIMSTYLE
105
250A
330
A
100
AcDbSymbolTableRecord
100
AcDbDimStyleTableRecord
  2
STANDARD
 70
     0
 40
0.0
 41
0.2
 43
0.0
 45
0.5
 73
     0
 74
     0
 77
     1
 78
    13
140
0.2
141
0.1
144
100.0
147
0.1
173
     1
174
     1
271
     1
178
     3
271
     1
272
     2
284
    13
340
4C
341
9E
343
9E
344
9E
  0
DIMSTYLE
105
250B
330
A
100
AcDbSymbolTableRecord
100
AcDbDimStyleTableRecord
  2
ZW-FORMAS
 70
     0
 40
0.0
 41
0.1
 43
0.0
 45
0.5
 73
     0
 74
     0
 77
     1
 78
    13
140
0.2
141
0.1
144
100.0
147
0.1
172
     1
173
     1
174
     1
271
     1
178
     3
271
     1
272
     2
284
    13
340
2509
341
24CC
343
24CC
344
24CC
1001
AcadAnnotative
1000
AnnotativeData
1002
{
1070
     1
1070
     0
1002
}
  0
DIMSTYLE
105
250C
330
A
100
AcDbSymbolTableRecord
100
AcDbDimStyleTableRecord
  2
STANDARDxxx
 70
     0
 40
0.0
 41
0.05
 43
0.0
 44
0.045
 45
0.5
 73
     0
 74
     0
 77
     1
 78
    13
140
0.05
141
0.1
144
100.0
147
0.015
173
     1
174
     1
271
     1
178
     3
271
     1
272
     1
284
    13
340
4C
341
9E
343
9E
344
9E
1001
ACAD_DSTYLE_DIMJAG
1070
   388
1040
1.5
1001
ACAD_DSTYLE_DIMTALN
1070
   392
1070
     0
  0
DIMSTYLE
105
250D
330
A
100
AcDbSymbolTableRecord
100
AcDbDimStyleTableRecord
  2
ARM
 70
     0
  3
TX c/15
 40
0.0
 41
0.1
 43
0.0
 44
0.045
 73
     0
 74
     0
 77
     1
 78
    13
140
0.05
141
0.1
144
6.66666667
147
0.015
174
     1
271
     0
178
     3
271
     0
272
     0
284
    13
340
4C
341
24D3
342
24D3
1001
ACAD_DSTYLE_DIMBREAK
1070
   391
1040
0.125
1001
ACAD_DSTYLE_DIMJAG
1070
   388
1040
1.5
1001
ACAD_DSTYLE_DIMTALN
1070
   392
1070
     0
  0
DIMSTYLE
105
250E
330
A
100
AcDbSymbolTableRecord
100
AcDbDimStyleTableRecord
  2
ARM-LAJE
 70
     0
  3
NX c/15
 40
0.0
 41
0.1
 43
0.0
 45
0.5
 48
0.000000001
 73
     0
 74
     0
 75
     1
 76
     1
 77
     1
 78
     1
140
0.1
141
0.1
144
6.667000000000001
147
0.015
174
     1
271
     0
178
     2
271
     0
272
     0
284
    13
340
4C
341
24D3
342
24D3
1001
ACAD_DSTYLE_DIMBREAK
1070
   391
1040
0.125
1001
ACAD_DSTYLE_DIMJAG
1070
   388
1040
0.5
1001
ACAD_DSTYLE_DIMTALN
1070
   392
1070
     0
  0
ENDTAB
  0
TABLE
  2
BLOCK_RECORD
  5
1
330
0
100
AcDbSymbolTable
 70
    14
  0
BLOCK_RECORD
  5
19
102
{ACAD_XDICTIONARY
360
1B09
102
}
330
1
100
AcDbSymbolTableRecord
100
AcDbBlockTableRecord
  2
*MODEL_SPACE
340
1A52
 70
     0
280
     1
281
     0
  0
BLOCK_RECORD
  5
16
330
1
100
AcDbSymbolTableRecord
100
AcDbBlockTableRecord
  2
*PAPER_SPACE
340
1A53
 70
     0
280
     1
281
     0
  0
BLOCK_RECORD
  5
9E
330
1
100
AcDbSymbolTableRecord
100
AcDbBlockTableRecord
  2
DE2
340
0
 70
     0
280
     1
281
     0
  0
BLOCK_RECORD
  5
1F12
330
1
100
AcDbSymbolTableRecord
100
AcDbBlockTableRecord
  2
_None
340
0
 70
     0
280
     1
281
     0
  0
BLOCK_RECORD
  5
1F86
330
1
100
AcDbSymbolTableRecord
100
AcDbBlockTableRecord
  2
_Origin2
340
0
 70
     0
280
     1
281
     0
  0
BLOCK_RECORD
  5
24CC
102
{ACAD_XDICTIONARY
360
24CD
102
}
330
1
100
AcDbSymbolTableRecord
100
AcDbBlockTableRecord
  2
_DOT
340
0
310
2800000020000000200000000100080000000000000400000000000000000000000000000000000000000000000080000080000000808000800000008000800080800000C0C0C000C0DCC000F0CAA6000020400000206000002080000020A0000020C0000020E00000400000004020000040400000406000004080000040A0
310
000040C0000040E00000600000006020000060400000606000006080000060A0000060C0000060E00000800000008020000080400000806000008080000080A0000080C0000080E00000A0000000A0200000A0400000A0600000A0800000A0A00000A0C00000A0E00000C0000000C0200000C0400000C0600000C0800000C0
310
A00000C0C00000C0E00000E0000000E0200000E0400000E0600000E0800000E0A00000E0C00000E0E00040000000400020004000400040006000400080004000A0004000C0004000E00040200000402020004020400040206000402080004020A0004020C0004020E000404000004040200040404000404060004040800040
310
40A0004040C0004040E00040600000406020004060400040606000406080004060A0004060C0004060E00040800000408020004080400040806000408080004080A0004080C0004080E00040A0000040A0200040A0400040A0600040A0800040A0A00040A0C00040A0E00040C0000040C0200040C0400040C0600040C08000
310
40C0A00040C0C00040C0E00040E0000040E0200040E0400040E0600040E0800040E0A00040E0C00040E0E00080000000800020008000400080006000800080008000A0008000C0008000E00080200000802020008020400080206000802080008020A0008020C0008020E00080400000804020008040400080406000804080
310
008040A0008040C0008040E00080600000806020008060400080606000806080008060A0008060C0008060E00080800000808020008080400080806000808080008080A0008080C0008080E00080A0000080A0200080A0400080A0600080A0800080A0A00080A0C00080A0E00080C0000080C0200080C0400080C0600080C0
310
800080C0A00080C0C00080C0E00080E0000080E0200080E0400080E0600080E0800080E0A00080E0C00080E0E000C0000000C0002000C0004000C0006000C0008000C000A000C000C000C000E000C0200000C0202000C0204000C0206000C0208000C020A000C020C000C020E000C0400000C0402000C0404000C0406000C0
310
408000C040A000C040C000C040E000C0600000C0602000C0604000C0606000C0608000C060A000C060C000C060E000C0800000C0802000C0804000C0806000C0808000C080A000C080C000C080E000C0A00000C0A02000C0A04000C0A06000C0A08000C0A0A000C0A0C000C0A0E000C0C00000C0C02000C0C04000C0C06000
310
C0C08000C0C0A000F0FBFF00A4A0A000808080000000FF0000FF000000FFFF00FF000000FF00FF00FFFF0000FFFFFF0000000000000000000000000000000000000000000000000000000000000000000000000000000000000000000000000000000000000000000000000000000000000000000000000000000000000000
310
00000000000000000000000000000000000000000000000000000000000000000000000000000000000000000000000000000000000000000000000000000000000000000000000000000000000000000000000000000000000000000000000000000000000000000000000000000000000000000000000000000000000000
310
00000000000000000000000000000000000000000000000000000000000000000000000000000000000000000000000000000000000000000000000000000000000000000000000000000000000000000000000000000000000000000000000000000000000000000000000000000000000000000000000000000000000000
310
00000000000000000000000000000000000000000000000000000000000000000000000000000000000000000000000000000000000000000000000000000000000000000000000000000000000000000000000000000000000000000000000000000000000000000000000000000000000000000000000000000000000000
310
0000000000000000000000000000000000000000000000000000000000000000000000000000000000000000000000000000000000FFFFFFFFFFFFFFFFFFFFFFFFFF00000000000000000000000000000000000000000000000000000000000000000000000000000000000000000000000000000000000000000000000000
310
00000000000000000000000000000000000000000000000000000000000000000000000000000000000000000000000000000000000000000000000000000000000000000000000000000000000000000000000000000000000000000000000000000000000000000000000000000000000000000000000000000000000000
310
00000000000000000000000000000000000000000000000000000000000000000000000000000000000000000000000000000000000000000000000000000000000000000000000000000000000000000000000000000000000000000000000000000000000000000000000000000000000000000000000000000000000000
310
00000000000000000000000000000000000000000000000000000000000000000000000000000000000000000000000000000000000000000000000000000000000000000000000000000000000000000000000000000000000000000000000000000000000000000000000000000000000000000000000000000000000000
310
0000000000000000000000000000000000000000000000000000000000000000000000000000000000000000000000000000000000000000
 70
     0
280
     1
281
     0
  0
BLOCK_RECORD
  5
24D3
102
{ACAD_XDICTIONARY
360
24D4
102
}
330
1
100
AcDbSymbolTableRecord
100
AcDbBlockTableRecord
  2
SETA
340
0
310
2800000020000000200000000100080000000000000400000000000000000000000000000000000000000000000080000080000000808000800000008000800080800000C0C0C000C0DCC000F0CAA6000020400000206000002080000020A0000020C0000020E00000400000004020000040400000406000004080000040A0
310
000040C0000040E00000600000006020000060400000606000006080000060A0000060C0000060E00000800000008020000080400000806000008080000080A0000080C0000080E00000A0000000A0200000A0400000A0600000A0800000A0A00000A0C00000A0E00000C0000000C0200000C0400000C0600000C0800000C0
310
A00000C0C00000C0E00000E0000000E0200000E0400000E0600000E0800000E0A00000E0C00000E0E00040000000400020004000400040006000400080004000A0004000C0004000E00040200000402020004020400040206000402080004020A0004020C0004020E000404000004040200040404000404060004040800040
310
40A0004040C0004040E00040600000406020004060400040606000406080004060A0004060C0004060E00040800000408020004080400040806000408080004080A0004080C0004080E00040A0000040A0200040A0400040A0600040A0800040A0A00040A0C00040A0E00040C0000040C0200040C0400040C0600040C08000
310
40C0A00040C0C00040C0E00040E0000040E0200040E0400040E0600040E0800040E0A00040E0C00040E0E00080000000800020008000400080006000800080008000A0008000C0008000E00080200000802020008020400080206000802080008020A0008020C0008020E00080400000804020008040400080406000804080
310
008040A0008040C0008040E00080600000806020008060400080606000806080008060A0008060C0008060E00080800000808020008080400080806000808080008080A0008080C0008080E00080A0000080A0200080A0400080A0600080A0800080A0A00080A0C00080A0E00080C0000080C0200080C0400080C0600080C0
310
800080C0A00080C0C00080C0E00080E0000080E0200080E0400080E0600080E0800080E0A00080E0C00080E0E000C0000000C0002000C0004000C0006000C0008000C000A000C000C000C000E000C0200000C0202000C0204000C0206000C0208000C020A000C020C000C020E000C0400000C0402000C0404000C0406000C0
310
408000C040A000C040C000C040E000C0600000C0602000C0604000C0606000C0608000C060A000C060C000C060E000C0800000C0802000C0804000C0806000C0808000C080A000C080C000C080E000C0A00000C0A02000C0A04000C0A06000C0A08000C0A0A000C0A0C000C0A0E000C0C00000C0C02000C0C04000C0C06000
310
C0C08000C0C0A000F0FBFF00A4A0A000808080000000FF0000FF000000FFFF00FF000000FF00FF00FFFF0000FFFFFF0000000000000000000000000000000000000000000000000000000000000000000000000000000000000000000000000000000000000000000000000000000000000000000000000000000000000000
310
00000000000000000000000000000000000000000000000000000000000000000000000000000000000000000000000000000000000000000000000000000000000000000000000000000000000000000000000000000000000000000000000000000000000000000000000000000000000000000000000000000000000000
310
00000000000000000000000000000000000000000000000000000000000000000000000000000000000000000000000000000000000000000000000000000000000000000000000000000000000000000000000000000000000000000000000000000000000000000000000000000000000000000000000000000000000000
310
00000000000000000000000000000000000000000000000000000000000000000000000000000000000000000000000000000000000000000000000000000000000000000000000000000000000000000000000000000000000000000000000000000000000000000000000000000000000000000000000000000000000000
310
0000000000000000000000000000000000000000000000000000000000000000000000000000000000000000000000000000000000FEFEFEFEFEFEFEFEFEFEFEFEFEFEFEFEFEFEFEFEFEFEFEFEFEFEFEFEFEFE0000000000000000000000000000000000000000000000000000000000000000000000000000000000000000
310
00000000000000000000000000000000000000000000000000000000000000000000000000000000000000000000000000000000000000000000000000000000000000000000000000000000000000000000000000000000000000000000000000000000000000000000000000000000000000000000000000000000000000
310
00000000000000000000000000000000000000000000000000000000000000000000000000000000000000000000000000000000000000000000000000000000000000000000000000000000000000000000000000000000000000000000000000000000000000000000000000000000000000000000000000000000000000
310
00000000000000000000000000000000000000000000000000000000000000000000000000000000000000000000000000000000000000000000000000000000000000000000000000000000000000000000000000000000000000000000000000000000000000000000000000000000000000000000000000000000000000
310
0000000000000000000000000000000000000000000000000000000000000000000000000000000000000000000000000000000000000000
 70
     6
280
     1
281
     1
1001
AcDbBlockRepETag
1070
     1
1071
        1
1001
AcDbDynamicBlockTrueName
1000
SETA
1001
AcDbDynamicBlockGUID
1000
{2CE2E44F-EF23-914C-952A-CF4D08066208}
1001
ACAD
1000
DesignCenter Data
1002
{
1070
     1
1070
     6
1002
}
  0
BLOCK_RECORD
  5
271C
330
1
100
AcDbSymbolTableRecord
100
AcDbBlockTableRecord
  2
NIVD
340
0
 70
     0
280
     1
281
     0
  0
BLOCK_RECORD
  5
2735
330
1
100
AcDbSymbolTableRecord
100
AcDbBlockTableRecord
  2
crT4
340
0
 70
     0
280
     1
281
     0
  0
BLOCK_RECORD
  5
2740
330
1
100
AcDbSymbolTableRecord
100
AcDbBlockTableRecord
  2
crT2
340
0
 70
     0
280
     1
281
     0
  0
BLOCK_RECORD
  5
275D
330
1
100
AcDbSymbolTableRecord
100
AcDbBlockTableRecord
  2
crT1
340
0
 70
     0
280
     1
281
     0
  0
BLOCK_RECORD
  5
277A
330
1
100
AcDbSymbolTableRecord
100
AcDbBlockTableRecord
  2
MAR-A1max
340
0
 70
     0
280
     1
281
     0
  0
BLOCK_RECORD
  5
27AF
330
1
100
AcDbSymbolTableRecord
100
AcDbBlockTableRecord
  2
MAR-A1ext
340
0
 70
     0
280
     1
281
     0
  0
BLOCK_RECORD
  5
27F4
330
1
100
AcDbSymbolTableRecord
100
AcDbBlockTableRecord
  2
MAR-A1
340
0
 70
     0
280
     1
281
     0
  0
BLOCK_RECORD
  5
2830
330
1
100
AcDbSymbolTableRecord
100
AcDbBlockTableRecord
  2
MAR-A2
340
0
310
28000000200000002000000001002000000000000010000001000000010000000000000000000000000000FF000000FF000000FF000000FF000000FF000000FF000000FF000000FF000000FF000000FF000000FF000000FF000000FF000000FF000000FF000000FF000000FF000000FF000000FF000000FF000000FF000000
310
FF000000FF000000FF000000FF000000FF000000FF000000FF000000FF000000FF000000FF000000FF000000FF000000FF000000FF000000FF000000FF000000FF000000FF000000FF000000FF000000FF000000FF000000FF000000FF000000FF000000FF000000FF000000FF000000FF000000FF000000FF000000FF0000
310
00FF000000FF000000FF000000FF000000FF000000FF000000FF000000FF000000FF000000FF000000FF000000FF000000FF000000FF000000FF000000FF000000FF000000FF000000FF000000FF000000FF000000FF000000FF000000FF000000FF000000FF000000FF000000FF000000FF000000FF000000FF000000FF00
310
0000FF000000FF000000FF000000FF000000FF000000FF000000FF000000FF000000FF000000FF000000FF000000FF000000FF000000FF000000FF000000FF000000FF000000FF000000FF000000FF000000FF000000FF000000FF000000FF000000FF000000FF000000FF000000FF000000FF000000FF000000FF000000FF
310
000000FF000000FF000000FF000000FF000000FF000000FF000000FF000000FF000000FF000000FF000000FF000000FF000000FF000000FF000000FF000000FF000000FF000000FF000000FF000000FF000000FF000000FF000000FF000000FF000000FF000000FF000000FF000000FF000000FF000000FF000000FF000000
310
FF000000FF000000FF000000FF000000FF000000FF000000FF000000FF000000FF000000FF000000FF000000FF000000FF000000FF000000FF000000FF000000FF000000FF000000FF000000FF000000FF000000FF000000FF000000FF000000FF000000FF000000FF000000FF000000FF000000FF000000FF000000FF0000
310
00FF000000FF000000FF000000FF000000FF000000FF000000FF000000FF000000FF000000FF000000FF000000FF000000FF00FFFFFF00FFFFFFFF00FFFFFF00FFFFFF00FFFFFF00FFFFFF00FFFFFF00FFFFFF00FFFFFF00FFFFFF00FFFFFF00FFFFFF00FFFFFF00FFFFFF00FFFFFF00FFFFFF00FFFFFF00FFFFFF00FFFFFF
310
00FFFFFF00FFFFFF00FFFFFF00FFFFFF00FFFFFF00FFFFFF00FFFFFF00FFFFFF00FFFFFF00FFFF00FFFFFF000000FF000000FF00FFFFFF00FFFFFFFF00FFFF000000FF000000FF000000FF000000FF000000FF000000FF000000FF000000FF000000FF000000FF000000FF000000FF000000FF000000FF000000FF000000FF
310
000000FF000000FF000000FF000000FF000000FF000000FF000000FF000000FF000000FFFF00FFFF00FFFFFF000000FF000000FF00FFFFFF00FFFFFFFF00FFFF000000FF000000FF000000FF000000FF000000FF000000FF000000FF000000FF000000FF000000FF000000FF000000FF000000FF000000FF000000FF000000
310
FF000000FF000000FF000000FF000000FF000000FF000000FF000000FF000000FF000000FFFF00FFFF00FFFFFF000000FF000000FF00FFFFFF000000FFFF00FFFF000000FF000000FF000000FF000000FF000000FF000000FF000000FF000000FF000000FF000000FF000000FF000000FF000000FF000000FF000000FF0000
310
00FF000000FF000000FF000000FF000000FF000000FF000000FF000000FF000000FF000000FFFF00FFFF00FFFFFF000000FF000000FF00FFFFFF000000FFFF00FFFF000000FF000000FF000000FF000000FF000000FF000000FF000000FF000000FF000000FF000000FF000000FF000000FF000000FF000000FF000000FF00
310
0000FF000000FF000000FF000000FF000000FF000000FF000000FF000000FF000000FF000000FFFF00FFFF00FFFFFF000000FF000000FF00FFFFFF000000FFFF00FFFF000000FF000000FF000000FF000000FF000000FF000000FF000000FF000000FF000000FF000000FF000000FF000000FF000000FF000000FF000000FF
310
000000FF000000FF000000FF000000FF000000FF000000FF000000FF000000FF000000FF000000FFFF00FFFF00FFFFFF000000FF000000FF00FFFFFF000000FFFF00FFFF000000FF000000FF000000FF000000FF000000FF000000FF000000FF000000FF000000FF000000FF000000FF000000FF000000FF000000FF000000
310
FF000000FF000000FF000000FF000000FF000000FF000000FF000000FF000000FF000000FF000000FFFF00FFFF00FFFFFF000000FF000000FF00FFFFFF000000FFFF00FFFF000000FF000000FF000000FF000000FF000000FF000000FF000000FF000000FF000000FF000000FF000000FF000000FF000000FF000000FF0000
310
00FF000000FF000000FF000000FF000000FF000000FF000000FF000000FF000000FF000000FF000000FFFF00FFFF00FFFFFF000000FF000000FF00FFFFFF000000FFFF00FFFF000000FF000000FF000000FF000000FF000000FF000000FF000000FF000000FF000000FF000000FF000000FF000000FF000000FF000000FF00
310
0000FF000000FF000000FF000000FF000000FF000000FF000000FF000000FF000000FF000000FF000000FFFF00FFFF00FFFFFF000000FF000000FF00FFFFFF000000FFFF00FFFF000000FF000000FF000000FF000000FF000000FF000000FF000000FF000000FF000000FF000000FF000000FF000000FF000000FF000000FF
310
000000FF000000FF000000FF000000FF000000FF000000FF000000FF000000FF000000FF000000FF000000FFFF00FFFF00FFFFFF000000FF000000FF00FFFFFF000000FFFF00FFFF000000FF000000FF000000FF000000FF000000FF000000FF000000FF000000FF000000FF000000FF000000FF000000FF000000FF000000
310
FF000000FF000000FF000000FF000000FF000000FF000000FF000000FF000000FF000000FF000000FF000000FFFF00FFFF00FFFFFF000000FF000000FF00FFFFFF000000FFFF00FFFF000000FF000000FF000000FF000000FF000000FF000000FF000000FF000000FF000000FF000000FF000000FF000000FF000000FF0000
310
00FF000000FF000000FF000000FF000000FF000000FF000000FF000000FF000000FF000000FF000000FF000000FFFF00FFFF00FFFFFF000000FF000000FF00FFFFFF000000FFFF00FFFF000000FF000000FF000000FF000000FF000000FF000000FF000000FF000000FF000000FF000000FF000000FF000000FF000000FF00
310
0000FF000000FF000000FF000000FF000000FF000000FF000000FF000000FF000000FF000000FF000000FF000000FFFF00FFFF00FFFFFF000000FF000000FF00FFFFFF000000FFFF00FFFF000000FF000000FF000000FF000000FF000000FF000000FF000000FF000000FF000000FF000000FF000000FF000000FF000000FF
310
000000FF000000FF000000FF000000FF000000FF000000FF000000FF000000FF000000FF000000FF000000FF000000FFFF00FFFF00FFFFFF000000FF000000FF00FFFFFF00FFFFFFFF00FFFF000000FF000000FF000000FF000000FF000000FF000000FF000000FF000000FF000000FF000000FF000000FF000000FF000000
310
FF000000FF000000FF000000FF000000FF000000FF000000FF000000FF000000FF000000FF000000FF000000FF000000FFFF00FFFF00FFFFFF000000FF000000FF00FFFFFF000000FFFF00FFFF000000FF000000FF000000FF000000FF000000FF000000FF000000FF000000FF000000FF000000FF000000FF000000FF0000
310
00FF000000FF000000FF000000FF000000FF000000FF000000FF000000FF000000FF000000FF000000FF000000FF000000FFFF00FFFF00FFFFFF000000FF000000FF00FFFFFF000000FFFF00FFFF000000FF000000FF000000FF000000FF000000FF000000FF000000FF000000FF000000FF000000FF000000FF000000FF00
310
0000FF000000FF000000FF000000FF000000FF000000FF000000FF000000FF000000FF000000FF000000FF000000FF000000FFFF00FFFF00FFFFFF000000FF000000FF00FFFFFF000000FFFF00FFFF000000FF000000FF000000FF000000FF000000FF000000FF000000FF000000FF000000FF000000FF000000FF000000FF
310
000000FF000000FF000000FF000000FF000000FF000000FF000000FF000000FF000000FF000000FF000000FF000000FF000000FFFF00FFFF00FFFFFF000000FF000000FF00FFFFFF000000FFFF00FFFF000000FF000000FF000000FF000000FF000000FF000000FF000000FF000000FF000000FF000000FF000000FF000000
310
FF000000FF000000FF000000FF000000FF000000FF000000FF000000FF000000FF000000FF000000FF000000FF000000FF000000FFFF00FFFF00FFFFFF000000FF000000FF00FFFFFF00FFFFFFFF00FFFFFF00FFFFFF00FFFFFF00FFFFFF00FFFFFF00FFFFFF00FFFFFF00FFFFFF00FFFFFF00FFFFFF00FFFFFF00FFFFFF00
310
FFFFFF00FFFFFF00FFFFFF00FFFFFF00FFFFFF00FFFFFF00FFFFFF00FFFFFF00FFFFFF00FFFFFF00FFFFFF00FFFFFF00FFFFFF00FFFFFF00FFFF00FFFFFF000000FF000000FF000000FF000000FF000000FF000000FF000000FF000000FF000000FF000000FF000000FF000000FF000000FF000000FF000000FF000000FF00
310
0000FF000000FF000000FF000000FF000000FF000000FF000000FF000000FF000000FF000000FF000000FF000000FF000000FF000000FF000000FF000000FF000000FF000000FF000000FF000000FF000000FF000000FF000000FF000000FF000000FF000000FF000000FF000000FF000000FF000000FF000000FF000000FF
310
000000FF000000FF000000FF000000FF000000FF000000FF000000FF000000FF000000FF000000FF000000FF000000FF000000FF000000FF000000FF000000FF000000FF000000FF000000FF000000FF000000FF000000FF000000FF000000FF000000FF000000FF000000FF000000FF000000FF000000FF000000FF000000
310
FF000000FF000000FF000000FF000000FF000000FF000000FF000000FF000000FF000000FF000000FF000000FF000000FF000000FF000000FF000000FF000000FF000000FF000000FF000000FF000000FF000000FF000000FF000000FF000000FF000000FF000000FF000000FF000000FF000000FF000000FF000000FF0000
310
00FF000000FF000000FF000000FF000000FF000000FF000000FF000000FF000000FF000000FF000000FF000000FF000000FF000000FF000000FF000000FF000000FF000000FF000000FF000000FF000000FF000000FF000000FF000000FF000000FF000000FF000000FF000000FF000000FF000000FF000000FF000000FF00
310
0000FF000000FF000000FF000000FF000000FF000000FF000000FF000000FF000000FF000000FF000000FF000000FF000000FF000000FF000000FF000000FF000000FF000000FF000000FF000000FF000000FF000000FF000000FF000000FF000000FF000000FF000000FF000000FF000000FF000000FF000000FF000000FF
310
000000FF000000FF000000FF000000FF000000FF000000FF000000FF000000FF000000FF000000FF000000FF000000FF000000FF000000FF000000FF000000FF000000FF000000FF
 70
     0
280
     1
281
     0
  0
BLOCK_RECORD
  5
285E
330
1
100
AcDbSymbolTableRecord
100
AcDbBlockTableRecord
  2
MAR-A3
340
0
310
28000000200000002000000001002000000000000010000001000000010000000000000000000000000000FF000000FF000000FF000000FF000000FF000000FF000000FF000000FF000000FF000000FF000000FF000000FF000000FF000000FF000000FF000000FF000000FF000000FF000000FF000000FF000000FF000000
310
FF000000FF000000FF000000FF000000FF000000FF000000FF000000FF000000FF000000FF000000FF000000FF000000FF000000FF000000FF000000FF000000FF000000FF000000FF000000FF000000FF000000FF000000FF000000FF000000FF000000FF000000FF000000FF000000FF000000FF000000FF000000FF0000
310
00FF000000FF000000FF000000FF000000FF000000FF000000FF000000FF000000FF000000FF000000FF000000FF000000FF000000FF000000FF000000FF000000FF000000FF000000FF000000FF000000FF000000FF000000FF000000FF000000FF000000FF000000FF000000FF000000FF000000FF000000FF000000FF00
310
0000FF000000FF000000FF000000FF000000FF000000FF000000FF000000FF000000FF000000FF000000FF000000FF000000FF000000FF000000FF000000FF000000FF000000FF000000FF000000FF000000FF000000FF000000FF000000FF000000FF000000FF000000FF000000FF000000FF000000FF000000FF000000FF
310
000000FF000000FF000000FF000000FF000000FF000000FF000000FF000000FF000000FF000000FF000000FF000000FF000000FF000000FF000000FF000000FF000000FF000000FF000000FF000000FF000000FF000000FF000000FF000000FF000000FF000000FF000000FF000000FF000000FF000000FF000000FF000000
310
FF000000FF000000FF000000FF000000FF000000FF000000FF000000FF000000FF000000FF000000FF000000FF000000FF000000FF000000FF000000FF000000FF000000FF000000FF000000FF000000FF000000FF000000FF000000FF000000FF000000FF000000FF000000FF000000FF000000FF000000FF000000FF0000
310
00FF000000FF000000FF000000FF000000FF000000FF000000FF000000FF000000FF000000FF000000FF000000FF000000FF00FFFFFF00FFFFFF00FFFFFF00FFFFFF00FFFFFF00FFFFFF00FFFFFF00FFFFFF00FFFFFF00FFFFFF00FFFFFF00FFFFFF00FFFFFF00FFFFFF00FFFFFF00FFFFFF00FFFFFF00FFFFFF00FFFFFF00
310
FFFFFF00FFFFFF00FFFFFF00FFFFFF00FFFFFF00FFFFFF00FFFFFF00FFFFFF00FFFFFF00FFFFFF00FFFFFF000000FF000000FF00FFFFFF00FFFFFFFF00FFFF000000FF000000FF000000FF000000FF000000FF000000FF000000FF000000FF000000FF000000FF000000FF000000FF000000FF000000FF000000FF000000FF
310
000000FF000000FF000000FF000000FF000000FF000000FF000000FF000000FF000000FFFF00FFFF00FFFFFF000000FF000000FF00FFFFFF00FFFFFFFF00FFFF000000FF000000FF000000FF000000FF000000FF000000FF000000FF000000FF000000FF000000FF000000FF000000FF000000FF000000FF000000FF000000
310
FF000000FF000000FF000000FF000000FF000000FF000000FF000000FF000000FF000000FFFF00FFFF00FFFFFF000000FF000000FF00FFFFFF00FFFFFFFF00FFFF000000FF000000FF000000FF000000FF000000FF000000FF000000FF000000FF000000FF000000FF000000FF000000FF000000FF000000FF000000FF0000
310
00FF000000FF000000FF000000FF000000FF000000FF000000FF000000FF000000FF000000FFFF00FFFF00FFFFFF000000FF000000FF00FFFFFF000000FFFF00FFFF000000FF000000FF000000FF000000FF000000FF000000FF000000FF000000FF000000FF000000FF000000FF000000FF000000FF000000FF000000FF00
310
0000FF000000FF000000FF000000FF000000FF000000FF000000FF000000FF000000FF000000FFFF00FFFF00FFFFFF000000FF000000FF00FFFFFF000000FFFF00FFFF000000FF000000FF000000FF000000FF000000FF000000FF000000FF000000FF000000FF000000FF000000FF000000FF000000FF000000FF000000FF
310
000000FF000000FF000000FF000000FF000000FF000000FF000000FF000000FF000000FF000000FFFF00FFFF00FFFFFF000000FF000000FF00FFFFFF000000FFFF00FFFF000000FF000000FF000000FF000000FF000000FF000000FF000000FF000000FF000000FF000000FF000000FF000000FF000000FF000000FF000000
310
FF000000FF000000FF000000FF000000FF000000FF000000FF000000FF000000FF000000FF000000FFFF00FFFF00FFFFFF000000FF000000FF00FFFFFF000000FFFF00FFFF000000FF000000FF000000FF000000FF000000FF000000FF000000FF000000FF000000FF000000FF000000FF000000FF000000FF000000FF0000
310
00FF000000FF000000FF000000FF000000FF000000FF000000FF000000FF000000FF000000FF000000FFFF00FFFF00FFFFFF000000FF000000FF00FFFFFF000000FFFF00FFFF000000FF000000FF000000FF000000FF000000FF000000FF000000FF000000FF000000FF000000FF000000FF000000FF000000FF000000FF00
310
0000FF000000FF000000FF000000FF000000FF000000FF000000FF000000FF000000FF000000FF000000FFFF00FFFF00FFFFFF000000FF000000FF00FFFFFF000000FFFF00FFFF000000FF000000FF000000FF000000FF000000FF000000FF000000FF000000FF000000FF000000FF000000FF000000FF000000FF000000FF
310
000000FF000000FF000000FF000000FF000000FF000000FF000000FF000000FF000000FF000000FF000000FFFF00FFFF00FFFFFF000000FF000000FF00FFFFFF000000FFFF00FFFF000000FF000000FF000000FF000000FF000000FF000000FF000000FF000000FF000000FF000000FF000000FF000000FF000000FF000000
310
FF000000FF000000FF000000FF000000FF000000FF000000FF000000FF000000FF000000FF000000FF000000FFFF00FFFF00FFFFFF000000FF000000FF00FFFFFF000000FFFF00FFFF000000FF000000FF000000FF000000FF000000FF000000FF000000FF000000FF000000FF000000FF000000FF000000FF000000FF0000
310
00FF000000FF000000FF000000FF000000FF000000FF000000FF000000FF000000FF000000FF000000FF000000FFFF00FFFF00FFFFFF000000FF000000FF00FFFFFF000000FFFF00FFFF000000FF000000FF000000FF000000FF000000FF000000FF000000FF000000FF000000FF000000FF000000FF000000FF000000FF00
310
0000FF000000FF000000FF000000FF000000FF000000FF000000FF000000FF000000FF000000FF000000FF000000FFFF00FFFF00FFFFFF000000FF000000FF00FFFFFF000000FFFF00FFFF000000FF000000FF000000FF000000FF000000FF000000FF000000FF000000FF000000FF000000FF000000FF000000FF000000FF
310
000000FF000000FF000000FF000000FF000000FF000000FF000000FF000000FF000000FF000000FF000000FF000000FFFF00FFFF00FFFFFF000000FF000000FF00FFFFFF000000FFFF00FFFF000000FF000000FF000000FF000000FF000000FF000000FF000000FF000000FF000000FF000000FF000000FF000000FF000000
310
FF000000FF000000FF000000FF000000FF000000FF000000FF000000FF000000FF000000FF000000FF000000FF000000FFFF00FFFF00FFFFFF000000FF000000FF00FFFFFF000000FFFF00FFFF000000FF000000FF000000FF000000FF000000FF000000FF000000FF000000FF000000FF000000FF000000FF000000FF0000
310
00FF000000FF000000FF000000FF000000FF000000FF000000FF000000FF000000FF000000FF000000FF000000FF000000FFFF00FFFF00FFFFFF000000FF000000FF00FFFFFF000000FFFF00FFFF000000FF000000FF000000FF000000FF000000FF000000FF000000FF000000FF000000FF000000FF000000FF000000FF00
310
0000FF000000FF000000FF000000FF000000FF000000FF000000FF000000FF000000FF000000FF000000FF000000FF000000FFFF00FFFF00FFFFFF000000FF000000FF00FFFFFF000000FFFF00FFFF000000FF000000FF000000FF000000FF000000FF000000FF000000FF000000FF000000FF000000FF000000FF000000FF
310
000000FF000000FF000000FF000000FF000000FF000000FF000000FF000000FF000000FF000000FF000000FF000000FF000000FFFF00FFFF00FFFFFF000000FF000000FF00FFFFFF000000FFFF00FFFF000000FF000000FF000000FF000000FF000000FF000000FF000000FF000000FF000000FF000000FF000000FF000000
310
FF000000FF000000FF000000FF000000FF000000FF000000FF000000FF000000FF000000FF000000FF000000FF000000FF000000FFFF00FFFF00FFFFFF000000FF000000FF00FFFFFF00FFFFFF00FFFFFF00FFFFFF00FFFFFF00FFFFFF00FFFFFF00FFFFFF00FFFFFF00FFFFFF00FFFFFF00FFFFFF00FFFFFF00FFFFFF00FF
310
FFFF00FFFFFF00FFFFFF00FFFFFF00FFFFFF00FFFFFF00FFFFFF00FFFFFF00FFFFFF00FFFFFF00FFFFFF00FFFFFF00FFFFFF00FFFFFF00FFFFFF00FFFFFF000000FF000000FF000000FF000000FF000000FF000000FF000000FF000000FF000000FF000000FF000000FF000000FF000000FF000000FF000000FF000000FF00
310
0000FF000000FF000000FF000000FF000000FF000000FF000000FF000000FF000000FF000000FF000000FF000000FF000000FF000000FF000000FF000000FF000000FF000000FF000000FF000000FF000000FF000000FF000000FF000000FF000000FF000000FF000000FF000000FF000000FF000000FF000000FF000000FF
310
000000FF000000FF000000FF000000FF000000FF000000FF000000FF000000FF000000FF000000FF000000FF000000FF000000FF000000FF000000FF000000FF000000FF000000FF000000FF000000FF000000FF000000FF000000FF000000FF000000FF000000FF000000FF000000FF000000FF000000FF000000FF000000
310
FF000000FF000000FF000000FF000000FF000000FF000000FF000000FF000000FF000000FF000000FF000000FF000000FF000000FF000000FF000000FF000000FF000000FF000000FF000000FF000000FF000000FF000000FF000000FF000000FF000000FF000000FF000000FF000000FF000000FF000000FF000000FF0000
310
00FF000000FF000000FF000000FF000000FF000000FF000000FF000000FF000000FF000000FF000000FF000000FF000000FF000000FF000000FF000000FF000000FF000000FF000000FF000000FF000000FF000000FF000000FF000000FF000000FF000000FF000000FF000000FF000000FF000000FF000000FF000000FF00
310
0000FF000000FF000000FF000000FF000000FF000000FF000000FF000000FF000000FF000000FF000000FF000000FF000000FF000000FF000000FF000000FF000000FF000000FF000000FF000000FF000000FF000000FF000000FF000000FF000000FF000000FF000000FF000000FF000000FF000000FF000000FF000000FF
310
000000FF000000FF000000FF000000FF000000FF000000FF000000FF000000FF000000FF000000FF000000FF000000FF000000FF000000FF000000FF000000FF000000FF000000FF
 70
     0
280
     1
281
     0
  0
ENDTAB
  0
ENDSEC
  0
SECTION
  2
BLOCKS
  0
BLOCK
  5
1A
330
19
100
AcDbEntity
  8
0
370
    -1
100
AcDbBlockBegin
  2
*MODEL_SPACE
 70
     0
 10
0.0
 20
0.0
 30
0.0
  3
*MODEL_SPACE
  1

  0
ENDBLK
  5
1B
330
19
100
AcDbEntity
  8
0
370
    -1
100
AcDbBlockEnd
  0
BLOCK
  5
17
330
16
100
AcDbEntity
 67
     1
  8
0
370
    -1
100
AcDbBlockBegin
  2
*PAPER_SPACE
 70
     0
 10
0.0
 20
0.0
 30
0.0
  3
*PAPER_SPACE
  1

  0
ENDBLK
  5
18
330
16
100
AcDbEntity
 67
     1
  8
0
370
    -1
100
AcDbBlockEnd
  0
BLOCK
  5
A2
330
9E
100
AcDbEntity
  8
0
370
    -1
100
AcDbBlockBegin
  2
DE2
 70
     0
 10
0.0
 20
0.0
 30
0.0
  3
DE2
  1

  0
CIRCLE
  5
9F
330
9E
100
AcDbEntity
  8
0
 62
     2
370
    -1
100
AcDbCircle
 10
0.0
 20
0.0
 30
0.0
 40
0.1378526344701402
  0
LINE
  5
A0
330
9E
100
AcDbEntity
  8
0
370
    -1
100
AcDbLine
 10
-1.188363510345901
 20
0.0
 30
0.0
 11
1.188363510345901
 21
0.0
 31
0.0
  0
CIRCLE
  5
A1
330
9E
100
AcDbEntity
  8
0
 62
     2
370
    -1
100
AcDbCircle
 10
0.0
 20
0.0
 30
0.0
 40
0.2555068721975965
  0
ENDBLK
  5
A3
330
9E
100
AcDbEntity
  8
0
370
    -1
100
AcDbBlockEnd
  0
BLOCK
  5
1F13
330
1F12
100
AcDbEntity
  8
0
100
AcDbBlockBegin
  2
_None
 70
     0
 10
0.0
 20
0.0
 30
0.0
  3
_None
  1

  0
ENDBLK
  5
1F14
330
1F12
100
AcDbEntity
  8
0
100
AcDbBlockEnd
  0
BLOCK
  5
1F8A
330
1F86
100
AcDbEntity
  8
0
100
AcDbBlockBegin
  2
_Origin2
 70
     0
 10
0.0
 20
0.0
 30
0.0
  3
_Origin2
  1

  0
CIRCLE
  5
1F87
330
1F86
100
AcDbEntity
  8
0
  6
ByBlock
 62
     0
370
    -2
100
AcDbCircle
 10
0.0
 20
0.0
 30
0.0
 40
0.5
  0
CIRCLE
  5
1F88
330
1F86
100
AcDbEntity
  8
0
  6
ByBlock
 62
     0
370
    -2
100
AcDbCircle
 10
0.0
 20
0.0
 30
0.0
 40
0.25
  0
LINE
  5
1F89
330
1F86
100
AcDbEntity
  8
0
  6
ByBlock
 62
     0
370
    -2
100
AcDbLine
 10
-0.5
 20
0.0
 30
0.0
 11
-1.0
 21
0.0
 31
0.0
  0
ENDBLK
  5
1F8B
330
1F86
100
AcDbEntity
  8
0
100
AcDbBlockEnd
  0
BLOCK
  5
24CF
330
24CC
100
AcDbEntity
  8
0
370
    -1
100
AcDbBlockBegin
  2
_DOT
 70
     0
 10
0.0
 20
0.0
 30
0.0
  3
_DOT
  1

  0
LWPOLYLINE
  5
24D0
330
24CC
100
AcDbEntity
  8
0
  6
ByBlock
 62
     0
100
AcDbPolyline
 90
        2
 70
     1
 43
0.5
 10
-0.25
 20
0.0
 42
1.0
 10
0.25
 20
0.0
 42
1.0
  0
LINE
  5
24D1
330
24CC
100
AcDbEntity
  8
0
  6
ByBlock
 62
     0
370
    -1
100
AcDbLine
 10
-0.5
 20
0.0
 30
0.0
 11
-1.0
 21
0.0
 31
0.0
  0
ENDBLK
  5
24D2
330
24CC
100
AcDbEntity
  8
0
370
    -1
100
AcDbBlockEnd
  0
BLOCK
  5
24D8
330
24D3
100
AcDbEntity
  8
0
 62
     5
100
AcDbBlockBegin
  2
SETA
 70
     0
 10
0.0
 20
0.0
 30
0.0
  3
SETA
  1

  0
LINE
  5
24D9
330
24D3
100
AcDbEntity
  8
COT01
 62
     5
100
AcDbLine
 10
0.0
 20
0.0
 30
0.0
 11
-1.0
 21
0.0000000000000004
 31
0.0
1001
AcDbBlockRepETag
1070
     1
1071
        0
1005
24D9
  0
ENDBLK
  5
24DA
330
24D3
100
AcDbEntity
  8
0
 62
     5
100
AcDbBlockEnd
  0
BLOCK
  5
271D
330
271C
100
AcDbEntity
  8
0
370
    -1
100
AcDbBlockBegin
  2
NIVD
 70
     2
 10
0.0
 20
0.0
 30
0.0
  3
NIVD
  1

  0
LINE
  5
271E
330
271C
100
AcDbEntity
  8
0
 62
     1
370
    -1
100
AcDbLine
 10
0.0
 20
-0.0000000000000018
 30
0.0
 11
0.1649999999999991
 21
0.2857883832488639
 31
0.0
  0
LINE
  5
271F
330
271C
100
AcDbEntity
  8
0
 62
     1
370
    -1
100
AcDbLine
 10
0.0
 20
-0.0000000000000018
 30
0.0
 11
-0.1649999999999991
 21
0.2857883832488639
 31
0.0
  0
LINE
  5
2720
330
271C
100
AcDbEntity
  8
0
 62
     1
370
    -1
100
AcDbLine
 10
-0.1649999999999991
 20
0.2857883832488639
 30
0.0
 11
0.1649999999999991
 21
0.2857883832488639
 31
0.0
  0
LINE
  5
2721
330
271C
100
AcDbEntity
  8
0
 62
     1
370
    -1
100
AcDbLine
 10
0.0
 20
-0.0000000000000018
 30
0.0
 11
0.0
 21
0.624296565627473
 31
0.0
  0
LINE
  5
2722
330
271C
100
AcDbEntity
  8
0
 62
     1
370
    -1
100
AcDbLine
 10
-0.1614400098466682
 20
0.4657570516546556
 30
0.0
 11
1.318752609979121
 21
0.4657570516546556
 31
0.0
  0
ATTDEF
  5
2723
330
271C
100
AcDbEntity
  8
0
 62
     2
370
    -1
100
AcDbText
 10
0.2003510086867699
 20
0.5189939856841352
 30
0.0
 40
0.22
  1

  7
ROMANS
100
AcDbAttributeDefinition
  3
NIVEL
  2
NIVEL
 70
     0
280
     0
 71
     1
 72
     0
 11
0.0
 21
0.0
 31
0.0
  0
LINE
  5
2724
330
271C
100
AcDbEntity
  8
0
 62
     1
370
    -1
100
AcDbLine
 10
0.0
 20
0.234977617240256
 30
0.0
 11
0.0508107660086061
 21
0.2857883832488639
 31
0.0
  0
LINE
  5
2725
330
271C
100
AcDbEntity
  8
0
 62
     1
370
    -1
100
AcDbLine
 10
0.0
 20
0.1642669391216014
 30
0.0
 11
0.1215214441272643
 21
0.2857883832488639
 31
0.0
  0
LINE
  5
2726
330
271C
100
AcDbEntity
  8
0
 62
     1
370
    -1
100
AcDbLine
 10
0.0
 20
0.0935562610029468
 30
0.0
 11
0.1278002292131148
 21
0.2213564902160616
 31
0.0
  0
LINE
  5
2727
330
271C
100
AcDbEntity
  8
0
 62
     1
370
    -1
100
AcDbLine
 10
0.0
 20
0.0228455828842922
 30
0.0
 11
0.0312076465842068
 21
0.054053229468499
 31
0.0
  0
ENDBLK
  5
2728
330
271C
100
AcDbEntity
  8
0
370
    -1
100
AcDbBlockEnd
  0
BLOCK
  5
2736
330
2735
100
AcDbEntity
  8
0
100
AcDbBlockBegin
  2
crT4
 70
     2
 10
0.0
 20
0.0
 30
0.0
  3
crT4
  1

  0
LWPOLYLINE
  5
2737
330
2735
100
AcDbEntity
  8
0
 62
     2
100
AcDbPolyline
 90
        3
 70
     1
 43
0.0
 10
0.1721330592885435
 20
-0.0026081541934406
 10
0.1662537069510011
 20
-0.0171446823246164
 10
0.1662537069510011
 20
0.0119283739377369
  0
LWPOLYLINE
  5
2738
330
2735
100
AcDbEntity
  8
0
 62
     2
100
AcDbPolyline
 90
        3
 70
     1
 43
0.0
 10
0.1883134834437188
 20
-0.0026081541934388
 10
0.1512537069510023
 20
-0.0942373766983753
 10
0.1512537069510023
 20
0.0890210683115011
  0
LWPOLYLINE
  5
2739
330
2735
100
AcDbEntity
  8
0
 62
     2
100
AcDbPolyline
 90
        3
 70
     1
 43
0.0
 10
0.2044939075988941
 20
-0.0026081541934406
 10
0.1362537069510017
 20
-0.171330071072143
 10
0.1362537069510017
 20
0.1661137626852653
  0
LWPOLYLINE
  5
273A
330
2735
100
AcDbEntity
  8
0
 62
     2
100
AcDbPolyline
 90
        3
 70
     1
 43
0.0
 10
0.2206743317540694
 20
-0.0026081541934406
 10
0.1212537069510002
 20
-0.2484227654459108
 10
0.1212537069510002
 20
0.2432064570590331
  0
LWPOLYLINE
  5
273B
330
2735
100
AcDbEntity
  8
0
 62
     2
100
AcDbPolyline
 90
        6
 70
     1
 43
0.0
 10
0.2360965119660614
 20
-0.0044828903510261
 10
0.1158889377262078
 20
-0.3016926311860093
 42
-0.824182125356529
 10
0.1062537069509997
 20
-0.2998178950284238
 10
0.1062537069509997
 20
0.2946015866415443
 42
-0.8241821253567702
 10
0.1158889377262087
 20
0.2964763227991281
 10
0.2360965119660614
 20
-0.0007334180358551
 42
-0.1945709657944431
  0
LWPOLYLINE
  5
273C
330
2735
100
AcDbEntity
  8
0
 62
     2
100
AcDbPolyline
 90
        6
 70
     1
 43
0.0
 10
0.2500022042916887
 20
-0.0101070988237808
 10
0.1297946300518351
 20
-0.3073168396587658
 42
-0.8241821253567704
 10
0.0912537069509991
 20
-0.2998178950284238
 10
0.0912537069509991
 20
0.2946015866415426
 42
-0.8241821253567705
 10
0.129794630051836
 20
0.3021005312718845
 10
0.2500022042916887
 20
0.0048907904368978
 42
-0.1945709657944603
  0
LINE
  5
273D
330
2735
100
AcDbEntity
  8
0
  6
HIDOT
 62
     6
100
AcDbLine
 10
0.0
 20
-0.3277127255624546
 30
0.0
 11
0.0000000000000009
 21
0.3277127255624546
 31
0.0
  0
ATTDEF
  5
273E
330
2735
100
AcDbEntity
  8
0
 62
     5
100
AcDbText
 10
-0.3903032949189367
 20
-0.1551134451045755
 30
0.0
 40
0.34
  1

 50
0.0000000000000127
  7
ROMANS
100
AcDbAttributeDefinition
  3
CORTE
  2
A
 70
     0
280
     0
 71
     1
 72
     0
 11
0.0
 21
0.0
 31
0.0
  0
ENDBLK
  5
273F
330
2735
100
AcDbEntity
  8
0
100
AcDbBlockEnd
  0
BLOCK
  5
2741
330
2740
100
AcDbEntity
  8
0
100
AcDbBlockBegin
  2
crT2
 70
     2
 10
0.0
 20
0.0
 30
0.0
  3
crT2
  1

  0
LWPOLYLINE
  5
2742
330
2740
100
AcDbEntity
  8
0
 62
     2
100
AcDbPolyline
 90
        3
 70
     1
 43
0.0
 10
0.0026081541934402
 20
-0.1721330592885426
 10
0.017144682324616
 20
-0.1662537069510002
 10
-0.0119283739377378
 20
-0.1662537069510002
  0
LWPOLYLINE
  5
2743
330
2740
100
AcDbEntity
  8
0
 62
     2
100
AcDbPolyline
 90
        3
 70
     1
 43
0.0
 10
0.0026081541934393
 20
-0.1883134834437179
 10
0.0942373766983762
 20
-0.1512537069510014
 10
-0.0890210683115007
 20
-0.1512537069510014
  0
LWPOLYLINE
  5
2744
330
2740
100
AcDbEntity
  8
0
 62
     2
100
AcDbPolyline
 90
        3
 70
     1
 43
0.0
 10
0.0026081541934397
 20
-0.2044939075988932
 10
0.1713300710721426
 20
-0.1362537069510008
 10
-0.1661137626852662
 20
-0.1362537069510008
  0
LWPOLYLINE
  5
2745
330
2740
100
AcDbEntity
  8
0
 62
     2
100
AcDbPolyline
 90
        3
 70
     1
 43
0.0
 10
0.0026081541934411
 20
-0.2206743317540685
 10
0.2484227654459104
 20
-0.1212537069510002
 10
-0.2432064570590327
 20
-0.1212537069510002
  0
LWPOLYLINE
  5
2746
330
2740
100
AcDbEntity
  8
0
 62
     2
100
AcDbPolyline
 90
        6
 70
     1
 43
0.0
 10
0.0044828903510261
 20
-0.2360965119660605
 10
0.3016926311860102
 20
-0.1158889377262078
 42
0.824182125356529
 10
0.2998178950284247
 20
-0.1062537069509997
 10
-0.2946015866415439
 20
-0.1062537069509997
 42
0.8241821253567702
 10
-0.2964763227991289
 20
-0.1158889377262078
 10
0.000733418035856
 20
-0.2360965119660605
 42
0.1945709657944431
  0
ATTDEF
  5
2747
330
2740
100
AcDbEntity
  8
0
 62
     5
100
AcDbText
 10
-0.147390431310106
 20
0.0908692783192038
 30
0.0
 40
0.34
  1

 50
0.0000000000000013
  7
ROMANS
100
AcDbAttributeDefinition
  3
CORTE
  2
A
 70
     0
280
     0
 71
     1
 72
     0
 11
0.0
 21
0.0
 31
0.0
  0
LWPOLYLINE
  5
2748
330
2740
100
AcDbEntity
  8
0
 62
     2
100
AcDbPolyline
 90
        6
 70
     1
 43
0.0
 10
0.0101070988237808
 20
-0.2500022042916878
 10
0.3073168396587649
 20
-0.1297946300518351
 42
0.8241821253567704
 10
0.2998178950284247
 20
-0.0912537069509991
 10
-0.2946015866415435
 20
-0.0912537069509991
 42
0.8241821253567705
 10
-0.3021005312718836
 20
-0.1297946300518351
 10
-0.0048907904368987
 20
-0.2500022042916878
 42
0.1945709657944603
  0
LINE
  5
2749
330
2740
100
AcDbEntity
  8
0
  6
HIDOT
 62
     6
100
AcDbLine
 10
0.327712725562455
 20
0.0
 30
0.0
 11
-0.3277127255624555
 21
0.0
 31
0.0
  0
ENDBLK
  5
274A
330
2740
100
AcDbEntity
  8
0
100
AcDbBlockEnd
  0
BLOCK
  5
275E
330
275D
100
AcDbEntity
  8
0
370
    -1
100
AcDbBlockBegin
  2
crT1
 70
     2
 10
0.0
 20
0.0
 30
0.0
  3
crT1
  1

  0
LINE
  5
275F
330
275D
100
AcDbEntity
  8
0
  6
HIDOT
 62
     6
370
    -1
100
AcDbLine
 10
0.327712725562455
 20
0.0
 30
0.0
 11
-0.3277127255624555
 21
0.0
 31
0.0
  0
LWPOLYLINE
  5
2760
330
275D
100
AcDbEntity
  8
0
 62
     2
370
    -1
100
AcDbPolyline
 90
        6
 70
     1
 43
0.0
 10
0.0101070988237808
 20
0.2500022042916878
 10
0.3073168396587649
 20
0.1297946300518351
 42
-0.8241821253567704
 10
0.2998178950284247
 20
0.0912537069509991
 10
-0.2946015866415435
 20
0.0912537069509991
 42
-0.8241821253567705
 10
-0.3021005312718836
 20
0.1297946300518351
 10
-0.0048907904368987
 20
0.2500022042916878
 42
-0.1945709657944603
  0
ATTDEF
  5
2761
330
275D
100
AcDbEntity
  8
0
 62
     5
370
    -1
100
AcDbText
 10
-0.1473904313101055
 20
-0.4308692783192036
 30
0.0
 40
0.34
  1

 50
0.0000000000000127
  7
ROMANS
100
AcDbAttributeDefinition
  3
CORTE
  2
A
 70
     0
280
     0
 71
     1
 72
     0
 11
0.0
 21
0.0
 31
0.0
  0
LWPOLYLINE
  5
2762
330
275D
100
AcDbEntity
  8
0
 62
     2
370
    -1
100
AcDbPolyline
 90
        6
 70
     1
 43
0.0
 10
0.0044828903510261
 20
0.2360965119660605
 10
0.3016926311860102
 20
0.1158889377262078
 42
-0.824182125356529
 10
0.2998178950284247
 20
0.1062537069509997
 10
-0.2946015866415439
 20
0.1062537069509997
 42
-0.8241821253567702
 10
-0.2964763227991289
 20
0.1158889377262078
 10
0.000733418035856
 20
0.2360965119660605
 42
-0.1945709657944431
  0
LWPOLYLINE
  5
2763
330
275D
100
AcDbEntity
  8
0
 62
     2
370
    -1
100
AcDbPolyline
 90
        3
 70
     1
 43
0.0
 10
0.0026081541934411
 20
0.2206743317540685
 10
0.2484227654459104
 20
0.1212537069510002
 10
-0.2432064570590327
 20
0.1212537069510002
  0
LWPOLYLINE
  5
2764
330
275D
100
AcDbEntity
  8
0
 62
     2
370
    -1
100
AcDbPolyline
 90
        3
 70
     1
 43
0.0
 10
0.0026081541934397
 20
0.2044939075988932
 10
0.1713300710721426
 20
0.1362537069510008
 10
-0.1661137626852662
 20
0.1362537069510008
  0
LWPOLYLINE
  5
2765
330
275D
100
AcDbEntity
  8
0
 62
     2
370
    -1
100
AcDbPolyline
 90
        3
 70
     1
 43
0.0
 10
0.0026081541934393
 20
0.1883134834437179
 10
0.0942373766983762
 20
0.1512537069510014
 10
-0.0890210683115007
 20
0.1512537069510014
  0
LWPOLYLINE
  5
2766
330
275D
100
AcDbEntity
  8
0
 62
     2
370
    -1
100
AcDbPolyline
 90
        3
 70
     1
 43
0.0
 10
0.0026081541934402
 20
0.1721330592885426
 10
0.017144682324616
 20
0.1662537069510002
 10
-0.0119283739377378
 20
0.1662537069510002
  0
ENDBLK
  5
2767
330
275D
100
AcDbEntity
  8
0
370
    -1
100
AcDbBlockEnd
  0
BLOCK
  5
277B
330
277A
100
AcDbEntity
  8
0
100
AcDbBlockBegin
  2
MAR-A1max
 70
     0
 10
0.0
 20
0.0
 30
0.0
  3
MAR-A1max
  1

  0
LWPOLYLINE
  5
277C
330
277A
100
AcDbEntity
  8
MARGEM
 62
     6
100
AcDbPolyline
 90
        4
 70
     1
 43
0.0
 10
11.97093063097853
 20
53.68098051285126
 10
-79.52906936902139
 20
53.68098051285126
 10
-79.52906936902139
 20
-3.719019487148756
 10
11.97093063097853
 20
-3.719019487148756
  0
LWPOLYLINE
  5
277D
330
277A
100
AcDbEntity
  8
MARGEM
 62
     2
100
AcDbPolyline
 90
        4
 70
     1
 43
0.0
 10
12.97093063097853
 20
54.68098051285126
 10
-82.02906936902139
 20
54.68098051285126
 10
-82.02906936902139
 20
-4.719019487148756
 10
12.97093063097853
 20
-4.719019487148756
  0
LINE
  5
277E
330
277A
100
AcDbEntity
  8
MARGEM
 62
     2
100
AcDbLine
 10
-82.02906936902139
 20
-0.3928699927260055
 30
0.0
 11
-79.52906936902139
 21
-0.3928699927260055
 31
0.0
  0
TEXT
  5
277F
330
277A
100
AcDbEntity
  8
LOGO
 62
     2
100
AcDbText
 10
-81.9234708999987
 20
-0.2844145741911461
 30
0.0
 40
0.225
  1
A1E 950x594
  7
ROMANS
100
AcDbText
  0
TEXT
  5
2780
330
277A
100
AcDbEntity
  8
LOGO
 62
     2
100
AcDbText
 10
-81.80581569856037
 20
-1.21325263236146
 30
0.0
 40
0.15
  1
N - Esp. Cor
  7
ROMANS
100
AcDbText
  0
TEXT
  5
2781
330
277A
100
AcDbEntity
  8
LOGO
 62
     2
100
AcDbText
 10
-81.82283472582705
 20
-2.289265152057851
 30
0.0
 40
0.15
  1
4 - 0.30  7
  7
ROMANS
100
AcDbText
  0
TEXT
  5
2782
330
277A
100
AcDbEntity
  8
LOGO
 62
     2
100
AcDbText
 10
-81.82283472582705
 20
-2.551550866341785
 30
0.0
 40
0.15
  1
5 - 0.35  5
  7
ROMANS
100
AcDbText
  0
TEXT
  5
2783
330
277A
100
AcDbEntity
  8
LOGO
 62
     2
100
AcDbText
 10
-81.82283472582705
 20
-1.502408009197893
 30
0.0
 40
0.15
  1
1 - 0.10  1
  7
ROMANS
100
AcDbText
  0
TEXT
  5
2784
330
277A
100
AcDbEntity
  8
LOGO
 62
     2
100
AcDbText
 10
-81.82283472582705
 20
-2.813836580629797
 30
0.0
 40
0.15
  1
6 - 0.50  7
  7
ROMANS
100
AcDbText
  0
TEXT
  5
2785
330
277A
100
AcDbEntity
  8
LOGO
 62
     2
100
AcDbText
 10
-81.82283472582705
 20
-2.026979437769839
 30
0.0
 40
0.15
  1
3 - 0.20  7
  7
ROMANS
100
AcDbText
  0
TEXT
  5
2786
330
277A
100
AcDbEntity
  8
LOGO
 62
     2
100
AcDbText
 10
-81.82283472582705
 20
-1.764693723485891
 30
0.0
 40
0.15
  1
2 - 0.20  7
  7
ROMANS
100
AcDbText
  0
TEXT
  5
2787
330
277A
100
AcDbEntity
  8
LOGO
 62
     2
100
AcDbText
 10
-81.82283472582705
 20
-3.076122294913148
 30
0.0
 40
0.15
  1
7 - 0.10  3
  7
ROMANS
100
AcDbText
  0
TEXT
  5
2788
330
277A
100
AcDbEntity
  8
LOGO
 62
     2
100
AcDbText
 10
-81.80581569856037
 20
-3.559526777533677
 30
0.0
 40
0.15
  1
OUTRAS 0.15  7
  7
ROMANS
100
AcDbText
  0
LINE
  5
2789
330
277A
100
AcDbEntity
  8
MARGEM
 62
     2
100
AcDbLine
 10
-79.52906936902139
 20
-3.719019487148756
 30
0.0
 11
-82.02906936902139
 21
-3.719019487148756
 31
0.0
  0
TEXT
  5
278A
330
277A
100
AcDbEntity
  8
LOGO
 62
     2
100
AcDbText
 10
-81.86538266484632
 20
-0.8148938804686452
 30
0.0
 40
0.225
  1
PENAS
  7
ROMANS
100
AcDbText
  0
LINE
  5
278B
330
277A
100
AcDbEntity
  8
MARGEM
 62
     2
100
AcDbLine
 10
-61.02906936902141
 20
-3.719019487148742
 30
0.0
 11
-61.02906936902141
 21
-4.719019487148742
 31
0.0
  0
LINE
  5
278C
330
277A
100
AcDbEntity
  8
MARGEM
 62
     2
100
AcDbLine
 10
-82.02906936902139
 20
24.98098051285126
 30
0.0
 11
-79.52906936902139
 21
24.98098051285126
 31
0.0
  0
LINE
  5
278D
330
277A
100
AcDbEntity
  8
MARGEM
 62
     2
100
AcDbLine
 10
-61.02906936902141
 20
53.68098051285126
 30
0.0
 11
-61.02906936902141
 21
54.68098051285126
 31
0.0
  0
LINE
  5
278E
330
277A
100
AcDbEntity
  8
MARGEM
 62
     2
100
AcDbLine
 10
-42.52906936902144
 20
-3.719019487148742
 30
0.0
 11
-42.52906936902144
 21
-4.719019487148742
 31
0.0
  0
LINE
  5
278F
330
277A
100
AcDbEntity
  8
MARGEM
 62
     2
100
AcDbLine
 10
-24.02906936902144
 20
-4.719019487148756
 30
0.0
 11
-24.02906936902144
 21
-3.719019487148756
 31
0.0
  0
LINE
  5
2790
330
277A
100
AcDbEntity
  8
MARGEM
 62
     2
100
AcDbLine
 10
-42.52906936902144
 20
53.68098051285126
 30
0.0
 11
-42.52906936902144
 21
54.68098051285126
 31
0.0
  0
LINE
  5
2791
330
277A
100
AcDbEntity
  8
MARGEM
 62
     2
100
AcDbLine
 10
-24.02906936902144
 20
53.68098051285126
 30
0.0
 11
-24.02906936902144
 21
54.68098051285126
 31
0.0
  0
TEXT
  5
2792
330
277A
100
AcDbEntity
  8
LOGO
 62
     2
100
AcDbText
 10
-5.398852818368226
 20
-4.426410288466727
 30
0.0
 40
0.15
  1
TODOS OS DIREITOS RESERVADOS. PROIBIDA TODA A REPRODUÇÃO OU ALTERAÇÃO SEM PRÉVIA AUTORIZAÇÃO.
  7
ROMANS
100
AcDbText
  0
TEXT
  5
2793
330
277A
100
AcDbEntity
  8
LOGO
 62
     2
100
AcDbText
 10
-5.399835650474841
 20
-4.162708430596112
 30
0.0
 40
0.15
  1
PROGRAMAS DE CÁLCULO E DETALHAMENTO EXCLUSIVOS DA PROJESOFT ENGENHARIA. 
  7
ROMANS
100
AcDbText
  0
LINE
  5
2794
330
277A
100
AcDbEntity
  8
MARGEM
 62
     2
100
AcDbLine
 10
-5.529069369021471
 20
-4.719019487148756
 30
0.0
 11
-5.529069369021471
 21
-3.719019487148756
 31
0.0
  0
LINE
  5
2795
330
277A
100
AcDbEntity
  8
LOGO
 62
     2
100
AcDbLine
 10
10.69832418355347
 20
-4.187810826407727
 30
0.0
 11
11.69832418355347
 21
-4.187810826407727
 31
0.0
  0
LINE
  5
2796
330
277A
100
AcDbEntity
  8
LOGO
 62
     2
100
AcDbLine
 10
10.69832418355347
 20
-4.237810826407724
 30
0.0
 11
11.69832418355347
 21
-4.237810826407724
 31
0.0
  0
LINE
  5
2797
330
277A
100
AcDbEntity
  8
LOGO
 62
     2
100
AcDbLine
 10
11.69832418355347
 20
-4.137810826407716
 30
0.0
 11
10.69832418355347
 21
-4.137810826407716
 31
0.0
  0
HATCH
  5
2798
330
277A
100
AcDbEntity
  8
LOGO
 62
     2
100
AcDbHatch
 10
0.0
 20
0.0
 30
0.0
210
0.0
220
0.0
230
1.0
  2
SOLID
 70
     1
 71
     0
 91
        2
 92
        7
 72
     0
 73
     1
 93
        4
 10
10.69832418355347
 20
-4.137810826407716
 10
10.69832418355347
 20
-4.087810826407718
 10
9.698324183553467
 20
-4.087810826407718
 10
9.698324183553467
 20
-4.137810826407716
 97
        0
 92
        7
 72
     0
 73
     1
 93
        4
 10
11.69832418355347
 20
-4.187810826407727
 10
11.69832418355347
 20
-4.137810826407716
 10
10.69832418355347
 20
-4.137810826407716
 10
10.69832418355347
 20
-4.187810826407727
 97
        0
 75
     0
 76
     1
 47
0.0040170762040134
 98
        2
 10
10.54631350261428
 20
-4.125148300614853
 10
10.84780697225443
 20
-4.165319076083932
  0
LINE
  5
2799
330
277A
100
AcDbEntity
  8
LOGO
 62
     2
100
AcDbLine
 10
9.698324183553467
 20
-4.087810826407718
 30
0.0
 11
10.69832418355347
 21
-4.087810826407718
 31
0.0
  0
LINE
  5
279A
330
277A
100
AcDbEntity
  8
LOGO
 62
     2
100
AcDbLine
 10
9.698324183553467
 20
-4.137810826407716
 30
0.0
 11
10.69832418355347
 21
-4.137810826407716
 31
0.0
  0
LINE
  5
279B
330
277A
100
AcDbEntity
  8
LOGO
 62
     2
100
AcDbLine
 10
10.69832418355347
 20
-4.037810826407721
 30
0.0
 11
9.698324183553467
 21
-4.037810826407721
 31
0.0
  0
LINE
  5
279C
330
277A
100
AcDbEntity
  8
LOGO
 62
     2
100
AcDbLine
 10
9.698324183553467
 20
-4.037810826407721
 30
0.0
 11
9.698324183553467
 21
-4.137810826407716
 31
0.0
  0
TEXT
  5
279D
330
277A
100
AcDbEntity
  8
LOGO
 62
     2
100
AcDbText
 10
9.637918682642123
 20
-4.425186968072794
 30
0.0
 40
0.15
  1
0
  7
ROMANS
100
AcDbText
  0
LINE
  5
279E
330
277A
100
AcDbEntity
  8
LOGO
 62
     2
100
AcDbLine
 10
10.69832418355347
 20
-4.137810826407716
 30
0.0
 11
10.69832418355347
 21
-4.037810826407721
 31
0.0
  0
TEXT
  5
279F
330
277A
100
AcDbEntity
  8
LOGO
 62
     2
100
AcDbText
 10
10.63189159221713
 20
-4.425186968072794
 30
0.0
 40
0.15
  1
1
  7
ROMANS
100
AcDbText
  0
LINE
  5
27A0
330
277A
100
AcDbEntity
  8
LOGO
 62
     2
100
AcDbLine
 10
10.69832418355347
 20
-4.137810826407716
 30
0.0
 11
10.69832418355347
 21
-4.237810826407724
 31
0.0
  0
TEXT
  5
27A1
330
277A
100
AcDbEntity
  8
LOGO
 62
     2
100
AcDbText
 10
11.62096807380078
 20
-4.425186968072794
 30
0.0
 40
0.15
  1
2
  7
ROMANS
100
AcDbText
  0
LINE
  5
27A2
330
277A
100
AcDbEntity
  8
LOGO
 62
     2
100
AcDbLine
 10
11.69832418355347
 20
-4.237810826407724
 30
0.0
 11
11.69832418355347
 21
-4.137810826407716
 31
0.0
  0
LINE
  5
27A3
330
277A
100
AcDbEntity
  8
MARGEM
 62
     2
100
AcDbLine
 10
11.97093063097853
 20
24.98098051285126
 30
0.0
 11
12.97093063097853
 21
24.98098051285126
 31
0.0
  0
LINE
  5
27A4
330
277A
100
AcDbEntity
  8
MARGEM
 62
     2
100
AcDbLine
 10
-5.529069369021471
 20
53.68098051285126
 30
0.0
 11
-5.529069369021471
 21
54.68098051285126
 31
0.0
  0
ENDBLK
  5
27A5
330
277A
100
AcDbEntity
  8
0
100
AcDbBlockEnd
  0
BLOCK
  5
27B0
330
27AF
100
AcDbEntity
  8
0
100
AcDbBlockBegin
  2
MAR-A1ext
 70
     0
 10
0.0
 20
0.0
 30
0.0
  3
MAR-A1ext
  1

  0
LINE
  5
27B1
330
27AF
100
AcDbEntity
  8
MARGEM
 62
     2
100
AcDbLine
 10
-100.4999999999999
 20
-0.0000000000000142
 30
0.0
 11
-102.9999999999999
 21
-0.0000000000000142
 31
0.0
  0
TEXT
  5
27B2
330
27AF
100
AcDbEntity
  8
LOGO
 62
     2
100
AcDbText
 10
-102.7767463295389
 20
0.159492709615094
 30
0.0
 40
0.15
  1
OUTRAS 0.15  7
  7
ROMANS
100
AcDbText
  0
TEXT
  5
27B3
330
27AF
100
AcDbEntity
  8
LOGO
 62
     2
100
AcDbText
 10
-102.7937653568056
 20
0.6428971922356226
 30
0.0
 40
0.15
  1
7 - 0.10  3
  7
ROMANS
100
AcDbText
  0
TEXT
  5
27B4
330
27AF
100
AcDbEntity
  8
LOGO
 62
     2
100
AcDbText
 10
-102.8363132958249
 20
2.904125606680097
 30
0.0
 40
0.225
  1
PENAS
  7
ROMANS
100
AcDbText
  0
TEXT
  5
27B5
330
27AF
100
AcDbEntity
  8
LOGO
 62
     2
100
AcDbText
 10
-102.7937653568056
 20
1.954325763662879
 30
0.0
 40
0.15
  1
2 - 0.20  7
  7
ROMANS
100
AcDbText
  0
TEXT
  5
27B6
330
27AF
100
AcDbEntity
  8
LOGO
 62
     2
100
AcDbText
 10
-102.7937653568056
 20
1.692040049378917
 30
0.0
 40
0.15
  1
3 - 0.20  7
  7
ROMANS
100
AcDbText
  0
TEXT
  5
27B7
330
27AF
100
AcDbEntity
  8
LOGO
 62
     2
100
AcDbText
 10
-102.7937653568056
 20
0.9051829065189594
 30
0.0
 40
0.15
  1
6 - 0.50  7
  7
ROMANS
100
AcDbText
  0
TEXT
  5
27B8
330
27AF
100
AcDbEntity
  8
LOGO
 62
     2
100
AcDbText
 10
-102.7937653568056
 20
2.216611477950877
 30
0.0
 40
0.15
  1
1 - 0.10  1
  7
ROMANS
100
AcDbText
  0
TEXT
  5
27B9
330
27AF
100
AcDbEntity
  8
LOGO
 62
     2
100
AcDbText
 10
-102.7937653568056
 20
1.167468620806957
 30
0.0
 40
0.15
  1
5 - 0.35  5
  7
ROMANS
100
AcDbText
  0
TEXT
  5
27BA
330
27AF
100
AcDbEntity
  8
LOGO
 62
     2
100
AcDbText
 10
-102.7937653568056
 20
1.429754335090919
 30
0.0
 40
0.15
  1
4 - 0.30  7
  7
ROMANS
100
AcDbText
  0
TEXT
  5
27BB
330
27AF
100
AcDbEntity
  8
LOGO
 62
     2
100
AcDbText
 10
-102.7767463295389
 20
2.505766854787296
 30
0.0
 40
0.15
  1
N - Esp. Cor
  7
ROMANS
100
AcDbText
  0
TEXT
  5
27BC
330
27AF
100
AcDbEntity
  8
LOGO
 62
     2
100
AcDbText
 10
-102.8944015309772
 20
3.434604912957624
 30
0.0
 40
0.2
  1
A1X 1180x594
  7
ROMANS
100
AcDbText
  0
LINE
  5
27BD
330
27AF
100
AcDbEntity
  8
MARGEM
 62
     2
100
AcDbLine
 10
-102.9999999999999
 20
3.326149494422751
 30
0.0
 11
-100.4999999999999
 21
3.326149494422751
 31
0.0
  0
TEXT
  5
27BE
330
27AF
100
AcDbEntity
  8
LOGO
 62
     2
100
AcDbText
 10
-3.370766281453285
 20
-0.4436889434473557
 30
0.0
 40
0.15
  1
PROGRAMAS DE CÁLCULO E DETALHAMENTO EXCLUSIVOS DA PROJESOFT ENGENHARIA. 
  7
ROMANS
100
AcDbText
  0
TEXT
  5
27BF
330
27AF
100
AcDbEntity
  8
LOGO
 62
     2
100
AcDbText
 10
-3.36978344934667
 20
-0.7073908013179704
 30
0.0
 40
0.15
  1
TODOS OS DIREITOS RESERVADOS. PROIBIDA TODA A REPRODUÇÃO OU ALTERAÇÃO SEM PRÉVIA AUTORIZAÇÃO.
  7
ROMANS
100
AcDbText
  0
LINE
  5
27C0
330
27AF
100
AcDbEntity
  8
LOGO
 62
     2
100
AcDbLine
 10
12.72739355257502
 20
-0.318791339258965
 30
0.0
 11
11.72739355257502
 21
-0.318791339258965
 31
0.0
  0
LINE
  5
27C1
330
27AF
100
AcDbEntity
  8
LOGO
 62
     2
100
AcDbLine
 10
11.72739355257502
 20
-0.4187913392589593
 30
0.0
 11
12.72739355257502
 21
-0.4187913392589593
 31
0.0
  0
LINE
  5
27C2
330
27AF
100
AcDbEntity
  8
LOGO
 62
     2
100
AcDbLine
 10
11.72739355257502
 20
-0.3687913392589763
 30
0.0
 11
12.72739355257502
 21
-0.3687913392589763
 31
0.0
  0
HATCH
  5
27C3
330
27AF
100
AcDbEntity
  8
LOGO
 62
     2
100
AcDbHatch
 10
0.0
 20
0.0
 30
0.0
210
0.0
220
0.0
230
1.0
  2
SOLID
 70
     1
 71
     0
 91
        2
 92
        7
 72
     0
 73
     1
 93
        4
 10
12.72739355257502
 20
-0.4187913392589593
 10
12.72739355257502
 20
-0.3687913392589763
 10
11.72739355257502
 20
-0.3687913392589763
 10
11.72739355257502
 20
-0.4187913392589593
 97
        0
 92
        7
 72
     0
 73
     1
 93
        4
 10
13.72739355257502
 20
-0.4687913392589707
 10
13.72739355257502
 20
-0.4187913392589593
 10
12.72739355257502
 20
-0.4187913392589593
 10
12.72739355257502
 20
-0.4687913392589707
 97
        0
 75
     0
 76
     1
 47
0.0040170762040134
 98
        2
 10
12.57538287163584
 20
-0.4061288134660828
 10
12.87687634127599
 20
-0.4462995889351902
  0
TEXT
  5
27C4
330
27AF
100
AcDbEntity
  8
LOGO
 62
     2
100
AcDbText
 10
11.66698805166368
 20
-0.7061674809240372
 30
0.0
 40
0.15
  1
0
  7
ROMANS
100
AcDbText
  0
LINE
  5
27C5
330
27AF
100
AcDbEntity
  8
LOGO
 62
     2
100
AcDbLine
 10
11.72739355257502
 20
-0.318791339258965
 30
0.0
 11
11.72739355257502
 21
-0.4187913392589593
 31
0.0
  0
LINE
  5
27C6
330
27AF
100
AcDbEntity
  8
LOGO
 62
     2
100
AcDbLine
 10
13.72739355257502
 20
-0.4187913392589593
 30
0.0
 11
12.72739355257502
 21
-0.4187913392589593
 31
0.0
  0
LINE
  5
27C7
330
27AF
100
AcDbEntity
  8
LOGO
 62
     2
100
AcDbLine
 10
12.72739355257502
 20
-0.5187913392589536
 30
0.0
 11
13.72739355257502
 21
-0.5187913392589536
 31
0.0
  0
LINE
  5
27C8
330
27AF
100
AcDbEntity
  8
LOGO
 62
     2
100
AcDbLine
 10
12.72739355257502
 20
-0.4687913392589707
 30
0.0
 11
13.72739355257502
 21
-0.4687913392589707
 31
0.0
  0
LINE
  5
27C9
330
27AF
100
AcDbEntity
  8
LOGO
 62
     2
100
AcDbLine
 10
12.72739355257502
 20
-0.4187913392589593
 30
0.0
 11
12.72739355257502
 21
-0.5187913392589536
 31
0.0
  0
TEXT
  5
27CA
330
27AF
100
AcDbEntity
  8
LOGO
 62
     2
100
AcDbText
 10
12.66096096123869
 20
-0.7061674809240372
 30
0.0
 40
0.15
  1
1
  7
ROMANS
100
AcDbText
  0
LINE
  5
27CB
330
27AF
100
AcDbEntity
  8
LOGO
 62
     2
100
AcDbLine
 10
12.72739355257502
 20
-0.4187913392589593
 30
0.0
 11
12.72739355257502
 21
-0.318791339258965
 31
0.0
  0
LINE
  5
27CC
330
27AF
100
AcDbEntity
  8
LOGO
 62
     2
100
AcDbLine
 10
13.72739355257502
 20
-0.5187913392589536
 30
0.0
 11
13.72739355257502
 21
-0.4187913392589593
 31
0.0
  0
TEXT
  5
27CD
330
27AF
100
AcDbEntity
  8
LOGO
 62
     2
100
AcDbText
 10
13.65003744282234
 20
-0.7061674809240372
 30
0.0
 40
0.15
  1
2
  7
ROMANS
100
AcDbText
  0
LWPOLYLINE
  5
27CE
330
27AF
100
AcDbEntity
  8
MARGEM
 62
     2
100
AcDbPolyline
 90
        4
 70
     1
 43
0.0
 10
15.00000000000009
 20
58.39999999999996
 10
-102.9999999999999
 20
58.39999999999996
 10
-102.9999999999999
 20
-1.000000000000014
 10
15.00000000000009
 20
-1.000000000000014
  0
LWPOLYLINE
  5
27CF
330
27AF
100
AcDbEntity
  8
MARGEM
 62
     6
100
AcDbPolyline
 90
        4
 70
     1
 43
0.0
 10
14.00000000000009
 20
57.39999999999996
 10
-100.4999999999999
 20
57.39999999999996
 10
-100.4999999999999
 20
-0.0000000000000142
 10
14.00000000000009
 20
-0.0000000000000142
  0
LINE
  5
27D0
330
27AF
100
AcDbEntity
  8
MARGEM
 62
     2
100
AcDbLine
 10
-81.99999999999991
 20
-1.000000000000014
 30
0.0
 11
-81.99999999999991
 21
-0.0000000000000142
 31
0.0
  0
LINE
  5
27D1
330
27AF
100
AcDbEntity
  8
MARGEM
 62
     2
100
AcDbLine
 10
-81.99999999999991
 20
-1.000000000000014
 30
0.0
 11
-81.99999999999991
 21
-0.0000000000000142
 31
0.0
  0
LINE
  5
27D2
330
27AF
100
AcDbEntity
  8
MARGEM
 62
     2
100
AcDbLine
 10
-102.9999999999999
 20
28.7
 30
0.0
 11
-100.4999999999999
 21
28.7
 31
0.0
  0
LINE
  5
27D3
330
27AF
100
AcDbEntity
  8
MARGEM
 62
     2
100
AcDbLine
 10
-81.99999999999991
 20
57.39999999999996
 30
0.0
 11
-81.99999999999991
 21
58.39999999999996
 31
0.0
  0
LINE
  5
27D4
330
27AF
100
AcDbEntity
  8
MARGEM
 62
     2
100
AcDbLine
 10
-81.99999999999991
 20
57.39999999999996
 30
0.0
 11
-81.99999999999991
 21
58.39999999999996
 31
0.0
  0
LINE
  5
27D5
330
27AF
100
AcDbEntity
  8
MARGEM
 62
     2
100
AcDbLine
 10
-70.49999999999991
 20
-1.000000000000014
 30
0.0
 11
-70.49999999999991
 21
-0.0000000000000142
 31
0.0
  0
LINE
  5
27D6
330
27AF
100
AcDbEntity
  8
MARGEM
 62
     2
100
AcDbLine
 10
-58.99999999999991
 20
-1.000000000000014
 30
0.0
 11
-58.99999999999991
 21
-0.0000000000000142
 31
0.0
  0
LINE
  5
27D7
330
27AF
100
AcDbEntity
  8
MARGEM
 62
     2
100
AcDbLine
 10
-40.49999999999991
 20
-1.000000000000014
 30
0.0
 11
-40.49999999999991
 21
-0.0000000000000142
 31
0.0
  0
LINE
  5
27D8
330
27AF
100
AcDbEntity
  8
MARGEM
 62
     2
100
AcDbLine
 10
-21.99999999999991
 20
-1.000000000000014
 30
0.0
 11
-21.99999999999991
 21
-0.0000000000000142
 31
0.0
  0
LINE
  5
27D9
330
27AF
100
AcDbEntity
  8
MARGEM
 62
     2
100
AcDbLine
 10
-70.49999999999991
 20
57.39999999999996
 30
0.0
 11
-70.49999999999991
 21
58.39999999999996
 31
0.0
  0
LINE
  5
27DA
330
27AF
100
AcDbEntity
  8
MARGEM
 62
     2
100
AcDbLine
 10
-58.99999999999991
 20
57.39999999999996
 30
0.0
 11
-58.99999999999991
 21
58.39999999999996
 31
0.0
  0
LINE
  5
27DB
330
27AF
100
AcDbEntity
  8
MARGEM
 62
     2
100
AcDbLine
 10
-40.49999999999991
 20
57.39999999999996
 30
0.0
 11
-40.49999999999991
 21
58.39999999999996
 31
0.0
  0
LINE
  5
27DC
330
27AF
100
AcDbEntity
  8
MARGEM
 62
     2
100
AcDbLine
 10
-21.99999999999991
 20
57.39999999999996
 30
0.0
 11
-21.99999999999991
 21
58.39999999999996
 31
0.0
  0
LINE
  5
27DD
330
27AF
100
AcDbEntity
  8
MARGEM
 62
     2
100
AcDbLine
 10
-3.499999999999915
 20
-1.000000000000014
 30
0.0
 11
-3.499999999999915
 21
-0.0000000000000142
 31
0.0
  0
LINE
  5
27DE
330
27AF
100
AcDbEntity
  8
MARGEM
 62
     2
100
AcDbLine
 10
14.00000000000009
 20
28.7
 30
0.0
 11
15.00000000000009
 21
28.7
 31
0.0
  0
LINE
  5
27DF
330
27AF
100
AcDbEntity
  8
MARGEM
 62
     2
100
AcDbLine
 10
-3.499999999999915
 20
57.39999999999996
 30
0.0
 11
-3.499999999999915
 21
58.39999999999996
 31
0.0
  0
ENDBLK
  5
27E0
330
27AF
100
AcDbEntity
  8
0
100
AcDbBlockEnd
  0
BLOCK
  5
27F5
330
27F4
100
AcDbEntity
  8
0
100
AcDbBlockBegin
  2
MAR-A1
 70
     0
 10
0.0
 20
0.0
 30
0.0
  3
MAR-A1
  1

  0
LWPOLYLINE
  5
27F6
330
27F4
100
AcDbEntity
  8
MARGEM
 62
     6
100
AcDbPolyline
 90
        4
 70
     1
 43
0.0
 10
-80.59999999999998
 20
-0.0000000000000006
 10
0.0
 20
0.0
 10
0.0
 20
57.4
 10
-80.59999999999998
 20
57.4
  0
LINE
  5
27F7
330
27F4
100
AcDbEntity
  8
MARGEM
 62
     2
100
AcDbLine
 10
-80.59999999999998
 20
28.7
 30
0.0
 11
-83.09999999999998
 21
28.7
 31
0.0
  0
LINE
  5
27F8
330
27F4
100
AcDbEntity
  8
MARGEM
 62
     2
100
AcDbLine
 10
-62.09999999999998
 20
0.0
 30
0.0
 11
-62.09999999999998
 21
-1.0
 31
0.0
  0
LINE
  5
27F9
330
27F4
100
AcDbEntity
  8
MARGEM
 62
     2
100
AcDbLine
 10
-49.04999999999998
 20
0.0
 30
0.0
 11
-49.04999999999998
 21
-1.0
 31
0.0
  0
LINE
  5
27FA
330
27F4
100
AcDbEntity
  8
MARGEM
 62
     2
100
AcDbLine
 10
-62.09999999999998
 20
58.4
 30
0.0
 11
-62.09999999999998
 21
57.4
 31
0.0
  0
LINE
  5
27FB
330
27F4
100
AcDbEntity
  8
MARGEM
 62
     2
100
AcDbLine
 10
-49.04999999999998
 20
58.4
 30
0.0
 11
-49.04999999999998
 21
57.4
 31
0.0
  0
LINE
  5
27FC
330
27F4
100
AcDbEntity
  8
MARGEM
 62
     2
100
AcDbLine
 10
-35.99999999999998
 20
0.0
 30
0.0
 11
-35.99999999999998
 21
-1.0
 31
0.0
  0
LINE
  5
27FD
330
27F4
100
AcDbEntity
  8
MARGEM
 62
     2
100
AcDbLine
 10
-17.49999999999999
 20
0.0
 30
0.0
 11
-17.49999999999999
 21
-1.0
 31
0.0
  0
LINE
  5
27FE
330
27F4
100
AcDbEntity
  8
MARGEM
 62
     2
100
AcDbLine
 10
1.0
 20
28.7
 30
0.0
 11
0.0
 21
28.7
 31
0.0
  0
LINE
  5
27FF
330
27F4
100
AcDbEntity
  8
MARGEM
 62
     2
100
AcDbLine
 10
-35.99999999999998
 20
58.4
 30
0.0
 11
-35.99999999999998
 21
57.4
 31
0.0
  0
LINE
  5
2800
330
27F4
100
AcDbEntity
  8
MARGEM
 62
     2
100
AcDbLine
 10
-17.49999999999999
 20
58.4
 30
0.0
 11
-17.49999999999999
 21
57.4
 31
0.0
  0
TEXT
  5
2801
330
27F4
100
AcDbEntity
  8
LOGO
 62
     2
100
AcDbText
 10
-17.36978344934674
 20
-0.7073908013179708
 30
0.0
 40
0.15
  1
TODOS OS DIREITOS RESERVADOS. PROIBIDA TODA A REPRODUÇÃO OU ALTERAÇÃO SEM PRÉVIA AUTORIZAÇÃO.
  7
ROMANS
100
AcDbText
  0
TEXT
  5
2802
330
27F4
100
AcDbEntity
  8
LOGO
 62
     2
100
AcDbText
 10
-17.37076628145336
 20
-0.443688943447349
 30
0.0
 40
0.15
  1
PROGRAMAS DE CÁLCULO E DETALHAMENTO EXCLUSIVOS DA PROJESOFT ENGENHARIA. 
  7
ROMANS
100
AcDbText
  0
LINE
  5
2803
330
27F4
100
AcDbEntity
  8
LOGO
 62
     2
100
AcDbLine
 10
-1.272606447425048
 20
-0.468791339258964
 30
0.0
 11
-0.2726064474250478
 21
-0.468791339258964
 31
0.0
  0
LINE
  5
2804
330
27F4
100
AcDbEntity
  8
LOGO
 62
     2
100
AcDbLine
 10
-1.272606447425048
 20
-0.5187913392589647
 30
0.0
 11
-0.2726064474250478
 21
-0.5187913392589647
 31
0.0
  0
LINE
  5
2805
330
27F4
100
AcDbEntity
  8
LOGO
 62
     2
100
AcDbLine
 10
-0.2726064474250478
 20
-0.4187913392589633
 30
0.0
 11
-1.272606447425048
 21
-0.4187913392589633
 31
0.0
  0
HATCH
  5
2806
330
27F4
100
AcDbEntity
  8
LOGO
 62
     2
100
AcDbHatch
 10
0.0
 20
0.0
 30
0.0
210
0.0
220
0.0
230
1.0
  2
SOLID
 70
     1
 71
     0
 91
        2
 92
        7
 72
     0
 73
     1
 93
        4
 10
-1.272606447425048
 20
-0.4187913392589633
 10
-1.272606447425048
 20
-0.3687913392589626
 10
-2.272606447425048
 20
-0.3687913392589626
 10
-2.272606447425048
 20
-0.4187913392589633
 97
        0
 92
        7
 72
     0
 73
     1
 93
        4
 10
-0.2726064474250478
 20
-0.468791339258964
 10
-0.2726064474250478
 20
-0.4187913392589633
 10
-1.272606447425048
 20
-0.4187913392589633
 10
-1.272606447425048
 20
-0.468791339258964
 97
        0
 75
     0
 76
     1
 47
0.0040170762040134
 98
        2
 10
-1.424617128364233
 20
-0.406128813466101
 10
-1.123123658724083
 20
-0.44629958893518
  0
LINE
  5
2807
330
27F4
100
AcDbEntity
  8
LOGO
 62
     2
100
AcDbLine
 10
-2.272606447425048
 20
-0.3687913392589626
 30
0.0
 11
-1.272606447425048
 21
-0.3687913392589626
 31
0.0
  0
LINE
  5
2808
330
27F4
100
AcDbEntity
  8
LOGO
 62
     2
100
AcDbLine
 10
-2.272606447425048
 20
-0.4187913392589633
 30
0.0
 11
-1.272606447425048
 21
-0.4187913392589633
 31
0.0
  0
LINE
  5
2809
330
27F4
100
AcDbEntity
  8
LOGO
 62
     2
100
AcDbLine
 10
-1.272606447425048
 20
-0.3187913392589619
 30
0.0
 11
-2.272606447425048
 21
-0.3187913392589619
 31
0.0
  0
LINE
  5
280A
330
27F4
100
AcDbEntity
  8
LOGO
 62
     2
100
AcDbLine
 10
-2.272606447425048
 20
-0.3187913392589619
 30
0.0
 11
-2.272606447425048
 21
-0.4187913392589633
 31
0.0
  0
TEXT
  5
280B
330
27F4
100
AcDbEntity
  8
LOGO
 62
     2
100
AcDbText
 10
-2.333011948336392
 20
-0.7061674809240412
 30
0.0
 40
0.15
  1
0
  7
ROMANS
100
AcDbText
  0
LINE
  5
280C
330
27F4
100
AcDbEntity
  8
LOGO
 62
     2
100
AcDbLine
 10
-1.272606447425048
 20
-0.4187913392589633
 30
0.0
 11
-1.272606447425048
 21
-0.3187913392589619
 31
0.0
  0
TEXT
  5
280D
330
27F4
100
AcDbEntity
  8
LOGO
 62
     2
100
AcDbText
 10
-1.339039038761385
 20
-0.7061674809240412
 30
0.0
 40
0.15
  1
1
  7
ROMANS
100
AcDbText
  0
LINE
  5
280E
330
27F4
100
AcDbEntity
  8
LOGO
 62
     2
100
AcDbLine
 10
-1.272606447425048
 20
-0.4187913392589633
 30
0.0
 11
-1.272606447425048
 21
-0.5187913392589647
 31
0.0
  0
TEXT
  5
280F
330
27F4
100
AcDbEntity
  8
LOGO
 62
     2
100
AcDbText
 10
-0.3499625571777329
 20
-0.7061674809240412
 30
0.0
 40
0.15
  1
2
  7
ROMANS
100
AcDbText
  0
LINE
  5
2810
330
27F4
100
AcDbEntity
  8
LOGO
 62
     2
100
AcDbLine
 10
-0.2726064474250478
 20
-0.5187913392589647
 30
0.0
 11
-0.2726064474250478
 21
-0.4187913392589633
 31
0.0
  0
TEXT
  5
2811
330
27F4
100
AcDbEntity
  8
LOGO
 62
     2
100
AcDbText
 10
-82.87674632953896
 20
2.505766854787297
 30
0.0
 40
0.15
  1
N - Esp. Cor
  7
ROMANS
100
AcDbText
  0
TEXT
  5
2812
330
27F4
100
AcDbEntity
  8
LOGO
 62
     2
100
AcDbText
 10
-82.89376535680564
 20
1.429754335090909
 30
0.0
 40
0.15
  1
4 - 0.30  7
  7
ROMANS
100
AcDbText
  0
TEXT
  5
2813
330
27F4
100
AcDbEntity
  8
LOGO
 62
     2
100
AcDbText
 10
-82.89376535680564
 20
1.167468620806968
 30
0.0
 40
0.15
  1
5 - 0.35  5
  7
ROMANS
100
AcDbText
  0
TEXT
  5
2814
330
27F4
100
AcDbEntity
  8
LOGO
 62
     2
100
AcDbText
 10
-82.89376535680564
 20
0.6428971922356048
 30
0.0
 40
0.15
  1
7 - 0.10  3
  7
ROMANS
100
AcDbText
  0
TEXT
  5
2815
330
27F4
100
AcDbEntity
  8
LOGO
 62
     2
100
AcDbText
 10
-82.87674632953896
 20
0.1594927096150764
 30
0.0
 40
0.15
  1
OUTRAS 0.15  7
  7
ROMANS
100
AcDbText
  0
TEXT
  5
2816
330
27F4
100
AcDbEntity
  8
LOGO
 62
     2
100
AcDbText
 10
-82.89376535680564
 20
2.216611477950867
 30
0.0
 40
0.15
  1
1 - 0.10  1
  7
ROMANS
100
AcDbText
  0
TEXT
  5
2817
330
27F4
100
AcDbEntity
  8
LOGO
 62
     2
100
AcDbText
 10
-82.89376535680564
 20
0.9051829065189594
 30
0.0
 40
0.15
  1
6 - 0.50  7
  7
ROMANS
100
AcDbText
  0
TEXT
  5
2818
330
27F4
100
AcDbEntity
  8
LOGO
 62
     2
100
AcDbText
 10
-82.89376535680564
 20
1.692040049378918
 30
0.0
 40
0.15
  1
3 - 0.20  7
  7
ROMANS
100
AcDbText
  0
TEXT
  5
2819
330
27F4
100
AcDbEntity
  8
LOGO
 62
     2
100
AcDbText
 10
-82.89376535680564
 20
1.954325763662859
 30
0.0
 40
0.15
  1
2 - 0.20  7
  7
ROMANS
100
AcDbText
  0
TEXT
  5
281A
330
27F4
100
AcDbEntity
  8
LOGO
 62
     2
100
AcDbText
 10
-82.93631329582492
 20
2.904125606680108
 30
0.0
 40
0.225
  1
PENAS
  7
ROMANS
100
AcDbText
  0
LINE
  5
281B
330
27F4
100
AcDbEntity
  8
MARGEM
 62
     2
100
AcDbLine
 10
-80.59999999999998
 20
-0.0000000000000006
 30
0.0
 11
-83.09999999999998
 21
-0.0000000000000006
 31
0.0
  0
LINE
  5
281C
330
27F4
100
AcDbEntity
  8
MARGEM
 62
     2
100
AcDbLine
 10
-83.09999999999998
 20
3.32614949442275
 30
0.0
 11
-80.59999999999998
 21
3.32614949442275
 31
0.0
  0
TEXT
  5
281D
330
27F4
100
AcDbEntity
  8
LOGO
 62
     2
100
AcDbText
 10
-82.94362792969558
 20
3.434604912957607
 30
0.0
 40
0.225
  1
A1-841x594
  7
ROMANS
100
AcDbText
  0
LWPOLYLINE
  5
281E
330
27F4
100
AcDbEntity
  8
MARGEM
 62
     2
100
AcDbPolyline
 90
        4
 70
     1
 43
0.0
 10
-83.09999999999998
 20
58.4
 10
-83.09999999999998
 20
-1.0
 10
1.0
 20
-1.0
 10
1.0
 20
58.4
  0
ENDBLK
  5
281F
330
27F4
100
AcDbEntity
  8
0
100
AcDbBlockEnd
  0
BLOCK
  5
2831
330
2830
100
AcDbEntity
  8
0
100
AcDbBlockBegin
  2
MAR-A2
 70
     0
 10
0.0
 20
0.0
 30
0.0
  3
MAR-A2
  1

  0
LWPOLYLINE
  5
2832
330
2830
100
AcDbEntity
  8
MARGEM
 62
     6
100
AcDbPolyline
 90
        4
 70
     1
 43
0.0
 10
2.5
 20
1.0
 10
58.4
 20
1.000000000000001
 10
58.4
 20
41.0
 10
2.5
 20
41.0
  0
LWPOLYLINE
  5
2833
330
2830
100
AcDbEntity
  8
MARGEM
 62
     2
100
AcDbPolyline
 90
        4
 70
     1
 43
0.0
 10
0.0
 20
0.0
 10
59.4
 20
0.0
 10
59.4
 20
42.0
 10
0.0
 20
42.0
  0
LINE
  5
2834
330
2830
100
AcDbEntity
  8
MARGEM
 62
     2
100
AcDbLine
 10
21.7
 20
1.000000000000001
 30
0.0
 11
21.7
 21
0.0
 31
0.0
  0
LINE
  5
2835
330
2830
100
AcDbEntity
  8
MARGEM
 62
     2
100
AcDbLine
 10
2.500000000000002
 20
29.7
 30
0.0
 11
0.0
 21
29.7
 31
0.0
  0
LINE
  5
2836
330
2830
100
AcDbEntity
  8
MARGEM
 62
     2
100
AcDbLine
 10
21.7
 20
42.0
 30
0.0
 11
21.7
 21
41.0
 31
0.0
  0
LINE
  5
2837
330
2830
100
AcDbEntity
  8
MARGEM
 62
     2
100
AcDbLine
 10
40.9
 20
1.000000000000001
 30
0.0
 11
40.9
 21
0.0
 31
0.0
  0
LINE
  5
2838
330
2830
100
AcDbEntity
  8
MARGEM
 62
     2
100
AcDbLine
 10
40.9
 20
42.0
 30
0.0
 11
40.9
 21
41.0
 31
0.0
  0
LINE
  5
2839
330
2830
100
AcDbEntity
  8
MARGEM
 62
     2
100
AcDbLine
 10
59.4
 20
29.7
 30
0.0
 11
58.4
 21
29.7
 31
0.0
  0
TEXT
  5
283A
330
2830
100
AcDbEntity
  8
LOGO
 62
     2
100
AcDbText
 10
0.2232536704610162
 20
1.159492709615076
 30
0.0
 40
0.15
  1
OUTRAS 0.15  7
  7
ROMANS
100
AcDbText
  0
TEXT
  5
283B
330
2830
100
AcDbEntity
  8
LOGO
 62
     2
100
AcDbText
 10
0.2062346431943425
 20
1.642897192235605
 30
0.0
 40
0.15
  1
7 - 0.10  3
  7
ROMANS
100
AcDbText
  0
LINE
  5
283C
330
2830
100
AcDbEntity
  8
MARGEM
 62
     2
100
AcDbLine
 10
2.5
 20
1.0
 30
0.0
 11
0.0
 21
1.0
 31
0.0
  0
TEXT
  5
283D
330
2830
100
AcDbEntity
  8
LOGO
 62
     2
100
AcDbText
 10
0.1636867041750651
 20
3.904125606680108
 30
0.0
 40
0.225
  1
PENAS
  7
ROMANS
100
AcDbText
  0
TEXT
  5
283E
330
2830
100
AcDbEntity
  8
LOGO
 62
     2
100
AcDbText
 10
0.2062346431943425
 20
2.954325763662858
 30
0.0
 40
0.15
  1
2 - 0.20  7
  7
ROMANS
100
AcDbText
  0
TEXT
  5
283F
330
2830
100
AcDbEntity
  8
LOGO
 62
     2
100
AcDbText
 10
0.2062346431943425
 20
2.692040049378917
 30
0.0
 40
0.15
  1
3 - 0.20  7
  7
ROMANS
100
AcDbText
  0
TEXT
  5
2840
330
2830
100
AcDbEntity
  8
LOGO
 62
     2
100
AcDbText
 10
0.2062346431943425
 20
1.905182906518959
 30
0.0
 40
0.15
  1
6 - 0.50  7
  7
ROMANS
100
AcDbText
  0
TEXT
  5
2841
330
2830
100
AcDbEntity
  8
LOGO
 62
     2
100
AcDbText
 10
0.2062346431943425
 20
3.216611477950867
 30
0.0
 40
0.15
  1
1 - 0.10  1
  7
ROMANS
100
AcDbText
  0
TEXT
  5
2842
330
2830
100
AcDbEntity
  8
LOGO
 62
     2
100
AcDbText
 10
0.2062346431943425
 20
2.167468620806968
 30
0.0
 40
0.15
  1
5 - 0.35  5
  7
ROMANS
100
AcDbText
  0
TEXT
  5
2843
330
2830
100
AcDbEntity
  8
LOGO
 62
     2
100
AcDbText
 10
0.2062346431943425
 20
2.429754335090909
 30
0.0
 40
0.15
  1
4 - 0.30  7
  7
ROMANS
100
AcDbText
  0
TEXT
  5
2844
330
2830
100
AcDbEntity
  8
LOGO
 62
     2
100
AcDbText
 10
0.2232536704610162
 20
3.505766854787296
 30
0.0
 40
0.15
  1
N - Esp. Cor
  7
ROMANS
100
AcDbText
  0
TEXT
  5
2845
330
2830
100
AcDbEntity
  8
LOGO
 62
     2
100
AcDbText
 10
0.1563720703044016
 20
4.434604912957607
 30
0.0
 40
0.225
  1
A2-594x420
  7
ROMANS
100
AcDbText
  0
LINE
  5
2846
330
2830
100
AcDbEntity
  8
MARGEM
 62
     2
100
AcDbLine
 10
0.0
 20
4.326149494422751
 30
0.0
 11
2.5
 21
4.326149494422751
 31
0.0
  0
TEXT
  5
2847
330
2830
100
AcDbEntity
  8
LOGO
 62
     2
100
AcDbText
 10
41.02923371854663
 20
0.5563110565526523
 30
0.0
 40
0.15
  1
PROGRAMAS DE CÁLCULO E DETALHAMENTO EXCLUSIVOS DA PROJESOFT ENGENHARIA. 
  7
ROMANS
100
AcDbText
  0
TEXT
  5
2848
330
2830
100
AcDbEntity
  8
LOGO
 62
     2
100
AcDbText
 10
41.03021655065324
 20
0.2926091986820305
 30
0.0
 40
0.15
  1
TODOS OS DIREITOS RESERVADOS. PROIBIDA TODA A REPRODUÇÃO OU ALTERAÇÃO SEM PRÉVIA AUTORIZAÇÃO.
  7
ROMANS
100
AcDbText
  0
LINE
  5
2849
330
2830
100
AcDbEntity
  8
LOGO
 62
     2
100
AcDbLine
 10
57.12739355257494
 20
0.6812086607410395
 30
0.0
 11
56.12739355257494
 21
0.6812086607410395
 31
0.0
  0
LINE
  5
284A
330
2830
100
AcDbEntity
  8
LOGO
 62
     2
100
AcDbLine
 10
56.12739355257494
 20
0.581208660741038
 30
0.0
 11
57.12739355257494
 21
0.581208660741038
 31
0.0
  0
LINE
  5
284B
330
2830
100
AcDbEntity
  8
LOGO
 62
     2
100
AcDbLine
 10
56.12739355257494
 20
0.6312086607410388
 30
0.0
 11
57.12739355257494
 21
0.6312086607410388
 31
0.0
  0
HATCH
  5
284C
330
2830
100
AcDbEntity
  8
LOGO
 62
     2
100
AcDbHatch
 10
0.0
 20
0.0
 30
0.0
210
0.0
220
0.0
230
1.0
  2
SOLID
 70
     1
 71
     0
 91
        2
 92
        7
 72
     0
 73
     1
 93
        4
 10
57.12739355257494
 20
0.581208660741038
 10
57.12739355257494
 20
0.6312086607410388
 10
56.12739355257494
 20
0.6312086607410388
 10
56.12739355257494
 20
0.581208660741038
 97
        0
 92
        7
 72
     0
 73
     1
 93
        4
 10
58.12739355257494
 20
0.5312086607410373
 10
58.12739355257494
 20
0.581208660741038
 10
57.12739355257494
 20
0.581208660741038
 10
57.12739355257494
 20
0.5312086607410373
 97
        0
 75
     0
 76
     1
 47
0.0040170762040134
 98
        2
 10
56.97538287163575
 20
0.5938711865339004
 10
57.2768763412759
 20
0.5537004110648214
  0
TEXT
  5
284D
330
2830
100
AcDbEntity
  8
LOGO
 62
     2
100
AcDbText
 10
56.06698805166359
 20
0.2938325190759601
 30
0.0
 40
0.15
  1
0
  7
ROMANS
100
AcDbText
  0
LINE
  5
284E
330
2830
100
AcDbEntity
  8
LOGO
 62
     2
100
AcDbLine
 10
56.12739355257494
 20
0.6812086607410395
 30
0.0
 11
56.12739355257494
 21
0.581208660741038
 31
0.0
  0
LINE
  5
284F
330
2830
100
AcDbEntity
  8
LOGO
 62
     2
100
AcDbLine
 10
58.12739355257494
 20
0.581208660741038
 30
0.0
 11
57.12739355257494
 21
0.581208660741038
 31
0.0
  0
LINE
  5
2850
330
2830
100
AcDbEntity
  8
LOGO
 62
     2
100
AcDbLine
 10
57.12739355257494
 20
0.4812086607410366
 30
0.0
 11
58.12739355257494
 21
0.4812086607410366
 31
0.0
  0
LINE
  5
2851
330
2830
100
AcDbEntity
  8
LOGO
 62
     2
100
AcDbLine
 10
57.12739355257494
 20
0.5312086607410373
 30
0.0
 11
58.12739355257494
 21
0.5312086607410373
 31
0.0
  0
LINE
  5
2852
330
2830
100
AcDbEntity
  8
LOGO
 62
     2
100
AcDbLine
 10
57.12739355257494
 20
0.581208660741038
 30
0.0
 11
57.12739355257494
 21
0.4812086607410366
 31
0.0
  0
TEXT
  5
2853
330
2830
100
AcDbEntity
  8
LOGO
 62
     2
100
AcDbText
 10
57.0609609612386
 20
0.2938325190759601
 30
0.0
 40
0.15
  1
1
  7
ROMANS
100
AcDbText
  0
LINE
  5
2854
330
2830
100
AcDbEntity
  8
LOGO
 62
     2
100
AcDbLine
 10
57.12739355257494
 20
0.581208660741038
 30
0.0
 11
57.12739355257494
 21
0.6812086607410395
 31
0.0
  0
LINE
  5
2855
330
2830
100
AcDbEntity
  8
LOGO
 62
     2
100
AcDbLine
 10
58.12739355257494
 20
0.4812086607410366
 30
0.0
 11
58.12739355257494
 21
0.581208660741038
 31
0.0
  0
TEXT
  5
2856
330
2830
100
AcDbEntity
  8
LOGO
 62
     2
100
AcDbText
 10
58.05003744282225
 20
0.2938325190759601
 30
0.0
 40
0.15
  1
2
  7
ROMANS
100
AcDbText
  0
ENDBLK
  5
2857
330
2830
100
AcDbEntity
  8
0
100
AcDbBlockEnd
  0
BLOCK
  5
285F
330
285E
100
AcDbEntity
  8
0
100
AcDbBlockBegin
  2
MAR-A3
 70
     0
 10
0.0
 20
0.0
 30
0.0
  3
MAR-A3
  1

  0
LWPOLYLINE
  5
2860
330
285E
100
AcDbEntity
  8
MARGEM
 62
     2
100
AcDbPolyline
 90
        4
 70
     1
 43
0.0
 10
0.0
 20
0.0
 10
42.0
 20
0.0
 10
42.0
 20
29.7
 10
0.0
 20
29.7
  0
LWPOLYLINE
  5
2861
330
285E
100
AcDbEntity
  8
MARGEM
 62
     6
100
AcDbPolyline
 90
        4
 70
     1
 43
0.0
 10
2.5
 20
0.9999999999999999
 10
41.0
 20
1.0
 10
41.0
 20
28.69999999999999
 10
2.5
 20
28.69999999999999
  0
LINE
  5
2862
330
285E
100
AcDbEntity
  8
MARGEM
 62
     2
100
AcDbLine
 10
13.0
 20
0.9999999999999999
 30
0.0
 11
13.0
 21
0.0
 31
0.0
  0
LINE
  5
2863
330
285E
100
AcDbEntity
  8
MARGEM
 62
     2
100
AcDbLine
 10
13.0
 20
29.69999999999999
 30
0.0
 11
13.0
 21
28.69999999999999
 31
0.0
  0
LINE
  5
2864
330
285E
100
AcDbEntity
  8
MARGEM
 62
     2
100
AcDbLine
 10
23.5
 20
1.0
 30
0.0
 11
23.5
 21
0.0
 31
0.0
  0
LINE
  5
2865
330
285E
100
AcDbEntity
  8
MARGEM
 62
     2
100
AcDbLine
 10
23.5
 20
29.69999999999999
 30
0.0
 11
23.5
 21
28.69999999999999
 31
0.0
  0
TEXT
  5
2866
330
285E
100
AcDbEntity
  8
LOGO
 62
     2
100
AcDbText
 10
0.1563720703044016
 20
4.434604912957607
 30
0.0
 40
0.225
  1
A3-420x297
  7
ROMANS
100
AcDbText
  0
LINE
  5
2867
330
285E
100
AcDbEntity
  8
MARGEM
 62
     2
100
AcDbLine
 10
0.0
 20
4.326149494422751
 30
0.0
 11
2.5
 21
4.326149494422751
 31
0.0
  0
TEXT
  5
2868
330
285E
100
AcDbEntity
  8
LOGO
 62
     2
100
AcDbText
 10
0.2232536704610162
 20
1.159492709615076
 30
0.0
 40
0.15
  1
OUTRAS 0.15  7
  7
ROMANS
100
AcDbText
  0
LINE
  5
2869
330
285E
100
AcDbEntity
  8
MARGEM
 62
     2
100
AcDbLine
 10
2.5
 20
1.0
 30
0.0
 11
0.0
 21
1.0
 31
0.0
  0
TEXT
  5
286A
330
285E
100
AcDbEntity
  8
LOGO
 62
     2
100
AcDbText
 10
0.2062346431943425
 20
1.642897192235605
 30
0.0
 40
0.15
  1
7 - 0.10  3
  7
ROMANS
100
AcDbText
  0
TEXT
  5
286B
330
285E
100
AcDbEntity
  8
LOGO
 62
     2
100
AcDbText
 10
0.2062346431943425
 20
2.692040049378917
 30
0.0
 40
0.15
  1
3 - 0.20  7
  7
ROMANS
100
AcDbText
  0
TEXT
  5
286C
330
285E
100
AcDbEntity
  8
LOGO
 62
     2
100
AcDbText
 10
0.2062346431943425
 20
1.905182906518959
 30
0.0
 40
0.15
  1
6 - 0.50  7
  7
ROMANS
100
AcDbText
  0
TEXT
  5
286D
330
285E
100
AcDbEntity
  8
LOGO
 62
     2
100
AcDbText
 10
0.2062346431943425
 20
2.167468620806968
 30
0.0
 40
0.15
  1
5 - 0.35  5
  7
ROMANS
100
AcDbText
  0
TEXT
  5
286E
330
285E
100
AcDbEntity
  8
LOGO
 62
     2
100
AcDbText
 10
0.2062346431943425
 20
2.429754335090909
 30
0.0
 40
0.15
  1
4 - 0.30  7
  7
ROMANS
100
AcDbText
  0
TEXT
  5
286F
330
285E
100
AcDbEntity
  8
LOGO
 62
     2
100
AcDbText
 10
0.1636867041750651
 20
3.904125606680108
 30
0.0
 40
0.225
  1
PENAS
  7
ROMANS
100
AcDbText
  0
TEXT
  5
2870
330
285E
100
AcDbEntity
  8
LOGO
 62
     2
100
AcDbText
 10
0.2062346431943425
 20
2.954325763662858
 30
0.0
 40
0.15
  1
2 - 0.20  7
  7
ROMANS
100
AcDbText
  0
TEXT
  5
2871
330
285E
100
AcDbEntity
  8
LOGO
 62
     2
100
AcDbText
 10
0.2062346431943425
 20
3.216611477950867
 30
0.0
 40
0.15
  1
1 - 0.10  1
  7
ROMANS
100
AcDbText
  0
TEXT
  5
2872
330
285E
100
AcDbEntity
  8
LOGO
 62
     2
100
AcDbText
 10
0.2232536704610162
 20
3.505766854787296
 30
0.0
 40
0.15
  1
N - Esp. Cor
  7
ROMANS
100
AcDbText
  0
TEXT
  5
2873
330
285E
100
AcDbEntity
  8
LOGO
 62
     2
100
AcDbText
 10
23.63021655065324
 20
0.3457137952577947
 30
0.0
 40
0.15
  1
TODOS OS DIREITOS RESERVADOS. PROIBIDA TODA A REPRODUÇÃO OU ALTERAÇÃO SEM PRÉVIA AUTORIZAÇÃO.
  7
ROMANS
100
AcDbText
  0
TEXT
  5
2874
330
285E
100
AcDbEntity
  8
LOGO
 62
     2
100
AcDbText
 10
23.62923371854663
 20
0.6094156531284165
 30
0.0
 40
0.15
  1
PROGRAMAS DE CÁLCULO E DETALHAMENTO EXCLUSIVOS DA PROJESOFT ENGENHARIA. 
  7
ROMANS
100
AcDbText
  0
LINE
  5
2875
330
285E
100
AcDbEntity
  8
LOGO
 62
     2
100
AcDbLine
 10
39.72739355257494
 20
0.5843132573168015
 30
0.0
 11
40.72739355257494
 21
0.5843132573168015
 31
0.0
  0
LINE
  5
2876
330
285E
100
AcDbEntity
  8
LOGO
 62
     2
100
AcDbLine
 10
39.72739355257494
 20
0.5343132573168008
 30
0.0
 11
40.72739355257494
 21
0.5343132573168008
 31
0.0
  0
LINE
  5
2877
330
285E
100
AcDbEntity
  8
LOGO
 62
     2
100
AcDbLine
 10
40.72739355257494
 20
0.6343132573168022
 30
0.0
 11
39.72739355257494
 21
0.6343132573168022
 31
0.0
  0
HATCH
  5
2878
330
285E
100
AcDbEntity
  8
LOGO
 62
     2
100
AcDbHatch
 10
0.0
 20
0.0
 30
0.0
210
0.0
220
0.0
230
1.0
  2
SOLID
 70
     1
 71
     0
 91
        2
 92
        7
 72
     0
 73
     1
 93
        4
 10
39.72739355257494
 20
0.6343132573168022
 10
39.72739355257494
 20
0.6843132573168029
 10
38.72739355257494
 20
0.6843132573168029
 10
38.72739355257494
 20
0.6343132573168022
 97
        0
 92
        7
 72
     0
 73
     1
 93
        4
 10
40.72739355257494
 20
0.5843132573168015
 10
40.72739355257494
 20
0.6343132573168022
 10
39.72739355257494
 20
0.6343132573168022
 10
39.72739355257494
 20
0.5843132573168015
 97
        0
 75
     0
 76
     1
 47
0.0040170762040134
 98
        2
 10
39.57538287163575
 20
0.6469757831096645
 10
39.8768763412759
 20
0.6068050076405855
  0
LINE
  5
2879
330
285E
100
AcDbEntity
  8
LOGO
 62
     2
100
AcDbLine
 10
38.72739355257494
 20
0.6843132573168029
 30
0.0
 11
39.72739355257494
 21
0.6843132573168029
 31
0.0
  0
LINE
  5
287A
330
285E
100
AcDbEntity
  8
LOGO
 62
     2
100
AcDbLine
 10
38.72739355257494
 20
0.6343132573168022
 30
0.0
 11
39.72739355257494
 21
0.6343132573168022
 31
0.0
  0
LINE
  5
287B
330
285E
100
AcDbEntity
  8
LOGO
 62
     2
100
AcDbLine
 10
39.72739355257494
 20
0.7343132573168036
 30
0.0
 11
38.72739355257494
 21
0.7343132573168036
 31
0.0
  0
TEXT
  5
287C
330
285E
100
AcDbEntity
  8
LOGO
 62
     2
100
AcDbText
 10
38.66698805166359
 20
0.3469371156517242
 30
0.0
 40
0.15
  1
0
  7
ROMANS
100
AcDbText
  0
LINE
  5
287D
330
285E
100
AcDbEntity
  8
LOGO
 62
     2
100
AcDbLine
 10
38.72739355257494
 20
0.7343132573168036
 30
0.0
 11
38.72739355257494
 21
0.6343132573168022
 31
0.0
  0
LINE
  5
287E
330
285E
100
AcDbEntity
  8
LOGO
 62
     2
100
AcDbLine
 10
39.72739355257494
 20
0.6343132573168022
 30
0.0
 11
39.72739355257494
 21
0.5343132573168008
 31
0.0
  0
TEXT
  5
287F
330
285E
100
AcDbEntity
  8
LOGO
 62
     2
100
AcDbText
 10
39.6609609612386
 20
0.3469371156517242
 30
0.0
 40
0.15
  1
1
  7
ROMANS
100
AcDbText
  0
LINE
  5
2880
330
285E
100
AcDbEntity
  8
LOGO
 62
     2
100
AcDbLine
 10
39.72739355257494
 20
0.6343132573168022
 30
0.0
 11
39.72739355257494
 21
0.7343132573168036
 31
0.0
  0
LINE
  5
2881
330
285E
100
AcDbEntity
  8
LOGO
 62
     2
100
AcDbLine
 10
40.72739355257494
 20
0.5343132573168008
 30
0.0
 11
40.72739355257494
 21
0.6343132573168022
 31
0.0
  0
TEXT
  5
2882
330
285E
100
AcDbEntity
  8
LOGO
 62
     2
100
AcDbText
 10
40.65003744282225
 20
0.3469371156517242
 30
0.0
 40
0.15
  1
2
  7
ROMANS
100
AcDbText
  0
ENDBLK
  5
2883
330
285E
100
AcDbEntity
  8
0
100
AcDbBlockEnd
  0
ENDSEC
  0
SECTION
  2
ENTITIES
  0
LWPOLYLINE
  5
2899
330
19
100
AcDbEntity
  8
03
100
AcDbPolyline
 90
        4
 70
     1
 43
0.0
 10
0.0
 20
0.0
 10
25.0
 20
0.0
 10
25.0
 20
15.0
 10
0.0
 20
15.0
  0
CIRCLE
  5
289A
330
19
100
AcDbEntity
  8
04
100
AcDbCircle
 10
12.5
 20
7.5
 30
0.0
 40
5.0
  0
LWPOLYLINE
  5
289B
330
19
100
AcDbEntity
  8
02
100
AcDbPolyline
 90
        5
 70
     0
 43
0.0
 10
0.0
 20
7.5
 10
12.5
 20
15.0
 10
25.0
 20
7.5
 10
12.5
 20
0.0
 10
0.0
 20
7.5
  0
LWPOLYLINE
  5
289C
330
19
100
AcDbEntity
  8
0
100
AcDbPolyline
 90
        2
 70
     0
 43
0.0
 10
7.5
 20
7.500000000000001
 42
-0.1894598207263642
 10
17.5
 20
7.499999999999999
  0
LWPOLYLINE
  5
289E
330
19
100
AcDbEntity
  8
0
100
AcDbPolyline
 90
        2
 70
     0
 43
0.0
 10
7.625625566491331
 20
8.613765631520842
 42
-0.1710031684026758
 10
17.37437443350867
 20
8.613765631520838
  0
ENDSEC
  0
SECTION
  2
OBJECTS
  0
DICTIONARY
  5
C
330
0
100
AcDbDictionary
281
     1
  3
ACAD_CIP_PREVIOUS_PRODUCT_INFO
350
24AA
  3
ACAD_COLOR
350
1A28
  3
ACAD_DETAILVIEWSTYLE
350
24A0
  3
ACAD_GROUP
350
D
  3
ACAD_LAST_SAVED_VERSION_INFO
350
289F
  3
ACAD_LAYOUT
350
1A50
  3
ACAD_MATERIAL
350
19FE
  3
ACAD_MLEADERSTYLE
350
1A4D
  3
ACAD_MLINESTYLE
350
E
  3
ACAD_PLOTSETTINGS
350
1A51
  3
ACAD_PLOTSTYLENAME
350
19FC
  3
ACAD_RENDER_ACTIVE_RAPIDRT_SETTINGS
350
24B2
  3
ACAD_RENDER_RAPIDRT_SETTINGS
350
24AB
  3
ACAD_SCALELIST
350
1A2B
  3
ACAD_SECTIONVIEWSTYLE
350
249E
  3
ACAD_TABLESTYLE
350
1A29
  3
ACAD_VISUALSTYLE
350
1A17
  3
AcAec
350
1DC5
  3
ACDB_RECOMPOSE_DATA
350
292E
  3
AcDbVariableDictionary
350
1A5F
  3
AEC_PROPERTY_SET_DEFS
350
226B
  0
DICTIONARY
  5
1DAF
330
2
100
AcDbDictionary
280
     1
281
     1
  3
ACAD_LAYERSTATES
360
1DB0
  3
ACLYDICTIONARY
360
2498
  0
DICTIONARY
  5
2578
330
F
100
AcDbDictionary
280
     1
281
     1
  3
ADSK_XREC_LAYER_RECONCILED
360
28A0
  0
DICTIONARY
  5
257A
330
B5
100
AcDbDictionary
280
     1
281
     1
  3
ADSK_XREC_LAYER_RECONCILED
360
28A1
  0
DICTIONARY
  5
257C
330
B6
100
AcDbDictionary
280
     1
281
     1
  3
ADSK_XREC_LAYER_RECONCILED
360
28A2
  0
DICTIONARY
  5
257E
330
B7
100
AcDbDictionary
280
     1
281
     1
  3
ADSK_XREC_LAYER_RECONCILED
360
28A3
  0
DICTIONARY
  5
2580
330
B8
100
AcDbDictionary
280
     1
281
     1
  3
ADSK_XREC_LAYER_RECONCILED
360
28A4
  0
DICTIONARY
  5
2582
330
B9
100
AcDbDictionary
280
     1
281
     1
  3
ADSK_XREC_LAYER_RECONCILED
360
28A5
  0
DICTIONARY
  5
2584
330
BA
100
AcDbDictionary
280
     1
281
     1
  3
ADSK_XREC_LAYER_RECONCILED
360
28A6
  0
DICTIONARY
  5
2586
330
BB
100
AcDbDictionary
280
     1
281
     1
  3
ADSK_XREC_LAYER_RECONCILED
360
28A7
  0
DICTIONARY
  5
2588
330
BC
100
AcDbDictionary
280
     1
281
     1
  3
ADSK_XREC_LAYER_RECONCILED
360
28A8
  0
DICTIONARY
  5
258A
330
BD
100
AcDbDictionary
280
     1
281
     1
  3
ADSK_XREC_LAYER_RECONCILED
360
28A9
  0
DICTIONARY
  5
258C
330
BE
100
AcDbDictionary
280
     1
281
     1
  3
ADSK_XREC_LAYER_RECONCILED
360
28AA
  0
DICTIONARY
  5
258E
330
C0
100
AcDbDictionary
280
     1
281
     1
  3
ADSK_XREC_LAYER_RECONCILED
360
28AB
  0
DICTIONARY
  5
2590
330
C1
100
AcDbDictionary
280
     1
281
     1
  3
ADSK_XREC_LAYER_RECONCILED
360
28AC
  0
DICTIONARY
  5
2592
330
C2
100
AcDbDictionary
280
     1
281
     1
  3
ADSK_XREC_LAYER_RECONCILED
360
28AD
  0
DICTIONARY
  5
2594
330
14C8
100
AcDbDictionary
280
     1
281
     1
  3
ADSK_XREC_LAYER_RECONCILED
360
28AE
  0
DICTIONARY
  5
2596
330
14C9
100
AcDbDictionary
280
     1
281
     1
  3
ADSK_XREC_LAYER_RECONCILED
360
28AF
  0
DICTIONARY
  5
2598
330
14CA
100
AcDbDictionary
280
     1
281
     1
  3
ADSK_XREC_LAYER_RECONCILED
360
28B0
  0
DICTIONARY
  5
259A
330
14CB
100
AcDbDictionary
280
     1
281
     1
  3
ADSK_XREC_LAYER_RECONCILED
360
28B1
  0
DICTIONARY
  5
259C
330
14CC
100
AcDbDictionary
280
     1
281
     1
  3
ADSK_XREC_LAYER_RECONCILED
360
28B2
  0
DICTIONARY
  5
259E
330
14CD
100
AcDbDictionary
280
     1
281
     1
  3
ADSK_XREC_LAYER_RECONCILED
360
28B3
  0
DICTIONARY
  5
25A0
330
14CE
100
AcDbDictionary
280
     1
281
     1
  3
ADSK_XREC_LAYER_RECONCILED
360
28B4
  0
DICTIONARY
  5
25A2
330
14CF
100
AcDbDictionary
280
     1
281
     1
  3
ADSK_XREC_LAYER_RECONCILED
360
28B5
  0
DICTIONARY
  5
25A4
330
14D0
100
AcDbDictionary
280
     1
281
     1
  3
ADSK_XREC_LAYER_RECONCILED
360
28B6
  0
DICTIONARY
  5
25A6
330
14D1
100
AcDbDictionary
280
     1
281
     1
  3
ADSK_XREC_LAYER_RECONCILED
360
28B7
  0
DICTIONARY
  5
25A8
330
14D2
100
AcDbDictionary
280
     1
281
     1
  3
ADSK_XREC_LAYER_RECONCILED
360
28B8
  0
DICTIONARY
  5
25AA
330
14D3
100
AcDbDictionary
280
     1
281
     1
  3
ADSK_XREC_LAYER_RECONCILED
360
28B9
  0
DICTIONARY
  5
25AC
330
14D4
100
AcDbDictionary
280
     1
281
     1
  3
ADSK_XREC_LAYER_RECONCILED
360
28BA
  0
DICTIONARY
  5
25AE
330
14D5
100
AcDbDictionary
280
     1
281
     1
  3
ADSK_XREC_LAYER_RECONCILED
360
28BB
  0
DICTIONARY
  5
25B0
330
14D7
100
AcDbDictionary
280
     1
281
     1
  3
ADSK_XREC_LAYER_RECONCILED
360
28BC
  0
DICTIONARY
  5
25B2
330
14D8
100
AcDbDictionary
280
     1
281
     1
  3
ADSK_XREC_LAYER_RECONCILED
360
28BD
  0
DICTIONARY
  5
25B4
330
1527
100
AcDbDictionary
280
     1
281
     1
  3
ADSK_XREC_LAYER_RECONCILED
360
28BE
  0
DICTIONARY
  5
25B6
330
1DC1
100
AcDbDictionary
280
     1
281
     1
  3
ADSK_XREC_LAYER_RECONCILED
360
28BF
  0
DICTIONARY
  5
25B8
330
1DC3
100
AcDbDictionary
280
     1
281
     1
  3
ADSK_XREC_LAYER_RECONCILED
360
28C0
  0
DICTIONARY
  5
25BA
330
1DC4
100
AcDbDictionary
280
     1
281
     1
  3
ADSK_XREC_LAYER_RECONCILED
360
28C1
  0
DICTIONARY
  5
25C0
330
21F3
100
AcDbDictionary
280
     1
281
     1
  3
ADSK_XREC_LAYER_RECONCILED
360
28C2
  0
DICTIONARY
  5
25C2
330
249A
100
AcDbDictionary
280
     1
281
     1
  3
ADSK_XREC_LAYER_RECONCILED
360
28C3
  0
DICTIONARY
  5
25C4
330
249B
100
AcDbDictionary
280
     1
281
     1
  3
ADSK_XREC_LAYER_RECONCILED
360
28C4
  0
DICTIONARY
  5
25C6
330
24C7
100
AcDbDictionary
280
     1
281
     1
  3
ADSK_XREC_LAYER_RECONCILED
360
28C5
  0
DICTIONARY
  5
25C8
330
24C9
100
AcDbDictionary
280
     1
281
     1
  3
ADSK_XREC_LAYER_RECONCILED
360
28C6
  0
DICTIONARY
  5
25CA
330
24CA
100
AcDbDictionary
280
     1
281
     1
  3
ADSK_XREC_LAYER_RECONCILED
360
28C7
  0
DICTIONARY
  5
25CC
330
24CB
100
AcDbDictionary
280
     1
281
     1
  3
ADSK_XREC_LAYER_RECONCILED
360
28C8
  0
DICTIONARY
  5
25CE
330
2577
100
AcDbDictionary
280
     1
281
     1
  3
ADSK_XREC_LAYER_RECONCILED
360
28C9
  0
DICTIONARY
  5
25E6
330
25E5
100
AcDbDictionary
280
     1
281
     1
  3
ADSK_XREC_LAYER_RECONCILED
360
28CA
  0
DICTIONARY
  5
28CB
330
2704
100
AcDbDictionary
280
     1
281
     1
  3
ADSK_XREC_LAYER_RECONCILED
360
28CC
  0
DICTIONARY
  5
28CD
330
27A6
100
AcDbDictionary
280
     1
281
     1
  3
ADSK_XREC_LAYER_RECONCILED
360
28CE
  0
DICTIONARY
  5
28CF
330
27E9
100
AcDbDictionary
280
     1
281
     1
  3
ADSK_XREC_LAYER_RECONCILED
360
28D0
  0
DICTIONARY
  5
1B09
330
19
100
AcDbDictionary
280
     1
281
     1
  3
ACAD_SORTENTS
360
1B0A
  0
DICTIONARY
  5
24CD
330
24CC
100
AcDbDictionary
280
     1
281
     1
  3
ACAD_SORTENTS
360
24CE
  0
DICTIONARY
  5
24D4
330
24D3
100
AcDbDictionary
280
     1
281
     1
  3
ACAD_ENHANCEDBLOCK
360
24D5
  3
AcDbBlockTableRecordData
360
2925
  3
AcDbDynamicBlockRoundTripPurgePreventer
360
24D7
  0
XRECORD
  5
24AA
102
{ACAD_REACTORS
330
C
102
}
330
C
100
AcDbXrecord
280
     1
300
ACD
300
2024
300

  0
DICTIONARY
  5
1A28
102
{ACAD_REACTORS
330
C
102
}
330
C
100
AcDbDictionary
281
     1
  0
DICTIONARY
  5
24A0
102
{ACAD_REACTORS
330
C
102
}
330
C
100
AcDbDictionary
281
     1
  3
Imperial24
350
24A1
  0
DICTIONARY
  5
D
102
{ACAD_REACTORS
330
C
102
}
330
C
100
AcDbDictionary
281
     1
  0
XRECORD
  5
289F
102
{ACAD_REACTORS
330
C
102
}
330
C
100
AcDbXrecord
280
     1
300
{36A8BBFD-A0C1-A449-B574-FF08CFF89B16}
301
{A0969FCB-346E-7C46-B420-51B923D41512}
302
{36A8BBFD-A0C1-A449-B574-FF08CFF89B16}
303
C:\Users\lucas\OneDrive\Documentos\PROGRAMAÇÃO\Python\DWG Metrics Explorer\data\Bandeira Brasil.dwg
  0
DICTIONARY
  5
1A50
102
{ACAD_REACTORS
330
C
102
}
330
C
100
AcDbDictionary
281
     1
  3
Layout1
350
1A53
  3
Model
350
1A52
  0
DICTIONARY
  5
19FE
102
{ACAD_REACTORS
330
C
102
}
330
C
100
AcDbDictionary
281
     1
  3
ByBlock
350
1A07
  3
ByLayer
350
19FF
  3
Global
350
1A0F
  0
DICTIONARY
  5
1A4D
102
{ACAD_REACTORS
330
C
102
}
330
C
100
AcDbDictionary
281
     1
  3
Standard
350
1A4E
  0
DICTIONARY
  5
E
102
{ACAD_REACTORS
330
C
102
}
330
C
100
AcDbDictionary
281
     1
  3
STANDARD
350
1C
  0
DICTIONARY
  5
1A51
102
{ACAD_REACTORS
330
C
102
}
330
C
100
AcDbDictionary
281
     1
  0
ACDBDICTIONARYWDFLT
  5
19FC
102
{ACAD_REACTORS
330
C
102
}
330
C
100
AcDbDictionary
281
     1
  3
Normal
350
19FD
100
AcDbDictionaryWithDefault
340
19FD
  0
RAPIDRTRENDERSETTINGS
  5
24B2
102
{ACAD_REACTORS
330
C
102
}
330
C
100
AcDbRenderSettings
 90
        2
  1
Medium
290
     1
290
     0
290
     1
290
     1
  1

  1
Applies 5 rendering levels
 90
        0
100
AcDbRapidRTRenderSettings
 90
        3
 70
     0
 90
        5
 90
        1
 70
     1
 70
     2
 40
3.0
 40
3.0
290
     1
1001
ACAD
1000
AcRTDxfName
1000
RAPIDRTRENDERSETTINGS
  0
DICTIONARY
  5
24AB
102
{ACAD_REACTORS
330
C
102
}
330
C
100
AcDbDictionary
281
     1
  3
Coffee-Break Quality
350
24AF
  3
High
350
24AE
  3
Low
350
24AC
  3
Lunch Quality
350
24B0
  3
Medium
350
24AD
  3
Overnight Quality
350
24B1
  0
DICTIONARY
  5
1A2B
102
{ACAD_REACTORS
330
C
102
}
330
C
100
AcDbDictionary
281
     1
  3
A0
350
1A2C
  3
A1
350
1A2D
  3
A2
350
1A2E
  3
A3
350
1A2F
  3
A4
350
1A30
  3
A5
350
1A31
  3
A6
350
1A32
  3
A7
350
1A33
  3
A8
350
1A34
  3
A9
350
1A35
  3
B0
350
1A36
  3
B1
350
1A37
  3
B2
350
1A38
  3
B3
350
1A39
  3
B4
350
1A3A
  3
B5
350
1A3B
  3
B6
350
1A3C
  3
B7
350
1A3D
  3
B8
350
1A3E
  3
B9
350
1A3F
  3
C0
350
1A40
  3
C1
350
1A41
  3
C2
350
1A42
  3
C3
350
1A43
  3
C4
350
1A44
  3
C5
350
1A45
  3
C6
350
1A46
  3
C7
350
1A47
  3
C8
350
1A48
  3
C9
350
1A49
  3
D0
350
1A4A
  3
D1
350
1A4B
  3
D2
350
1A4C
  0
DICTIONARY
  5
249E
102
{ACAD_REACTORS
330
C
102
}
330
C
100
AcDbDictionary
281
     1
  3
Imperial24
350
249F
  0
DICTIONARY
  5
1A29
102
{ACAD_REACTORS
330
C
102
}
330
C
100
AcDbDictionary
281
     1
  3
Standard
350
1A2A
  0
DICTIONARY
  5
1A17
102
{ACAD_REACTORS
330
C
102
}
330
C
100
AcDbDictionary
281
     1
  3
2dWireframe
350
1A1D
  3
3D Hidden
350
1A1F
  3
3dWireframe
350
1A1E
  3
Basic
350
1A1C
  3
Brighten
350
1A23
  3
ColorChange
350
1A27
  3
Conceptual
350
1A20
  3
Dim
350
1A22
  3
EdgeColorOff
350
1A75
  3
Facepattern
350
1A26
  3
Flat
350
1A18
  3
FlatWithEdges
350
1A19
  3
Gouraud
350
1A1A
  3
GouraudWithEdges
350
1A1B
  3
Hidden
350
248F
  3
JitterOff
350
1A73
  3
Linepattern
350
1A25
  3
OverhangOff
350
1A74
  3
Realistic
350
1A21
  3
Shaded
350
2494
  3
Shaded with edges
350
2493
  3
Shades of Gray
350
2490
  3
Sketchy
350
2491
  3
Thicken
350
1A24
  3
Wireframe
350
248E
  3
X-Ray
350
2492
  0
DICTIONARY
  5
1DC5
102
{ACAD_REACTORS
330
C
102
}
330
C
100
AcDbDictionary
280
     1
281
     1
  0
XRECORD
  5
292E
102
{ACAD_REACTORS
330
C
102
}
330
C
100
AcDbXrecord
280
     1
 90
        1
330
1A2A
  0
DICTIONARY
  5
1A5F
102
{ACAD_REACTORS
330
C
102
}
330
C
100
AcDbDictionary
281
     1
  3
CANNOSCALE
350
292B
  3
CMLEADERSTYLE
350
1A61
  3
CTABLESTYLE
350
1A60
  3
CVIEWDETAILSTYLE
350
24BC
  3
CVIEWSECTIONSTYLE
350
24BD
  3
DIMASSOC
350
2929
  3
INDEXCTL
350
2928
  3
LAYEREVAL
350
1A65
  3
LAYERNOTIFY
350
1A66
  3
LIGHTINGUNITS
350
1A64
  3
MSLTSCALE
350
1A62
  3
SOLIDHIST
350
292A
  3
SORTENTS
350
2927
  3
XCLIPFRAME
350
249C
  0
DICTIONARY
  5
226B
102
{ACAD_REACTORS
330
C
102
}
330
C
100
AcDbDictionary
281
     1
  0
DICTIONARY
  5
1DB0
102
{ACAD_REACTORS
330
1DAF
102
}
330
1DAF
100
AcDbDictionary
281
     1
  0
DICTIONARY
  5
2498
102
{ACAD_REACTORS
330
1DAF
102
}
330
1DAF
100
AcDbDictionary
281
     1
  3
*A1
350
2499
  0
XRECORD
  5
28A0
102
{ACAD_REACTORS
330
2578
102
}
330
2578
100
AcDbXrecord
280
     1
290
     1
  0
XRECORD
  5
28A1
102
{ACAD_REACTORS
330
257A
102
}
330
257A
100
AcDbXrecord
280
     1
290
     1
  0
XRECORD
  5
28A2
102
{ACAD_REACTORS
330
257C
102
}
330
257C
100
AcDbXrecord
280
     1
290
     1
  0
XRECORD
  5
28A3
102
{ACAD_REACTORS
330
257E
102
}
330
257E
100
AcDbXrecord
280
     1
290
     1
  0
XRECORD
  5
28A4
102
{ACAD_REACTORS
330
2580
102
}
330
2580
100
AcDbXrecord
280
     1
290
     1
  0
XRECORD
  5
28A5
102
{ACAD_REACTORS
330
2582
102
}
330
2582
100
AcDbXrecord
280
     1
290
     1
  0
XRECORD
  5
28A6
102
{ACAD_REACTORS
330
2584
102
}
330
2584
100
AcDbXrecord
280
     1
290
     1
  0
XRECORD
  5
28A7
102
{ACAD_REACTORS
330
2586
102
}
330
2586
100
AcDbXrecord
280
     1
290
     1
  0
XRECORD
  5
28A8
102
{ACAD_REACTORS
330
2588
102
}
330
2588
100
AcDbXrecord
280
     1
290
     1
  0
XRECORD
  5
28A9
102
{ACAD_REACTORS
330
258A
102
}
330
258A
100
AcDbXrecord
280
     1
290
     1
  0
XRECORD
  5
28AA
102
{ACAD_REACTORS
330
258C
102
}
330
258C
100
AcDbXrecord
280
     1
290
     1
  0
XRECORD
  5
28AB
102
{ACAD_REACTORS
330
258E
102
}
330
258E
100
AcDbXrecord
280
     1
290
     1
  0
XRECORD
  5
28AC
102
{ACAD_REACTORS
330
2590
102
}
330
2590
100
AcDbXrecord
280
     1
290
     1
  0
XRECORD
  5
28AD
102
{ACAD_REACTORS
330
2592
102
}
330
2592
100
AcDbXrecord
280
     1
290
     1
  0
XRECORD
  5
28AE
102
{ACAD_REACTORS
330
2594
102
}
330
2594
100
AcDbXrecord
280
     1
290
     1
  0
XRECORD
  5
28AF
102
{ACAD_REACTORS
330
2596
102
}
330
2596
100
AcDbXrecord
280
     1
290
     1
  0
XRECORD
  5
28B0
102
{ACAD_REACTORS
330
2598
102
}
330
2598
100
AcDbXrecord
280
     1
290
     1
  0
XRECORD
  5
28B1
102
{ACAD_REACTORS
330
259A
102
}
330
259A
100
AcDbXrecord
280
     1
290
     1
  0
XRECORD
  5
28B2
102
{ACAD_REACTORS
330
259C
102
}
330
259C
100
AcDbXrecord
280
     1
290
     1
  0
XRECORD
  5
28B3
102
{ACAD_REACTORS
330
259E
102
}
330
259E
100
AcDbXrecord
280
     1
290
     1
  0
XRECORD
  5
28B4
102
{ACAD_REACTORS
330
25A0
102
}
330
25A0
100
AcDbXrecord
280
     1
290
     1
  0
XRECORD
  5
28B5
102
{ACAD_REACTORS
330
25A2
102
}
330
25A2
100
AcDbXrecord
280
     1
290
     1
  0
XRECORD
  5
28B6
102
{ACAD_REACTORS
330
25A4
102
}
330
25A4
100
AcDbXrecord
280
     1
290
     1
  0
XRECORD
  5
28B7
102
{ACAD_REACTORS
330
25A6
102
}
330
25A6
100
AcDbXrecord
280
     1
290
     1
  0
XRECORD
  5
28B8
102
{ACAD_REACTORS
330
25A8
102
}
330
25A8
100
AcDbXrecord
280
     1
290
     1
  0
XRECORD
  5
28B9
102
{ACAD_REACTORS
330
25AA
102
}
330
25AA
100
AcDbXrecord
280
     1
290
     1
  0
XRECORD
  5
28BA
102
{ACAD_REACTORS
330
25AC
102
}
330
25AC
100
AcDbXrecord
280
     1
290
     1
  0
XRECORD
  5
28BB
102
{ACAD_REACTORS
330
25AE
102
}
330
25AE
100
AcDbXrecord
280
     1
290
     1
  0
XRECORD
  5
28BC
102
{ACAD_REACTORS
330
25B0
102
}
330
25B0
100
AcDbXrecord
280
     1
290
     1
  0
XRECORD
  5
28BD
102
{ACAD_REACTORS
330
25B2
102
}
330
25B2
100
AcDbXrecord
280
     1
290
     1
  0
XRECORD
  5
28BE
102
{ACAD_REACTORS
330
25B4
102
}
330
25B4
100
AcDbXrecord
280
     1
290
     1
  0
XRECORD
  5
28BF
102
{ACAD_REACTORS
330
25B6
102
}
330
25B6
100
AcDbXrecord
280
     1
290
     1
  0
XRECORD
  5
28C0
102
{ACAD_REACTORS
330
25B8
102
}
330
25B8
100
AcDbXrecord
280
     1
290
     1
  0
XRECORD
  5
28C1
102
{ACAD_REACTORS
330
25BA
102
}
330
25BA
100
AcDbXrecord
280
     1
290
     1
  0
XRECORD
  5
28C2
102
{ACAD_REACTORS
330
25C0
102
}
330
25C0
100
AcDbXrecord
280
     1
290
     1
  0
XRECORD
  5
28C3
102
{ACAD_REACTORS
330
25C2
102
}
330
25C2
100
AcDbXrecord
280
     1
290
     1
  0
XRECORD
  5
28C4
102
{ACAD_REACTORS
330
25C4
102
}
330
25C4
100
AcDbXrecord
280
     1
290
     1
  0
XRECORD
  5
28C5
102
{ACAD_REACTORS
330
25C6
102
}
330
25C6
100
AcDbXrecord
280
     1
290
     1
  0
XRECORD
  5
28C6
102
{ACAD_REACTORS
330
25C8
102
}
330
25C8
100
AcDbXrecord
280
     1
290
     1
  0
XRECORD
  5
28C7
102
{ACAD_REACTORS
330
25CA
102
}
330
25CA
100
AcDbXrecord
280
     1
290
     1
  0
XRECORD
  5
28C8
102
{ACAD_REACTORS
330
25CC
102
}
330
25CC
100
AcDbXrecord
280
     1
290
     1
  0
XRECORD
  5
28C9
102
{ACAD_REACTORS
330
25CE
102
}
330
25CE
100
AcDbXrecord
280
     1
290
     1
  0
XRECORD
  5
28CA
102
{ACAD_REACTORS
330
25E6
102
}
330
25E6
100
AcDbXrecord
280
     1
290
     1
  0
XRECORD
  5
28CC
102
{ACAD_REACTORS
330
28CB
102
}
330
28CB
100
AcDbXrecord
280
     1
290
     1
  0
XRECORD
  5
28CE
102
{ACAD_REACTORS
330
28CD
102
}
330
28CD
100
AcDbXrecord
280
     1
290
     1
  0
XRECORD
  5
28D0
102
{ACAD_REACTORS
330
28CF
102
}
330
28CF
100
AcDbXrecord
280
     1
290
     1
  0
SORTENTSTABLE
  5
1B0A
102
{ACAD_REACTORS
330
1B09
102
}
330
1B09
100
AcDbSortentsTable
330
19
  0
SORTENTSTABLE
  5
24CE
102
{ACAD_REACTORS
330
24CD
102
}
330
24CD
100
AcDbSortentsTable
330
24CC
  0
ACAD_PROXY_OBJECT
  5
24D5
102
{ACAD_REACTORS
330
24D4
102
}
330
24D4
100
AcDbProxyObject
 90
      499
 91
      512
 71
    23
 97
       15
 70
     0
161
               190
310
41505406481053FFFFFFFCFFFFFFFF3FFFFFFFCFFFFFFFF8
360
24D6
 94
        0
  0
DICTIONARY
  5
2925
102
{ACAD_REACTORS
330
24D4
102
}
330
24D4
100
AcDbDictionary
280
     1
281
     1
  0
ACAD_PROXY_OBJECT
  5
24D7
102
{ACAD_REACTORS
330
24D4
102
}
330
24D4
100
AcDbProxyObject
 90
      499
 91
      518
 71
    23
 97
       15
 70
     0
161
                10
310
4040
340
24D3
 94
        0
  0
ACDBDETAILVIEWSTYLE
  5
24A1
102
{ACAD_REACTORS
330
24A0
102
}
102
{ACAD_XDICTIONARY
360
2923
102
}
330
24A0
100
AcDbModelDocViewStyle
 70
     0
  3
Imperial24
290
     0
300
Imperial24
 90
        0
100
AcDbDetailViewStyle
 70
     0
 71
     0
 90
        3
 71
     1
340
10
 62
   256
 40
0.24
340
0
 62
   256
 40
0.24
300

 40
0.36
280
     3
 71
     2
340
15
 90
       25
 62
   256
 71
     3
340
10
 62
   256
 40
0.24
 90
        1
 40
0.75
 90
        1
300
%<\AcVar ViewType \f "%tc1">% %<\AcVar ViewDetailId>%\PSCALE %<\AcVar ViewScale \f "%sn">%
 71
     4
340
15
 90
       25
 62
   256
340
15
 90
       25
 62
   256
280
     0
  0
LAYOUT
  5
1A53
102
{ACAD_REACTORS
330
1A50
102
}
330
1A50
100
AcDbPlotSettings
  1

  2
PDF995
  4

  6

 40
0.0
 41
0.0
 42
0.0
 43
0.0
 44
0.0
 45
0.0
 46
0.0
 47
0.0
 48
0.0
 49
0.0
140
0.0
141
0.0
142
1.0
143
1.0
 70
   688
 72
     0
 73
     0
 74
     5
  7

 75
    16
 76
     0
 77
     2
 78
   300
147
1.0
148
0.0
149
0.0
100
AcDbLayout
  1
Layout1
 70
     1
 71
     1
 10
0.0
 20
0.0
 11
12.0
 21
9.0
 12
0.0
 22
0.0
 32
0.0
 14
1.000000000000000E+20
 24
1.000000000000000E+20
 34
1.000000000000000E+20
 15
-1.000000000000000E+20
 25
-1.000000000000000E+20
 35
-1.000000000000000E+20
146
0.0
 13
0.0
 23
0.0
 33
0.0
 16
1.0
 26
0.0
 36
0.0
 17
0.0
 27
1.0
 37
0.0
 76
     0
330
16
  0
LAYOUT
  5
1A52
102
{ACAD_REACTORS
330
1A50
102
}
102
{ACAD_XDICTIONARY
360
2908
102
}
330
1A50
100
AcDbPlotSettings
  1

  2
none_device
  4
Letter_(8.50_x_11.00_Inches)
  6

 40
6.349999904632568
 41
6.349999904632568
 42
6.350006103515625
 43
6.350006103515625
 44
215.8999938964844
 45
279.3999938964844
 46
0.0
 47
0.0
 48
0.0
 49
0.0
140
0.0
141
0.0
142
1.0
143
0.6935971823539444
 70
 11952
 72
     0
 73
     1
 74
     0
  7

 75
     0
 76
     0
 77
     2
 78
   300
147
1.441759028786967
148
201.8403589783092
149
-37.64887424082145
100
AcDbLayout
  1
Model
 70
     1
 71
     0
 10
0.0
 20
0.0
 11
12.0
 21
9.0
 12
0.0
 22
0.0
 32
0.0
 14
0.0
 24
0.0
 34
0.0
 15
0.0
 25
0.0
 35
0.0
146
0.0
 13
0.0
 23
0.0
 33
0.0
 16
1.0
 26
0.0
 36
0.0
 17
0.0
 27
1.0
 37
0.0
 76
     0
330
19
331
19FA
1001
ACAD_PSEXT
1000
None
1000
None
1000
Not applicable
1000
The layout will not be plotted unless a new plotter configuration name is selected.
1070
     0
  0
MATERIAL
  5
1A07
102
{ACAD_REACTORS
330
19FE
102
}
330
19FE
100
AcDbMaterial
  1
ByBlock
 72
     0
 73
     2
 43
0.0208333333333333
 43
0.0
 43
0.0
 43
0.0
 43
0.0
 43
0.0208333333333333
 43
0.0
 43
0.0
 43
0.0
 43
0.0
 43
1.0
 43
0.0
 43
0.0
 43
0.0
 43
0.0
 43
1.0
 77
     0
 78
     2
 47
0.0208333333333333
 47
0.0
 47
0.0
 47
0.0
 47
0.0
 47
0.0208333333333333
 47
0.0
 47
0.0
 47
0.0
 47
0.0
 47
1.0
 47
0.0
 47
0.0
 47
0.0
 47
0.0
 47
1.0
171
     0
172
     2
 49
0.0208333333333333
 49
0.0
 49
0.0
 49
0.0
 49
0.0
 49
0.0208333333333333
 49
0.0
 49
0.0
 49
0.0
 49
0.0
 49
1.0
 49
0.0
 49
0.0
 49
0.0
 49
0.0
 49
1.0
175
     0
176
     2
142
0.0208333333333333
142
0.0
142
0.0
142
0.0
142
0.0
142
0.0208333333333333
142
0.0
142
0.0
142
0.0
142
0.0
142
1.0
142
0.0
142
0.0
142
0.0
142
0.0
142
1.0
179
     0
270
     2
144
0.0208333333333333
144
0.0
144
0.0
144
0.0
144
0.0
144
0.0208333333333333
144
0.0
144
0.0
144
0.0
144
0.0
144
1.0
144
0.0
144
0.0
144
0.0
144
0.0
144
1.0
274
     2
147
0.0208333333333333
147
0.0
147
0.0
147
0.0
147
0.0
147
0.0208333333333333
147
0.0
147
0.0
147
0.0
147
0.0
147
1.0
147
0.0
147
0.0
147
0.0
147
0.0
147
1.0
 94
      127
  0
MATERIAL
  5
19FF
102
{ACAD_REACTORS
330
19FE
102
}
330
19FE
100
AcDbMaterial
  1
ByLayer
 72
     0
 73
     2
 43
0.0208333333333333
 43
0.0
 43
0.0
 43
0.0
 43
0.0
 43
0.0208333333333333
 43
0.0
 43
0.0
 43
0.0
 43
0.0
 43
1.0
 43
0.0
 43
0.0
 43
0.0
 43
0.0
 43
1.0
 77
     0
 78
     2
 47
0.0208333333333333
 47
0.0
 47
0.0
 47
0.0
 47
0.0
 47
0.0208333333333333
 47
0.0
 47
0.0
 47
0.0
 47
0.0
 47
1.0
 47
0.0
 47
0.0
 47
0.0
 47
0.0
 47
1.0
171
     0
172
     2
 49
0.0208333333333333
 49
0.0
 49
0.0
 49
0.0
 49
0.0
 49
0.0208333333333333
 49
0.0
 49
0.0
 49
0.0
 49
0.0
 49
1.0
 49
0.0
 49
0.0
 49
0.0
 49
0.0
 49
1.0
175
     0
176
     2
142
0.0208333333333333
142
0.0
142
0.0
142
0.0
142
0.0
142
0.0208333333333333
142
0.0
142
0.0
142
0.0
142
0.0
142
1.0
142
0.0
142
0.0
142
0.0
142
0.0
142
1.0
179
     0
270
     2
144
0.0208333333333333
144
0.0
144
0.0
144
0.0
144
0.0
144
0.0208333333333333
144
0.0
144
0.0
144
0.0
144
0.0
144
1.0
144
0.0
144
0.0
144
0.0
144
0.0
144
1.0
274
     2
147
0.0208333333333333
147
0.0
147
0.0
147
0.0
147
0.0
147
0.0208333333333333
147
0.0
147
0.0
147
0.0
147
0.0
147
1.0
147
0.0
147
0.0
147
0.0
147
0.0
147
1.0
 94
      127
  0
MATERIAL
  5
1A0F
102
{ACAD_REACTORS
330
19FE
102
}
102
{ACAD_XDICTIONARY
360
25DA
102
}
330
19FE
100
AcDbMaterial
  1
Global
 72
     0
 73
     2
 43
0.0208333333333333
 43
0.0
 43
0.0
 43
0.0
 43
0.0
 43
0.0208333333333333
 43
0.0
 43
0.0
 43
0.0
 43
0.0
 43
1.0
 43
0.0
 43
0.0
 43
0.0
 43
0.0
 43
1.0
 77
     0
 78
     2
 47
0.0208333333333333
 47
0.0
 47
0.0
 47
0.0
 47
0.0
 47
0.0208333333333333
 47
0.0
 47
0.0
 47
0.0
 47
0.0
 47
1.0
 47
0.0
 47
0.0
 47
0.0
 47
0.0
 47
1.0
171
     0
172
     2
 49
0.0208333333333333
 49
0.0
 49
0.0
 49
0.0
 49
0.0
 49
0.0208333333333333
 49
0.0
 49
0.0
 49
0.0
 49
0.0
 49
1.0
 49
0.0
 49
0.0
 49
0.0
 49
0.0
 49
1.0
175
     0
176
     2
142
0.0208333333333333
142
0.0
142
0.0
142
0.0
142
0.0
142
0.0208333333333333
142
0.0
142
0.0
142
0.0
142
0.0
142
1.0
142
0.0
142
0.0
142
0.0
142
0.0
142
1.0
179
     0
270
     2
144
0.0208333333333333
144
0.0
144
0.0
144
0.0
144
0.0
144
0.0208333333333333
144
0.0
144
0.0
144
0.0
144
0.0
144
1.0
144
0.0
144
0.0
144
0.0
144
0.0
144
1.0
274
     2
147
0.0208333333333333
147
0.0
147
0.0
147
0.0
147
0.0
147
0.0208333333333333
147
0.0
147
0.0
147
0.0
147
0.0
147
1.0
147
0.0
147
0.0
147
0.0
147
0.0
147
1.0
 94
      127
  0
MLEADERSTYLE
  5
1A4E
102
{ACAD_REACTORS
330
1A4D
102
}
330
1A4D
100
AcDbMLeaderStyle
179
     2
170
     2
171
     1
172
     0
 90
        2
 40
0.0
 41
0.0
173
     1
 91
-1056964608
340
13
 92
       -2
290
     1
 42
0.09
291
     1
 43
0.36
  3
Standard
341
0
 44
0.18
300

342
10
174
     1
178
     6
175
     1
176
     0
 93
-1056964608
 45
0.18
292
     0
297
     0
 46
0.18
343
0
 94
-1056964608
 47
1.0
 49
1.0
140
1.0
293
     1
141
0.0
294
     1
177
     0
142
1.0
295
     0
296
     0
143
0.125
271
     0
272
     9
273
     9
298
     0
  0
MLINESTYLE
  5
1C
102
{ACAD_REACTORS
330
E
102
}
330
E
100
AcDbMlineStyle
  2
STANDARD
 70
     0
  3

 62
     0
 51
90.0
 52
90.0
 71
     2
 49
0.5
 62
   256
  6
BYLAYER
 49
-0.5
 62
   256
  6
BYLAYER
  0
ACDBPLACEHOLDER
  5
19FD
102
{ACAD_REACTORS
330
19FC
102
}
330
19FC
  0
RAPIDRTRENDERSETTINGS
  5
24AF
102
{ACAD_REACTORS
330
24AB
102
}
330
24AB
100
AcDbRenderSettings
 90
        2
  1
Coffee-Break Quality
290
     1
290
     0
290
     1
290
     1
  1

  1
Renders for 10 minutes
 90
        3
100
AcDbRapidRTRenderSettings
 90
        3
 70
     1
 90
        1
 90
       10
 70
     1
 70
     2
 40
3.0
 40
3.0
290
     1
1001
ACAD
1000
AcRTDxfName
1000
RAPIDRTRENDERSETTINGS
  0
RAPIDRTRENDERSETTINGS
  5
24AE
102
{ACAD_REACTORS
330
24AB
102
}
330
24AB
100
AcDbRenderSettings
 90
        2
  1
High
290
     1
290
     0
290
     1
290
     1
  1

  1
Applies 10 rendering levels
 90
        2
100
AcDbRapidRTRenderSettings
 90
        3
 70
     0
 90
       10
 90
        1
 70
     2
 70
     2
 40
3.0
 40
3.0
290
     1
1001
ACAD
1000
AcRTDxfName
1000
RAPIDRTRENDERSETTINGS
  0
RAPIDRTRENDERSETTINGS
  5
24AC
102
{ACAD_REACTORS
330
24AB
102
}
330
24AB
100
AcDbRenderSettings
 90
        2
  1
Low
290
     1
290
     0
290
     1
290
     1
  1

  1
Applies 1 rendering level
 90
        0
100
AcDbRapidRTRenderSettings
 90
        3
 70
     0
 90
        1
 90
        1
 70
     0
 70
     2
 40
3.0
 40
3.0
290
     1
1001
ACAD
1000
AcRTDxfName
1000
RAPIDRTRENDERSETTINGS
  0
RAPIDRTRENDERSETTINGS
  5
24B0
102
{ACAD_REACTORS
330
24AB
102
}
330
24AB
100
AcDbRenderSettings
 90
        2
  1
Lunch Quality
290
     1
290
     0
290
     1
290
     1
  1

  1
Renders for 60 minutes
 90
        4
100
AcDbRapidRTRenderSettings
 90
        3
 70
     1
 90
        1
 90
       60
 70
     2
 70
     2
 40
3.0
 40
3.0
290
     1
1001
ACAD
1000
AcRTDxfName
1000
RAPIDRTRENDERSETTINGS
  0
RAPIDRTRENDERSETTINGS
  5
24AD
102
{ACAD_REACTORS
330
24AB
102
}
330
24AB
100
AcDbRenderSettings
 90
        2
  1
Medium
290
     1
290
     0
290
     1
290
     1
  1

  1
Applies 5 rendering levels
 90
        1
100
AcDbRapidRTRenderSettings
 90
        3
 70
     0
 90
        5
 90
        1
 70
     1
 70
     2
 40
3.0
 40
3.0
290
     1
1001
ACAD
1000
AcRTDxfName
1000
RAPIDRTRENDERSETTINGS
  0
RAPIDRTRENDERSETTINGS
  5
24B1
102
{ACAD_REACTORS
330
24AB
102
}
330
24AB
100
AcDbRenderSettings
 90
        2
  1
Overnight Quality
290
     1
290
     0
290
     1
290
     1
  1

  1
Renders for 12 hours
 90
        5
100
AcDbRapidRTRenderSettings
 90
        3
 70
     1
 90
        1
 90
      720
 70
     2
 70
     2
 40
3.0
 40
3.0
290
     1
1001
ACAD
1000
AcRTDxfName
1000
RAPIDRTRENDERSETTINGS
  0
SCALE
  5
1A2C
102
{ACAD_REACTORS
330
1A2B
102
}
330
1A2B
100
AcDbScale
 70
     0
300
1:1
140
1.0
141
1.0
290
     1
  0
SCALE
  5
1A2D
102
{ACAD_REACTORS
330
1A2B
102
}
330
1A2B
100
AcDbScale
 70
     0
300
1:2
140
1.0
141
2.0
290
     0
  0
SCALE
  5
1A2E
102
{ACAD_REACTORS
330
1A2B
102
}
330
1A2B
100
AcDbScale
 70
     0
300
1:4
140
1.0
141
4.0
290
     0
  0
SCALE
  5
1A2F
102
{ACAD_REACTORS
330
1A2B
102
}
330
1A2B
100
AcDbScale
 70
     0
300
1:5
140
1.0
141
5.0
290
     0
  0
SCALE
  5
1A30
102
{ACAD_REACTORS
330
1A2B
102
}
330
1A2B
100
AcDbScale
 70
     0
300
1:8
140
1.0
141
8.0
290
     0
  0
SCALE
  5
1A31
102
{ACAD_REACTORS
330
1A2B
102
}
330
1A2B
100
AcDbScale
 70
     0
300
1:10
140
1.0
141
10.0
290
     0
  0
SCALE
  5
1A32
102
{ACAD_REACTORS
330
1A2B
102
}
330
1A2B
100
AcDbScale
 70
     0
300
1:16
140
1.0
141
16.0
290
     0
  0
SCALE
  5
1A33
102
{ACAD_REACTORS
330
1A2B
102
}
330
1A2B
100
AcDbScale
 70
     0
300
1:20
140
1.0
141
20.0
290
     0
  0
SCALE
  5
1A34
102
{ACAD_REACTORS
330
1A2B
102
}
330
1A2B
100
AcDbScale
 70
     0
300
1:30
140
1.0
141
30.0
290
     0
  0
SCALE
  5
1A35
102
{ACAD_REACTORS
330
1A2B
102
}
330
1A2B
100
AcDbScale
 70
     0
300
1:40
140
1.0
141
40.0
290
     0
  0
SCALE
  5
1A36
102
{ACAD_REACTORS
330
1A2B
102
}
330
1A2B
100
AcDbScale
 70
     0
300
1:50
140
1.0
141
50.0
290
     0
  0
SCALE
  5
1A37
102
{ACAD_REACTORS
330
1A2B
102
}
330
1A2B
100
AcDbScale
 70
     0
300
1:100
140
1.0
141
100.0
290
     0
  0
SCALE
  5
1A38
102
{ACAD_REACTORS
330
1A2B
102
}
330
1A2B
100
AcDbScale
 70
     0
300
2:1
140
2.0
141
1.0
290
     0
  0
SCALE
  5
1A39
102
{ACAD_REACTORS
330
1A2B
102
}
330
1A2B
100
AcDbScale
 70
     0
300
4:1
140
4.0
141
1.0
290
     0
  0
SCALE
  5
1A3A
102
{ACAD_REACTORS
330
1A2B
102
}
330
1A2B
100
AcDbScale
 70
     0
300
8:1
140
8.0
141
1.0
290
     0
  0
SCALE
  5
1A3B
102
{ACAD_REACTORS
330
1A2B
102
}
330
1A2B
100
AcDbScale
 70
     0
300
10:1
140
10.0
141
1.0
290
     0
  0
SCALE
  5
1A3C
102
{ACAD_REACTORS
330
1A2B
102
}
330
1A2B
100
AcDbScale
 70
     0
300
100:1
140
100.0
141
1.0
290
     0
  0
SCALE
  5
1A3D
102
{ACAD_REACTORS
330
1A2B
102
}
330
1A2B
100
AcDbScale
 70
     0
300
1/128" = 1'-0"
140
0.0078125
141
12.0
290
     0
  0
SCALE
  5
1A3E
102
{ACAD_REACTORS
330
1A2B
102
}
330
1A2B
100
AcDbScale
 70
     0
300
1/64" = 1'-0"
140
0.015625
141
12.0
290
     0
  0
SCALE
  5
1A3F
102
{ACAD_REACTORS
330
1A2B
102
}
330
1A2B
100
AcDbScale
 70
     0
300
1/32" = 1'-0"
140
0.03125
141
12.0
290
     0
  0
SCALE
  5
1A40
102
{ACAD_REACTORS
330
1A2B
102
}
330
1A2B
100
AcDbScale
 70
     0
300
1/16" = 1'-0"
140
0.0625
141
12.0
290
     0
  0
SCALE
  5
1A41
102
{ACAD_REACTORS
330
1A2B
102
}
330
1A2B
100
AcDbScale
 70
     0
300
3/32" = 1'-0"
140
0.09375
141
12.0
290
     0
  0
SCALE
  5
1A42
102
{ACAD_REACTORS
330
1A2B
102
}
330
1A2B
100
AcDbScale
 70
     0
300
1/8" = 1'-0"
140
0.125
141
12.0
290
     0
  0
SCALE
  5
1A43
102
{ACAD_REACTORS
330
1A2B
102
}
330
1A2B
100
AcDbScale
 70
     0
300
3/16" = 1'-0"
140
0.1875
141
12.0
290
     0
  0
SCALE
  5
1A44
102
{ACAD_REACTORS
330
1A2B
102
}
330
1A2B
100
AcDbScale
 70
     0
300
1/4" = 1'-0"
140
0.25
141
12.0
290
     0
  0
SCALE
  5
1A45
102
{ACAD_REACTORS
330
1A2B
102
}
330
1A2B
100
AcDbScale
 70
     0
300
3/8" = 1'-0"
140
0.375
141
12.0
290
     0
  0
SCALE
  5
1A46
102
{ACAD_REACTORS
330
1A2B
102
}
330
1A2B
100
AcDbScale
 70
     0
300
1/2" = 1'-0"
140
0.5
141
12.0
290
     0
  0
SCALE
  5
1A47
102
{ACAD_REACTORS
330
1A2B
102
}
330
1A2B
100
AcDbScale
 70
     0
300
3/4" = 1'-0"
140
0.75
141
12.0
290
     0
  0
SCALE
  5
1A48
102
{ACAD_REACTORS
330
1A2B
102
}
330
1A2B
100
AcDbScale
 70
     0
300
1" = 1'-0"
140
1.0
141
12.0
290
     0
  0
SCALE
  5
1A49
102
{ACAD_REACTORS
330
1A2B
102
}
330
1A2B
100
AcDbScale
 70
     0
300
1-1/2" = 1'-0"
140
1.5
141
12.0
290
     0
  0
SCALE
  5
1A4A
102
{ACAD_REACTORS
330
1A2B
102
}
330
1A2B
100
AcDbScale
 70
     0
300
3" = 1'-0"
140
3.0
141
12.0
290
     0
  0
SCALE
  5
1A4B
102
{ACAD_REACTORS
330
1A2B
102
}
330
1A2B
100
AcDbScale
 70
     0
300
6" = 1'-0"
140
6.0
141
12.0
290
     0
  0
SCALE
  5
1A4C
102
{ACAD_REACTORS
330
1A2B
102
}
330
1A2B
100
AcDbScale
 70
     0
300
1'-0" = 1'-0"
140
12.0
141
12.0
290
     0
  0
ACDBSECTIONVIEWSTYLE
  5
249F
102
{ACAD_REACTORS
330
249E
102
}
102
{ACAD_XDICTIONARY
360
2921
102
}
330
249E
100
AcDbModelDocViewStyle
 70
     0
  3
Imperial24
290
     0
300
Imperial24
 90
        0
100
AcDbSectionViewStyle
 70
     0
 71
     0
 90
       78
 71
     1
340
10
 62
   256
 40
0.24
340
0
340
0
 62
   256
 40
0.24
300
I, O, Q, S, X, Z
 40
0.48
 90
        3
 40
0.18
 90
        1
 71
     2
340
15
 90
       25
 62
   256
340
15
 90
       50
 62
   256
 40
0.24
 40
0.0
 40
0.24
 71
     3
340
10
 62
   256
 40
0.24
 90
        1
 40
0.75
 90
        1
300
%<\AcVar ViewType \f "%tc1">% %<\AcVar ViewSectionStartId>%-%<\AcVar ViewSectionEndId>%\PSCALE %<\AcVar ViewScale \f "%sn">%
 71
     4
 62
   256
 62
   257
300
ANSI31
 40
1.0
 90
        0
290
     0
290
     0
 90
        6
 40
0.0
 40
1.570796326794897
 40
0.2617993877991494
 40
1.308996938995747
 40
-0.2617993877991494
 40
1.832595714594046
  0
TABLESTYLE
  5
1A2A
102
{ACAD_REACTORS
330
1A29
102
}
102
{ACAD_XDICTIONARY
360
292C
102
}
330
1A29
100
AcDbTableStyle
  3
Standard
 70
     0
 71
     0
 40
0.06
 41
0.06
280
     0
281
     0
  7
STANDARD
140
0.18
170
     2
 62
     0
 63
   257
283
     0
 90
      512
 91
        0
  1

274
    -2
284
     1
 64
     0
275
    -2
285
     1
 65
     0
276
    -2
286
     1
 66
     0
277
    -2
287
     1
 67
     0
278
    -2
288
     1
 68
     0
279
    -2
289
     1
 69
     0
  7
STANDARD
140
0.25
170
     5
 62
     0
 63
   257
283
     0
 90
      512
 91
        0
  1

274
    -2
284
     1
 64
     0
275
    -2
285
     1
 65
     0
276
    -2
286
     1
 66
     0
277
    -2
287
     1
 67
     0
278
    -2
288
     1
 68
     0
279
    -2
289
     1
 69
     0
  7
STANDARD
140
0.18
170
     5
 62
     0
 63
   257
283
     0
 90
      512
 91
        0
  1

274
    -2
284
     1
 64
     0
275
    -2
285
     1
 65
     0
276
    -2
286
     1
 66
     0
277
    -2
287
     1
 67
     0
278
    -2
288
     1
 68
     0
279
    -2
289
     1
 69
     0
  0
VISUALSTYLE
  5
1A1D
102
{ACAD_REACTORS
330
1A17
102
}
330
1A17
100
AcDbVisualStyle
  2
2dWireframe
 70
     4
177
     3
291
     0
 70
    58
 90
        0
176
     1
 90
        2
176
     1
 90
        0
176
     1
 90
        0
176
     1
 40
-0.6
176
     1
 40
-30.0
176
     1
 62
     7
176
     1
 90
        1
176
     1
 90
        4
176
     1
 62
     7
176
     1
 62
   257
176
     1
 90
        1
176
     1
 90
        1
176
     1
 40
1.0
176
     1
 90
        0
176
     1
 62
   257
176
     1
 40
1.0
176
     1
 90
        1
176
     1
 90
        6
176
     1
 90
        2
176
     1
 62
     7
176
     1
 90
        5
176
     1
 90
        0
176
     1
 90
        0
176
     1
290
     0
176
     1
 90
        1
176
     1
 40
0.0
176
     1
 90
        0
176
     1
290
     1
176
     1
290
     1
176
     1
290
     0
176
     1
290
     0
176
     1
290
     0
176
     1
290
     0
176
     1
290
     0
176
     1
290
     0
176
     1
290
     0
176
     1
 90
       50
176
     1
 40
0.0
176
     1
 40
1.0
176
     1
 90
        0
176
     1
 62
    18
420
        0
176
     1
 90
       50
176
     1
 90
        3
176
     1
 62
     5
420
      255
176
     1
290
     0
176
     1
 90
       50
176
     1
 90
       50
176
     1
 90
       50
176
     1
290
     0
176
     1
 90
       50
176
     1
 62
   256
176
     0
 40
1.0
176
     0
 90
        2
176
     1
  1
strokes_ogs.tif
176
     1
290
     0
176
     1
 40
1.0
176
     1
 40
1.0
176
     1
  0
VISUALSTYLE
  5
1A1F
102
{ACAD_REACTORS
330
1A17
102
}
330
1A17
100
AcDbVisualStyle
  2
3D Hidden
 70
     6
177
     3
291
     0
 70
    58
 90
        1
176
     1
 90
        2
176
     1
 90
        2
176
     1
 90
        0
176
     1
 40
-0.6
176
     1
 40
-30.0
176
     1
 62
     7
176
     1
 90
        2
176
     1
 90
        2
176
     1
 62
     7
176
     1
 62
   257
176
     1
 90
        2
176
     1
 90
        1
176
     1
 40
40.0
176
     1
 90
        0
176
     1
 62
   257
176
     1
 40
1.0
176
     1
 90
        1
176
     1
 90
        6
176
     1
 90
        2
176
     1
 62
     7
176
     1
 90
        3
176
     1
 90
        0
176
     1
 90
        0
176
     1
290
     0
176
     1
 90
        1
176
     1
 40
0.0
176
     1
 90
        0
176
     1
290
     0
176
     1
290
     1
176
     1
290
     1
176
     1
290
     0
176
     1
290
     0
176
     1
290
     0
176
     1
290
     0
176
     1
290
     0
176
     1
290
     0
176
     1
 90
       50
176
     1
 40
0.0
176
     1
 40
1.0
176
     1
 90
        0
176
     1
 62
    18
420
        0
176
     1
 90
       50
176
     1
 90
        3
176
     1
 62
     5
420
      255
176
     1
290
     0
176
     1
 90
       50
176
     1
 90
       50
176
     1
 90
       50
176
     1
290
     0
176
     1
 90
       50
176
     1
 62
   256
176
     0
 40
1.0
176
     0
 90
        2
176
     1
  1
strokes_ogs.tif
176
     1
290
     0
176
     1
 40
1.0
176
     1
 40
1.0
176
     1
  0
VISUALSTYLE
  5
1A1E
102
{ACAD_REACTORS
330
1A17
102
}
330
1A17
100
AcDbVisualStyle
  2
3dWireframe
 70
     5
177
     3
291
     0
 70
    58
 90
        0
176
     1
 90
        2
176
     1
 90
        0
176
     1
 90
        0
176
     1
 40
-0.6
176
     1
 40
-30.0
176
     1
 62
     7
176
     1
 90
        1
176
     1
 90
        4
176
     1
 62
     7
176
     1
 62
   257
176
     1
 90
        1
176
     1
 90
        1
176
     1
 40
1.0
176
     1
 90
        0
176
     1
 62
   257
176
     1
 40
1.0
176
     1
 90
        1
176
     1
 90
        6
176
     1
 90
        2
176
     1
 62
     7
176
     1
 90
        5
176
     1
 90
        0
176
     1
 90
        0
176
     1
290
     0
176
     1
 90
        1
176
     1
 40
0.0
176
     1
 90
        0
176
     1
290
     0
176
     1
290
     1
176
     1
290
     1
176
     1
290
     0
176
     1
290
     0
176
     1
290
     0
176
     1
290
     0
176
     1
290
     0
176
     1
290
     0
176
     1
 90
       50
176
     1
 40
0.0
176
     1
 40
1.0
176
     1
 90
        0
176
     1
 62
    18
420
        0
176
     1
 90
       50
176
     1
 90
        3
176
     1
 62
     5
420
      255
176
     1
290
     0
176
     1
 90
       50
176
     1
 90
       50
176
     1
 90
       50
176
     1
290
     0
176
     1
 90
       50
176
     1
 62
   256
176
     0
 40
1.0
176
     0
 90
        2
176
     1
  1
strokes_ogs.tif
176
     1
290
     0
176
     1
 40
1.0
176
     1
 40
1.0
176
     1
  0
VISUALSTYLE
  5
1A1C
102
{ACAD_REACTORS
330
1A17
102
}
330
1A17
100
AcDbVisualStyle
  2
Basic
 70
     7
177
     3
291
     1
 70
    58
 90
        1
176
     1
 90
        0
176
     1
 90
        1
176
     1
 90
        0
176
     1
 40
-0.6
176
     1
 40
-30.0
176
     1
 62
     7
176
     1
 90
        0
176
     1
 90
        4
176
     1
 62
     7
176
     1
 62
   257
176
     1
 90
        1
176
     1
 90
        1
176
     1
 40
1.0
176
     1
 90
        8
176
     1
 62
     7
176
     1
 40
1.0
176
     1
 90
        1
176
     1
 90
        6
176
     1
 90
        2
176
     1
 62
     7
176
     1
 90
        5
176
     1
 90
        0
176
     1
 90
        0
176
     1
290
     0
176
     1
 90
        1
176
     1
 40
0.0
176
     1
 90
        0
176
     1
290
     0
176
     1
290
     1
176
     1
290
     1
176
     1
290
     0
176
     1
290
     0
176
     1
290
     0
176
     1
290
     0
176
     1
290
     0
176
     1
290
     0
176
     1
 90
       50
176
     1
 40
0.0
176
     1
 40
1.0
176
     1
 90
        0
176
     1
 62
    18
420
        0
176
     1
 90
       50
176
     1
 90
        3
176
     1
 62
     5
420
      255
176
     1
290
     0
176
     1
 90
       50
176
     1
 90
       50
176
     1
 90
       50
176
     1
290
     0
176
     1
 90
       50
176
     1
 62
   256
176
     0
 40
1.0
176
     0
 90
        2
176
     1
  1
strokes_ogs.tif
176
     1
290
     0
176
     1
 40
1.0
176
     1
 40
1.0
176
     1
  0
VISUALSTYLE
  5
1A23
102
{ACAD_REACTORS
330
1A17
102
}
330
1A17
100
AcDbVisualStyle
  2
Brighten
 70
    12
177
     3
291
     1
 70
    58
 90
        2
176
     1
 90
        2
176
     1
 90
        0
176
     1
 90
        0
176
     1
 40
-0.6
176
     1
 40
-30.0
176
     1
 62
     7
176
     1
 90
        1
176
     1
 90
        4
176
     1
 62
     7
176
     1
 62
   257
176
     1
 90
        1
176
     1
 90
        1
176
     1
 40
1.0
176
     1
 90
        8
176
     1
 62
     7
176
     1
 40
1.0
176
     1
 90
        1
176
     1
 90
        6
176
     1
 90
        2
176
     1
 62
     7
176
     1
 90
        5
176
     1
 90
        0
176
     1
 90
        0
176
     1
290
     0
176
     1
 90
        1
176
     1
 40
50.0
176
     1
 90
        0
176
     1
290
     0
176
     1
290
     1
176
     1
290
     1
176
     1
290
     0
176
     1
290
     0
176
     1
290
     0
176
     1
290
     0
176
     1
290
     0
176
     1
290
     0
176
     1
 90
       50
176
     1
 40
0.0
176
     1
 40
1.0
176
     1
 90
        0
176
     1
 62
    18
420
        0
176
     1
 90
       50
176
     1
 90
        3
176
     1
 62
     5
420
      255
176
     1
290
     0
176
     1
 90
       50
176
     1
 90
       50
176
     1
 90
       50
176
     1
290
     0
176
     1
 90
       50
176
     1
 62
   256
176
     0
 40
1.0
176
     0
 90
        2
176
     1
  1
strokes_ogs.tif
176
     1
290
     0
176
     1
 40
1.0
176
     1
 40
1.0
176
     1
  0
VISUALSTYLE
  5
1A27
102
{ACAD_REACTORS
330
1A17
102
}
330
1A17
100
AcDbVisualStyle
  2
ColorChange
 70
    16
177
     3
291
     1
 70
    58
 90
        2
176
     1
 90
        2
176
     1
 90
        3
176
     1
 90
        0
176
     1
 40
-0.6
176
     1
 40
-30.0
176
     1
 62
     8
176
     1
 90
        1
176
     1
 90
        4
176
     1
 62
     7
176
     1
 62
   257
176
     1
 90
        1
176
     1
 90
        1
176
     1
 40
1.0
176
     1
 90
        8
176
     1
 62
     8
176
     1
 40
1.0
176
     1
 90
        1
176
     1
 90
        6
176
     1
 90
        2
176
     1
 62
     7
176
     1
 90
        5
176
     1
 90
        0
176
     1
 90
        0
176
     1
290
     0
176
     1
 90
        1
176
     1
 40
0.0
176
     1
 90
        0
176
     1
290
     0
176
     1
290
     1
176
     1
290
     1
176
     1
290
     0
176
     1
290
     0
176
     1
290
     0
176
     1
290
     0
176
     1
290
     0
176
     1
290
     0
176
     1
 90
       50
176
     1
 40
0.0
176
     1
 40
1.0
176
     1
 90
        0
176
     1
 62
    18
420
        0
176
     1
 90
       50
176
     1
 90
        3
176
     1
 62
     5
420
      255
176
     1
290
     0
176
     1
 90
       50
176
     1
 90
       50
176
     1
 90
       50
176
     1
290
     0
176
     1
 90
       50
176
     1
 62
   256
176
     0
 40
1.0
176
     0
 90
        2
176
     1
  1
strokes_ogs.tif
176
     1
290
     0
176
     1
 40
1.0
176
     1
 40
1.0
176
     1
  0
VISUALSTYLE
  5
1A20
102
{ACAD_REACTORS
330
1A17
102
}
330
1A17
100
AcDbVisualStyle
  2
Conceptual
 70
     9
177
     3
291
     0
 70
    58
 90
        3
176
     1
 90
        2
176
     1
 90
        0
176
     1
 90
        0
176
     1
 40
-0.6
176
     1
 40
-30.0
176
     1
 62
     7
176
     1
 90
        2
176
     1
 90
        2
176
     1
 62
     7
176
     1
 62
   257
176
     1
 90
        1
176
     1
 90
        1
176
     1
 40
40.0
176
     1
 90
        8
176
     1
 62
     7
176
     1
 40
1.0
176
     1
 90
        1
176
     1
 90
        6
176
     1
 90
        2
176
     1
 62
     7
176
     1
 90
        3
176
     1
 90
        0
176
     1
 90
        0
176
     1
290
     0
176
     1
 90
        1
176
     1
 40
0.0
176
     1
 90
        0
176
     1
290
     0
176
     1
290
     1
176
     1
290
     1
176
     1
290
     0
176
     1
290
     0
176
     1
290
     0
176
     1
290
     0
176
     1
290
     0
176
     1
290
     0
176
     1
 90
       50
176
     1
 40
0.0
176
     1
 40
1.0
176
     1
 90
        0
176
     1
 62
    18
420
        0
176
     1
 90
       50
176
     1
 90
        3
176
     1
 62
     5
420
      255
176
     1
290
     0
176
     1
 90
       50
176
     1
 90
       50
176
     1
 90
       50
176
     1
290
     0
176
     1
 90
       50
176
     1
 62
   256
176
     0
 40
1.0
176
     0
 90
        2
176
     1
  1
strokes_ogs.tif
176
     1
290
     0
176
     1
 40
1.0
176
     1
 40
1.0
176
     1
  0
VISUALSTYLE
  5
1A22
102
{ACAD_REACTORS
330
1A17
102
}
330
1A17
100
AcDbVisualStyle
  2
Dim
 70
    11
177
     3
291
     1
 70
    58
 90
        2
176
     1
 90
        2
176
     1
 90
        0
176
     1
 90
        0
176
     1
 40
-0.6
176
     1
 40
-30.0
176
     1
 62
     7
176
     1
 90
        1
176
     1
 90
        4
176
     1
 62
     7
176
     1
 62
   257
176
     1
 90
        1
176
     1
 90
        1
176
     1
 40
1.0
176
     1
 90
        8
176
     1
 62
     7
176
     1
 40
1.0
176
     1
 90
        1
176
     1
 90
        6
176
     1
 90
        2
176
     1
 62
     7
176
     1
 90
        5
176
     1
 90
        0
176
     1
 90
        0
176
     1
290
     0
176
     1
 90
        1
176
     1
 40
-50.0
176
     1
 90
        0
176
     1
290
     0
176
     1
290
     1
176
     1
290
     1
176
     1
290
     0
176
     1
290
     0
176
     1
290
     0
176
     1
290
     0
176
     1
290
     0
176
     1
290
     0
176
     1
 90
       50
176
     1
 40
0.0
176
     1
 40
1.0
176
     1
 90
        0
176
     1
 62
    18
420
        0
176
     1
 90
       50
176
     1
 90
        3
176
     1
 62
     5
420
      255
176
     1
290
     0
176
     1
 90
       50
176
     1
 90
       50
176
     1
 90
       50
176
     1
290
     0
176
     1
 90
       50
176
     1
 62
   256
176
     0
 40
1.0
176
     0
 90
        2
176
     1
  1
strokes_ogs.tif
176
     1
290
     0
176
     1
 40
1.0
176
     1
 40
1.0
176
     1
  0
VISUALSTYLE
  5
1A75
102
{ACAD_REACTORS
330
1A17
102
}
330
1A17
100
AcDbVisualStyle
  2
EdgeColorOff
 70
    22
177
     3
291
     1
 70
    58
 90
        2
176
     0
 90
        2
176
     0
 90
        0
176
     0
 90
        0
176
     0
 40
-0.6
176
     0
 40
-30.0
176
     0
 62
     7
176
     0
 90
        1
176
     0
 90
        4
176
     0
 62
     7
176
     0
 62
   257
176
     0
 90
        1
176
     0
 90
        1
176
     0
 40
1.0
176
     0
 90
        8
176
     2
 62
     7
176
     0
 40
1.0
176
     0
 90
        1
176
     0
 90
        6
176
     0
 90
        2
176
     0
 62
     7
176
     0
 90
        5
176
     0
 90
        0
176
     0
 90
        0
176
     0
290
     0
176
     0
 90
        1
176
     0
 40
0.0
176
     0
 90
        0
176
     0
290
     0
176
     1
290
     1
176
     1
290
     1
176
     1
290
     0
176
     1
290
     0
176
     1
290
     0
176
     1
290
     0
176
     1
290
     0
176
     1
290
     0
176
     1
 90
       50
176
     1
 40
0.0
176
     1
 40
1.0
176
     1
 90
        0
176
     1
 62
    18
420
        0
176
     1
 90
       50
176
     1
 90
        3
176
     1
 62
     5
420
      255
176
     1
290
     0
176
     1
 90
       50
176
     1
 90
       50
176
     1
 90
       50
176
     1
290
     0
176
     1
 90
       50
176
     1
 62
   256
176
     0
 40
1.0
176
     0
 90
        2
176
     1
  1
strokes_ogs.tif
176
     1
290
     0
176
     1
 40
1.0
176
     1
 40
1.0
176
     1
  0
VISUALSTYLE
  5
1A26
102
{ACAD_REACTORS
330
1A17
102
}
330
1A17
100
AcDbVisualStyle
  2
Facepattern
 70
    15
177
     3
291
     1
 70
    58
 90
        2
176
     1
 90
        2
176
     1
 90
        0
176
     1
 90
        0
176
     1
 40
-0.6
176
     1
 40
-30.0
176
     1
 62
     7
176
     1
 90
        1
176
     1
 90
        4
176
     1
 62
     7
176
     1
 62
   257
176
     1
 90
        1
176
     1
 90
        1
176
     1
 40
1.0
176
     1
 90
        8
176
     1
 62
     7
176
     1
 40
1.0
176
     1
 90
        1
176
     1
 90
        6
176
     1
 90
        2
176
     1
 62
     7
176
     1
 90
        5
176
     1
 90
        0
176
     1
 90
        0
176
     1
290
     0
176
     1
 90
        1
176
     1
 40
0.0
176
     1
 90
        0
176
     1
290
     0
176
     1
290
     1
176
     1
290
     1
176
     1
290
     0
176
     1
290
     0
176
     1
290
     0
176
     1
290
     0
176
     1
290
     0
176
     1
290
     0
176
     1
 90
       50
176
     1
 40
0.0
176
     1
 40
1.0
176
     1
 90
        0
176
     1
 62
    18
420
        0
176
     1
 90
       50
176
     1
 90
        3
176
     1
 62
     5
420
      255
176
     1
290
     0
176
     1
 90
       50
176
     1
 90
       50
176
     1
 90
       50
176
     1
290
     0
176
     1
 90
       50
176
     1
 62
   256
176
     0
 40
1.0
176
     0
 90
        2
176
     1
  1
strokes_ogs.tif
176
     1
290
     0
176
     1
 40
1.0
176
     1
 40
1.0
176
     1
  0
VISUALSTYLE
  5
1A18
102
{ACAD_REACTORS
330
1A17
102
}
330
1A17
100
AcDbVisualStyle
  2
Flat
 70
     0
177
     3
291
     1
 70
    58
 90
        2
176
     1
 90
        1
176
     1
 90
        1
176
     1
 90
        2
176
     1
 40
-0.6
176
     1
 40
30.0
176
     1
 62
     7
176
     1
 90
        0
176
     1
 90
        4
176
     1
 62
     7
176
     1
 62
   257
176
     1
 90
        1
176
     1
 90
        1
176
     1
 40
1.0
176
     1
 90
        8
176
     1
 62
     7
176
     1
 40
1.0
176
     1
 90
        1
176
     1
 90
        6
176
     1
 90
        2
176
     1
 62
     7
176
     1
 90
        5
176
     1
 90
        0
176
     1
 90
        0
176
     1
290
     0
176
     1
 90
       13
176
     1
 40
0.0
176
     1
 90
        0
176
     1
290
     0
176
     1
290
     1
176
     1
290
     1
176
     1
290
     0
176
     1
290
     0
176
     1
290
     0
176
     1
290
     0
176
     1
290
     0
176
     1
290
     0
176
     1
 90
       50
176
     1
 40
0.0
176
     1
 40
1.0
176
     1
 90
        0
176
     1
 62
    18
420
        0
176
     1
 90
       50
176
     1
 90
        3
176
     1
 62
     5
420
      255
176
     1
290
     0
176
     1
 90
       50
176
     1
 90
       50
176
     1
 90
       50
176
     1
290
     0
176
     1
 90
       50
176
     1
 62
   256
176
     0
 40
1.0
176
     0
 90
        2
176
     1
  1
strokes_ogs.tif
176
     1
290
     0
176
     1
 40
1.0
176
     1
 40
1.0
176
     1
  0
VISUALSTYLE
  5
1A19
102
{ACAD_REACTORS
330
1A17
102
}
330
1A17
100
AcDbVisualStyle
  2
FlatWithEdges
 70
     1
177
     3
291
     1
 70
    58
 90
        2
176
     1
 90
        1
176
     1
 90
        1
176
     1
 90
        2
176
     1
 40
-0.6
176
     1
 40
30.0
176
     1
 62
     7
176
     1
 90
        1
176
     1
 90
        4
176
     1
 62
     7
176
     1
 62
   257
176
     1
 90
        1
176
     1
 90
        1
176
     1
 40
1.0
176
     1
 90
        0
176
     1
 62
   257
176
     1
 40
1.0
176
     1
 90
        1
176
     1
 90
        6
176
     1
 90
        2
176
     1
 62
     7
176
     1
 90
        5
176
     1
 90
        0
176
     1
 90
        0
176
     1
290
     0
176
     1
 90
       13
176
     1
 40
0.0
176
     1
 90
        0
176
     1
290
     0
176
     1
290
     1
176
     1
290
     1
176
     1
290
     0
176
     1
290
     0
176
     1
290
     0
176
     1
290
     0
176
     1
290
     0
176
     1
290
     0
176
     1
 90
       50
176
     1
 40
0.0
176
     1
 40
1.0
176
     1
 90
        0
176
     1
 62
    18
420
        0
176
     1
 90
       50
176
     1
 90
        3
176
     1
 62
     5
420
      255
176
     1
290
     0
176
     1
 90
       50
176
     1
 90
       50
176
     1
 90
       50
176
     1
290
     0
176
     1
 90
       50
176
     1
 62
   256
176
     0
 40
1.0
176
     0
 90
        2
176
     1
  1
strokes_ogs.tif
176
     1
290
     0
176
     1
 40
1.0
176
     1
 40
1.0
176
     1
  0
VISUALSTYLE
  5
1A1A
102
{ACAD_REACTORS
330
1A17
102
}
330
1A17
100
AcDbVisualStyle
  2
Gouraud
 70
     2
177
     3
291
     1
 70
    58
 90
        2
176
     1
 90
        2
176
     1
 90
        1
176
     1
 90
        2
176
     1
 40
-0.6
176
     1
 40
30.0
176
     1
 62
     7
176
     1
 90
        0
176
     1
 90
        4
176
     1
 62
     7
176
     1
 62
   257
176
     1
 90
        1
176
     1
 90
        1
176
     1
 40
1.0
176
     1
 90
        0
176
     1
 62
     7
176
     1
 40
1.0
176
     1
 90
        1
176
     1
 90
        6
176
     1
 90
        2
176
     1
 62
     7
176
     1
 90
        5
176
     1
 90
        0
176
     1
 90
        0
176
     1
290
     0
176
     1
 90
       13
176
     1
 40
0.0
176
     1
 90
        0
176
     1
290
     0
176
     1
290
     1
176
     1
290
     1
176
     1
290
     0
176
     1
290
     0
176
     1
290
     0
176
     1
290
     0
176
     1
290
     0
176
     1
290
     0
176
     1
 90
       50
176
     1
 40
0.0
176
     1
 40
1.0
176
     1
 90
        0
176
     1
 62
    18
420
        0
176
     1
 90
       50
176
     1
 90
        3
176
     1
 62
     5
420
      255
176
     1
290
     0
176
     1
 90
       50
176
     1
 90
       50
176
     1
 90
       50
176
     1
290
     0
176
     1
 90
       50
176
     1
 62
   256
176
     0
 40
1.0
176
     0
 90
        2
176
     1
  1
strokes_ogs.tif
176
     1
290
     0
176
     1
 40
1.0
176
     1
 40
1.0
176
     1
  0
VISUALSTYLE
  5
1A1B
102
{ACAD_REACTORS
330
1A17
102
}
330
1A17
100
AcDbVisualStyle
  2
GouraudWithEdges
 70
     3
177
     3
291
     1
 70
    58
 90
        2
176
     1
 90
        2
176
     1
 90
        1
176
     1
 90
        2
176
     1
 40
-0.6
176
     1
 40
30.0
176
     1
 62
     7
176
     1
 90
        1
176
     1
 90
        4
176
     1
 62
     7
176
     1
 62
   257
176
     1
 90
        1
176
     1
 90
        1
176
     1
 40
1.0
176
     1
 90
        0
176
     1
 62
   257
176
     1
 40
1.0
176
     1
 90
        1
176
     1
 90
        6
176
     1
 90
        2
176
     1
 62
     7
176
     1
 90
        5
176
     1
 90
        0
176
     1
 90
        0
176
     1
290
     0
176
     1
 90
       13
176
     1
 40
0.0
176
     1
 90
        0
176
     1
290
     0
176
     1
290
     1
176
     1
290
     1
176
     1
290
     0
176
     1
290
     0
176
     1
290
     0
176
     1
290
     0
176
     1
290
     0
176
     1
290
     0
176
     1
 90
       50
176
     1
 40
0.0
176
     1
 40
1.0
176
     1
 90
        0
176
     1
 62
    18
420
        0
176
     1
 90
       50
176
     1
 90
        3
176
     1
 62
     5
420
      255
176
     1
290
     0
176
     1
 90
       50
176
     1
 90
       50
176
     1
 90
       50
176
     1
290
     0
176
     1
 90
       50
176
     1
 62
   256
176
     0
 40
1.0
176
     0
 90
        2
176
     1
  1
strokes_ogs.tif
176
     1
290
     0
176
     1
 40
1.0
176
     1
 40
1.0
176
     1
  0
VISUALSTYLE
  5
248F
102
{ACAD_REACTORS
330
1A17
102
}
330
1A17
100
AcDbVisualStyle
  2
Hidden
 70
     6
177
     3
291
     0
 70
    58
 90
        1
176
     1
 90
        2
176
     1
 90
        2
176
     1
 90
        0
176
     1
 40
-0.6
176
     1
 40
-30.0
176
     1
 62
     7
176
     1
 90
        2
176
     1
 90
        2
176
     1
 62
     7
176
     1
 62
   257
176
     1
 90
        2
176
     1
 90
        1
176
     1
 40
40.0
176
     1
 90
        0
176
     1
 62
   257
176
     1
 40
1.0
176
     1
 90
        1
176
     1
 90
        6
176
     1
 90
        2
176
     1
 62
     7
176
     1
 90
        3
176
     1
 90
        0
176
     1
 90
        0
176
     1
290
     0
176
     1
 90
        1
176
     1
 40
0.0
176
     1
 90
        0
176
     1
290
     0
176
     1
290
     1
176
     1
290
     1
176
     1
290
     0
176
     1
290
     0
176
     1
290
     0
176
     1
290
     0
176
     1
290
     0
176
     1
290
     0
176
     1
 90
       50
176
     1
 40
0.0
176
     1
 40
1.0
176
     1
 90
        0
176
     1
 62
    18
420
        0
176
     1
 90
       50
176
     1
 90
        3
176
     1
 62
     5
420
      255
176
     1
290
     0
176
     1
 90
       50
176
     1
 90
       50
176
     1
 90
       50
176
     1
290
     0
176
     1
 90
       50
176
     1
 62
   256
176
     0
 40
1.0
176
     0
 90
        2
176
     1
  1
strokes_ogs.tif
176
     1
290
     0
176
     1
 40
1.0
176
     1
 40
1.0
176
     1
  0
VISUALSTYLE
  5
1A73
102
{ACAD_REACTORS
330
1A17
102
}
330
1A17
100
AcDbVisualStyle
  2
JitterOff
 70
    20
177
     3
291
     1
 70
    58
 90
        2
176
     0
 90
        2
176
     0
 90
        0
176
     0
 90
        0
176
     0
 40
-0.6
176
     0
 40
-30.0
176
     0
 62
     7
176
     0
 90
        1
176
     0
 90
        4
176
     0
 62
     7
176
     0
 62
   257
176
     0
 90
        1
176
     0
 90
        1
176
     0
 40
1.0
176
     0
 90
       10
176
     2
 62
     7
176
     0
 40
1.0
176
     0
 90
        1
176
     0
 90
        6
176
     0
 90
        2
176
     0
 62
     7
176
     0
 90
        5
176
     0
 90
        0
176
     0
 90
        0
176
     0
290
     0
176
     0
 90
        1
176
     0
 40
0.0
176
     0
 90
        0
176
     0
290
     0
176
     1
290
     1
176
     1
290
     1
176
     1
290
     0
176
     1
290
     0
176
     1
290
     0
176
     1
290
     0
176
     1
290
     0
176
     1
290
     0
176
     1
 90
       50
176
     1
 40
0.0
176
     1
 40
1.0
176
     1
 90
        0
176
     1
 62
    18
420
        0
176
     1
 90
       50
176
     1
 90
        3
176
     1
 62
     5
420
      255
176
     1
290
     0
176
     1
 90
       50
176
     1
 90
       50
176
     1
 90
       50
176
     1
290
     0
176
     1
 90
       50
176
     1
 62
   256
176
     0
 40
1.0
176
     0
 90
        2
176
     1
  1
strokes_ogs.tif
176
     1
290
     0
176
     1
 40
1.0
176
     1
 40
1.0
176
     1
  0
VISUALSTYLE
  5
1A25
102
{ACAD_REACTORS
330
1A17
102
}
330
1A17
100
AcDbVisualStyle
  2
Linepattern
 70
    14
177
     3
291
     1
 70
    58
 90
        2
176
     1
 90
        2
176
     1
 90
        0
176
     1
 90
        0
176
     1
 40
-0.6
176
     1
 40
-30.0
176
     1
 62
     7
176
     1
 90
        1
176
     1
 90
        4
176
     1
 62
     7
176
     1
 62
   257
176
     1
 90
        7
176
     1
 90
        7
176
     1
 40
1.0
176
     1
 90
        8
176
     1
 62
     7
176
     1
 40
1.0
176
     1
 90
        1
176
     1
 90
        6
176
     1
 90
        2
176
     1
 62
     7
176
     1
 90
        5
176
     1
 90
        0
176
     1
 90
        0
176
     1
290
     0
176
     1
 90
        1
176
     1
 40
0.0
176
     1
 90
        0
176
     1
290
     0
176
     1
290
     1
176
     1
290
     1
176
     1
290
     0
176
     1
290
     0
176
     1
290
     0
176
     1
290
     0
176
     1
290
     0
176
     1
290
     0
176
     1
 90
       50
176
     1
 40
0.0
176
     1
 40
1.0
176
     1
 90
        0
176
     1
 62
    18
420
        0
176
     1
 90
       50
176
     1
 90
        3
176
     1
 62
     5
420
      255
176
     1
290
     0
176
     1
 90
       50
176
     1
 90
       50
176
     1
 90
       50
176
     1
290
     0
176
     1
 90
       50
176
     1
 62
   256
176
     0
 40
1.0
176
     0
 90
        2
176
     1
  1
strokes_ogs.tif
176
     1
290
     0
176
     1
 40
1.0
176
     1
 40
1.0
176
     1
  0
VISUALSTYLE
  5
1A74
102
{ACAD_REACTORS
330
1A17
102
}
330
1A17
100
AcDbVisualStyle
  2
OverhangOff
 70
    21
177
     3
291
     1
 70
    58
 90
        2
176
     0
 90
        2
176
     0
 90
        0
176
     0
 90
        0
176
     0
 40
-0.6
176
     0
 40
-30.0
176
     0
 62
     7
176
     0
 90
        1
176
     0
 90
        4
176
     0
 62
     7
176
     0
 62
   257
176
     0
 90
        1
176
     0
 90
        1
176
     0
 40
1.0
176
     0
 90
        9
176
     2
 62
     7
176
     0
 40
1.0
176
     0
 90
        1
176
     0
 90
        6
176
     0
 90
        2
176
     0
 62
     7
176
     0
 90
        5
176
     0
 90
        0
176
     0
 90
        0
176
     0
290
     0
176
     0
 90
        1
176
     0
 40
0.0
176
     0
 90
        0
176
     0
290
     0
176
     1
290
     1
176
     1
290
     1
176
     1
290
     0
176
     1
290
     0
176
     1
290
     0
176
     1
290
     0
176
     1
290
     0
176
     1
290
     0
176
     1
 90
       50
176
     1
 40
0.0
176
     1
 40
1.0
176
     1
 90
        0
176
     1
 62
    18
420
        0
176
     1
 90
       50
176
     1
 90
        3
176
     1
 62
     5
420
      255
176
     1
290
     0
176
     1
 90
       50
176
     1
 90
       50
176
     1
 90
       50
176
     1
290
     0
176
     1
 90
       50
176
     1
 62
   256
176
     0
 40
1.0
176
     0
 90
        2
176
     1
  1
strokes_ogs.tif
176
     1
290
     0
176
     1
 40
1.0
176
     1
 40
1.0
176
     1
  0
VISUALSTYLE
  5
1A21
102
{ACAD_REACTORS
330
1A17
102
}
330
1A17
100
AcDbVisualStyle
  2
Realistic
 70
     8
177
     3
291
     0
 70
    58
 90
        2
176
     1
 90
        2
176
     1
 90
        0
176
     1
 90
        0
176
     1
 40
-0.6
176
     1
 40
-30.0
176
     1
 62
     7
176
     1
 90
        1
176
     1
 90
        0
176
     1
 62
     7
176
     1
 62
   257
176
     1
 90
        1
176
     1
 90
        1
176
     1
 40
1.0
176
     1
 90
        8
176
     1
 62
     8
176
     1
 40
1.0
176
     1
 90
        1
176
     1
 90
        6
176
     1
 90
        2
176
     1
 62
     7
176
     1
 90
        5
176
     1
 90
        0
176
     1
 90
        0
176
     1
290
     0
176
     1
 90
       13
176
     1
 40
0.0
176
     1
 90
        0
176
     1
290
     0
176
     1
290
     1
176
     1
290
     1
176
     1
290
     0
176
     1
290
     0
176
     1
290
     0
176
     1
290
     0
176
     1
290
     0
176
     1
290
     0
176
     1
 90
       50
176
     1
 40
0.0
176
     1
 40
1.0
176
     1
 90
        0
176
     1
 62
    18
420
        0
176
     1
 90
       50
176
     1
 90
        3
176
     1
 62
     5
420
      255
176
     1
290
     0
176
     1
 90
       50
176
     1
 90
       50
176
     1
 90
       50
176
     1
290
     0
176
     1
 90
       50
176
     1
 62
   256
176
     0
 40
1.0
176
     0
 90
        2
176
     1
  1
strokes_ogs.tif
176
     1
290
     0
176
     1
 40
1.0
176
     1
 40
1.0
176
     1
  0
VISUALSTYLE
  5
2494
102
{ACAD_REACTORS
330
1A17
102
}
330
1A17
100
AcDbVisualStyle
  2
Shaded
 70
    27
177
     3
291
     0
 70
    58
 90
        2
176
     1
 90
        2
176
     1
 90
        1
176
     1
 90
        2
176
     1
 40
-0.6
176
     1
 40
30.0
176
     1
 62
     7
176
     1
 90
        0
176
     1
 90
        4
176
     1
 62
     7
176
     1
 62
   257
176
     1
 90
        1
176
     1
 90
        1
176
     1
 40
1.0
176
     1
 90
        8
176
     1
 62
   257
176
     1
 40
1.0
176
     1
 90
        1
176
     1
 90
        6
176
     1
 90
        2
176
     1
 62
     8
176
     1
 90
        3
176
     1
 90
        0
176
     1
 90
        0
176
     1
290
     0
176
     1
 90
        5
176
     1
 40
0.0
176
     1
 90
        0
176
     1
290
     0
176
     1
290
     1
176
     1
290
     1
176
     1
290
     0
176
     1
290
     0
176
     1
290
     0
176
     1
290
     0
176
     1
290
     0
176
     1
290
     0
176
     1
 90
       50
176
     1
 40
0.0
176
     1
 40
1.0
176
     1
 90
        0
176
     1
 62
    18
420
        0
176
     1
 90
       50
176
     1
 90
        3
176
     1
 62
     5
420
      255
176
     1
290
     0
176
     1
 90
       50
176
     1
 90
       50
176
     1
 90
       50
176
     1
290
     0
176
     1
 90
       50
176
     1
 62
   256
176
     0
 40
1.0
176
     0
 90
        2
176
     1
  1
strokes_ogs.tif
176
     1
290
     0
176
     1
 40
1.0
176
     1
 40
1.0
176
     1
  0
VISUALSTYLE
  5
2493
102
{ACAD_REACTORS
330
1A17
102
}
330
1A17
100
AcDbVisualStyle
  2
Shaded with edges
 70
    26
177
     3
291
     0
 70
    58
 90
        2
176
     1
 90
        2
176
     1
 90
        1
176
     1
 90
        2
176
     1
 40
-0.6
176
     1
 40
30.0
176
     1
 62
     7
176
     1
 90
        1
176
     1
 90
        2
176
     1
 62
     7
176
     1
 62
   257
176
     1
 90
        2
176
     1
 90
        1
176
     1
 40
1.0
176
     1
 90
        8
176
     1
 62
   257
176
     1
 40
1.0
176
     1
 90
        1
176
     1
 90
        6
176
     1
 90
        2
176
     1
 62
     7
176
     1
 90
        3
176
     1
 90
        0
176
     1
 90
        0
176
     1
290
     0
176
     1
 90
        5
176
     1
 40
0.0
176
     1
 90
        0
176
     1
290
     0
176
     1
290
     1
176
     1
290
     1
176
     1
290
     0
176
     1
290
     0
176
     1
290
     0
176
     1
290
     0
176
     1
290
     0
176
     1
290
     0
176
     1
 90
       50
176
     1
 40
0.0
176
     1
 40
1.0
176
     1
 90
        0
176
     1
 62
    18
420
        0
176
     1
 90
       50
176
     1
 90
        3
176
     1
 62
     5
420
      255
176
     1
290
     0
176
     1
 90
       50
176
     1
 90
       50
176
     1
 90
       50
176
     1
290
     0
176
     1
 90
       50
176
     1
 62
   256
176
     0
 40
1.0
176
     0
 90
        2
176
     1
  1
strokes_ogs.tif
176
     1
290
     0
176
     1
 40
1.0
176
     1
 40
1.0
176
     1
  0
VISUALSTYLE
  5
2490
102
{ACAD_REACTORS
330
1A17
102
}
330
1A17
100
AcDbVisualStyle
  2
Shades of Gray
 70
    23
177
     3
291
     0
 70
    58
 90
        2
176
     1
 90
        2
176
     1
 90
        3
176
     1
 90
        0
176
     1
 40
-0.6
176
     1
 40
-30.0
176
     1
 62
     7
176
     1
 90
        2
176
     1
 90
        2
176
     1
 62
     7
176
     1
 62
     7
176
     1
 90
        1
176
     1
 90
        1
176
     1
 40
40.0
176
     1
 90
        8
176
     1
 62
     7
176
     1
 40
1.0
176
     1
 90
        1
176
     1
 90
        6
176
     1
 90
        2
176
     1
 62
     7
176
     1
 90
        3
176
     1
 90
        0
176
     1
 90
        0
176
     1
290
     0
176
     1
 90
        1
176
     1
 40
0.0
176
     1
 90
        0
176
     1
290
     0
176
     1
290
     1
176
     1
290
     1
176
     1
290
     0
176
     1
290
     0
176
     1
290
     0
176
     1
290
     0
176
     1
290
     0
176
     1
290
     0
176
     1
 90
       50
176
     1
 40
0.0
176
     1
 40
1.0
176
     1
 90
        0
176
     1
 62
    18
420
        0
176
     1
 90
       50
176
     1
 90
        3
176
     1
 62
     5
420
      255
176
     1
290
     0
176
     1
 90
       50
176
     1
 90
       50
176
     1
 90
       50
176
     1
290
     0
176
     1
 90
       50
176
     1
 62
   256
176
     0
 40
1.0
176
     0
 90
        2
176
     1
  1
strokes_ogs.tif
176
     1
290
     0
176
     1
 40
1.0
176
     1
 40
1.0
176
     1
  0
VISUALSTYLE
  5
2491
102
{ACAD_REACTORS
330
1A17
102
}
330
1A17
100
AcDbVisualStyle
  2
Sketchy
 70
    24
177
     3
291
     0
 70
    58
 90
        1
176
     1
 90
        2
176
     1
 90
        2
176
     1
 90
        0
176
     1
 40
-0.6
176
     1
 40
-30.0
176
     1
 62
     7
176
     1
 90
        2
176
     1
 90
        2
176
     1
 62
     7
176
     1
 62
     7
176
     1
 90
        1
176
     1
 90
        1
176
     1
 40
40.0
176
     1
 90
       11
176
     1
 62
     7
176
     1
 40
1.0
176
     1
 90
        1
176
     1
 90
        6
176
     1
 90
        2
176
     1
 62
     7
176
     1
 90
        6
176
     1
 90
        0
176
     1
 90
        0
176
     1
290
     0
176
     1
 90
        1
176
     1
 40
0.0
176
     1
 90
        0
176
     1
290
     0
176
     1
290
     1
176
     1
290
     1
176
     1
290
     0
176
     1
290
     0
176
     1
290
     0
176
     1
290
     0
176
     1
290
     0
176
     1
290
     0
176
     1
 90
       50
176
     1
 40
0.0
176
     1
 40
1.0
176
     1
 90
        0
176
     1
 62
    18
420
        0
176
     1
 90
       50
176
     1
 90
        3
176
     1
 62
     5
420
      255
176
     1
290
     0
176
     1
 90
       50
176
     1
 90
       50
176
     1
 90
       50
176
     1
290
     0
176
     1
 90
       50
176
     1
 62
   256
176
     0
 40
1.0
176
     0
 90
        2
176
     1
  1
strokes_ogs.tif
176
     1
290
     0
176
     1
 40
1.0
176
     1
 40
1.0
176
     1
  0
VISUALSTYLE
  5
1A24
102
{ACAD_REACTORS
330
1A17
102
}
330
1A17
100
AcDbVisualStyle
  2
Thicken
 70
    13
177
     3
291
     1
 70
    58
 90
        2
176
     1
 90
        2
176
     1
 90
        0
176
     1
 90
        0
176
     1
 40
-0.6
176
     1
 40
-30.0
176
     1
 62
     7
176
     1
 90
        1
176
     1
 90
        4
176
     1
 62
     7
176
     1
 62
   257
176
     1
 90
        1
176
     1
 90
        1
176
     1
 40
1.0
176
     1
 90
       12
176
     1
 62
     7
176
     1
 40
1.0
176
     1
 90
        1
176
     1
 90
        6
176
     1
 90
        2
176
     1
 62
     7
176
     1
 90
        5
176
     1
 90
        0
176
     1
 90
        0
176
     1
290
     0
176
     1
 90
        1
176
     1
 40
0.0
176
     1
 90
        0
176
     1
290
     0
176
     1
290
     1
176
     1
290
     1
176
     1
290
     0
176
     1
290
     0
176
     1
290
     0
176
     1
290
     0
176
     1
290
     0
176
     1
290
     0
176
     1
 90
       50
176
     1
 40
0.0
176
     1
 40
1.0
176
     1
 90
        0
176
     1
 62
    18
420
        0
176
     1
 90
       50
176
     1
 90
        3
176
     1
 62
     5
420
      255
176
     1
290
     0
176
     1
 90
       50
176
     1
 90
       50
176
     1
 90
       50
176
     1
290
     0
176
     1
 90
       50
176
     1
 62
   256
176
     0
 40
1.0
176
     0
 90
        2
176
     1
  1
strokes_ogs.tif
176
     1
290
     0
176
     1
 40
1.0
176
     1
 40
1.0
176
     1
  0
VISUALSTYLE
  5
248E
102
{ACAD_REACTORS
330
1A17
102
}
330
1A17
100
AcDbVisualStyle
  2
Wireframe
 70
     5
177
     3
291
     0
 70
    58
 90
        0
176
     1
 90
        2
176
     1
 90
        0
176
     1
 90
        0
176
     1
 40
-0.6
176
     1
 40
-30.0
176
     1
 62
     7
176
     1
 90
        1
176
     1
 90
        4
176
     1
 62
     7
176
     1
 62
   257
176
     1
 90
        1
176
     1
 90
        1
176
     1
 40
1.0
176
     1
 90
        0
176
     1
 62
   257
176
     1
 40
1.0
176
     1
 90
        1
176
     1
 90
        6
176
     1
 90
        2
176
     1
 62
     7
176
     1
 90
        3
176
     1
 90
        0
176
     1
 90
        0
176
     1
290
     0
176
     1
 90
        1
176
     1
 40
0.0
176
     1
 90
        0
176
     1
290
     0
176
     1
290
     1
176
     1
290
     1
176
     1
290
     0
176
     1
290
     0
176
     1
290
     0
176
     1
290
     0
176
     1
290
     0
176
     1
290
     0
176
     1
 90
       50
176
     1
 40
0.0
176
     1
 40
1.0
176
     1
 90
        0
176
     1
 62
    18
420
        0
176
     1
 90
       50
176
     1
 90
        3
176
     1
 62
     5
420
      255
176
     1
290
     0
176
     1
 90
       50
176
     1
 90
       50
176
     1
 90
       50
176
     1
290
     0
176
     1
 90
       50
176
     1
 62
   256
176
     0
 40
1.0
176
     0
 90
        2
176
     1
  1
strokes_ogs.tif
176
     1
290
     0
176
     1
 40
1.0
176
     1
 40
1.0
176
     1
  0
VISUALSTYLE
  5
2492
102
{ACAD_REACTORS
330
1A17
102
}
330
1A17
100
AcDbVisualStyle
  2
X-Ray
 70
    25
177
     3
291
     0
 70
    58
 90
        2
176
     1
 90
        2
176
     1
 90
        1
176
     1
 90
        1
176
     1
 40
0.5
176
     1
 40
-30.0
176
     1
 62
     7
176
     1
 90
        1
176
     1
 90
        0
176
     1
 62
     7
176
     1
 62
   257
176
     1
 90
        1
176
     1
 90
        1
176
     1
 40
1.0
176
     1
 90
        8
176
     1
 62
     7
176
     1
 40
1.0
176
     1
 90
        1
176
     1
 90
        6
176
     1
 90
        2
176
     1
 62
     7
176
     1
 90
        3
176
     1
 90
        0
176
     1
 90
        0
176
     1
290
     0
176
     1
 90
       13
176
     1
 40
0.0
176
     1
 90
        0
176
     1
290
     0
176
     1
290
     1
176
     1
290
     1
176
     1
290
     0
176
     1
290
     0
176
     1
290
     0
176
     1
290
     0
176
     1
290
     0
176
     1
290
     0
176
     1
 90
       50
176
     1
 40
0.0
176
     1
 40
1.0
176
     1
 90
        0
176
     1
 62
    18
420
        0
176
     1
 90
       50
176
     1
 90
        3
176
     1
 62
     5
420
      255
176
     1
290
     0
176
     1
 90
       50
176
     1
 90
       50
176
     1
 90
       50
176
     1
290
     0
176
     1
 90
       50
176
     1
 62
   256
176
     0
 40
1.0
176
     0
 90
        2
176
     1
  1
strokes_ogs.tif
176
     1
290
     0
176
     1
 40
1.0
176
     1
 40
1.0
176
     1
  0
DICTIONARYVAR
  5
292B
102
{ACAD_REACTORS
330
1A5F
102
}
330
1A5F
100
DictionaryVariables
280
     0
  1
1:1
  0
DICTIONARYVAR
  5
1A61
102
{ACAD_REACTORS
330
1A5F
102
}
330
1A5F
100
DictionaryVariables
280
     0
  1
Standard
  0
DICTIONARYVAR
  5
1A60
102
{ACAD_REACTORS
330
1A5F
102
}
330
1A5F
100
DictionaryVariables
280
     0
  1
Standard
  0
DICTIONARYVAR
  5
24BC
102
{ACAD_REACTORS
330
1A5F
102
}
330
1A5F
100
DictionaryVariables
280
     0
  1
Imperial24
  0
DICTIONARYVAR
  5
24BD
102
{ACAD_REACTORS
330
1A5F
102
}
330
1A5F
100
DictionaryVariables
280
     0
  1
Imperial24
  0
DICTIONARYVAR
  5
2929
102
{ACAD_REACTORS
330
1A5F
102
}
330
1A5F
100
DictionaryVariables
280
     0
  1
1
  0
DICTIONARYVAR
  5
2928
102
{ACAD_REACTORS
330
1A5F
102
}
330
1A5F
100
DictionaryVariables
280
     0
  1
0
  0
DICTIONARYVAR
  5
1A65
102
{ACAD_REACTORS
330
1A5F
102
}
330
1A5F
100
DictionaryVariables
280
     0
  1
1
  0
DICTIONARYVAR
  5
1A66
102
{ACAD_REACTORS
330
1A5F
102
}
330
1A5F
100
DictionaryVariables
280
     0
  1
15
  0
DICTIONARYVAR
  5
1A64
102
{ACAD_REACTORS
330
1A5F
102
}
330
1A5F
100
DictionaryVariables
280
     0
  1
0
  0
DICTIONARYVAR
  5
1A62
102
{ACAD_REACTORS
330
1A5F
102
}
330
1A5F
100
DictionaryVariables
280
     0
  1
0
  0
DICTIONARYVAR
  5
292A
102
{ACAD_REACTORS
330
1A5F
102
}
330
1A5F
100
DictionaryVariables
280
     0
  1
1
  0
DICTIONARYVAR
  5
2927
102
{ACAD_REACTORS
330
1A5F
102
}
330
1A5F
100
DictionaryVariables
280
     0
  1
127
  0
DICTIONARYVAR
  5
249C
102
{ACAD_REACTORS
330
1A5F
102
}
330
1A5F
100
DictionaryVariables
280
     0
  1
0
  0
XRECORD
  5
2499
102
{ACAD_REACTORS
330
2498
102
}
330
2498
100
AcDbXrecord
280
     1
  1
AcLyLayerGroup
 90
        1
300
CALC
  0
ACAD_PROXY_OBJECT
  5
24D6
330
24D5
100
AcDbProxyObject
 90
      499
 91
      515
 71
    23
 97
       15
 70
     0
161
               444
310
3FFFFFFFD210B4040000F1D84150B4261736520506F696E740046568A8025C143326A6A1BCAA8025C143326A6A1BCA0097050CC9A9A86F20
  0
DICTIONARY
  5
2923
330
24A1
100
AcDbDictionary
280
     1
281
     1
  0
DICTIONARY
  5
2908
330
1A52
100
AcDbDictionary
280
     1
281
     1
  3
ADSK_XREC_LAYOUTTHUMBNAIL
360
290A
  0
DICTIONARY
  5
25DA
330
1A0F
100
AcDbDictionary
280
     1
281
     1
  3
FBXASSET
360
25DB
  0
DICTIONARY
  5
2921
330
249F
100
AcDbDictionary
280
     1
281
     1
  0
DICTIONARY
  5
292C
330
1A2A
100
AcDbDictionary
280
     1
281
     1
  3
ACAD_ROUNDTRIP_2008_TABLESTYLE_CELLSTYLEMAP
360
292D
  0
XRECORD
  5
290A
102
{ACAD_REACTORS
330
2908
102
}
330
2908
100
AcDbXrecord
280
     1
310
28000000000100006200000001000800000000000062000001000000010000000001000000000000000000FFFFFFFF52000000000000000000000000000000320000000000000000000000FF0000004F00000000330000006600000099000052CC000000FF00000000330000333300326633003B99330000CC3300FFFF3300
310
3200660000336600006666000099660000CC660000FF66000000990000339900006699000099990000CC990000FF99000000CC000033CC000066CC000099CC0000CCCC0000FFCC000000FF000033FF000066FF000099FF0000CCFF0000FFFF00010000331433003354660033539900336FCC003374FF003330003333303333
310
33726633337099333370CC333330FF3333010066331233663354666633539966336FCC663374FF66333000993330339933726699337099993331CC993300FF99330000CC330033CC330066CC330099CC3300CCCC3300FFCC330000FF330033FF330066FF330099FF3300CCFF3300FFFF330000006600330066006600660099
310
006600CC006600FF00660000336600333366006633660099336666CC336652FF33665600666650336666736666663299666631CC666650FF66666F0099664F339966336699664699996666CC996652FF99665600CC665033CC667366CC663299CC6631CCCC6650FFCC666F00FF663333FF661866FF660099FF6600CCFF6600
310
FFFF660000009900330099006600990099009900CC009900FF00990000339900333399006633990099339900CC339900FF33990000669900336699006666990099669900CC669900FF66990000999901339999146699995499999953CC99996FFF99997400CC993033CC993066CC997299CC9970CCCC9970FFCC993400FF99
310
0133FF991266FF995499FF9953CCFF996FFFFF99740000CC303300CC306600CC729900CC70CC00CC35FF00CC000033CC003333CC006633CC009933CC00CC33CC00FF33CC000066CC003366CC006666CC009966CC00CC66CC00FF66CC000099CC003399CC006699CC009999CC00CC99CC00FF99CC0000CCCC0033CCCC0066CC
310
CC0099CCCC00CCCCCC66FFCCCC5200FFCC5633FFCC5066FFCC7399FFCC32CCFFCC31FFFFCC500000FF6F3300FF4F6600FF339900FF46CC00FF66FF00FF520033FF563333FF506633FF739933FF32CC33FF31FF33FF500066FF6F3366FF336666FF5A9966FF00CC66FF14FF66FF540099FF533399FF6F6699FF749999FF30CC
310
99FF30FF99FF7200CCFF7033CCFF7066CCFF3799CCFF01CCCCFF12FFCCFF5400FFFF5333FFFF6F66FFFF7499FFFF30CCFFFF30FFFFFF72000000700D0D0D381A1A1A00282828003535356643434352505050565D5D5D506B6B6B73787878328686863193939350A1A1A16FAEAEAE4FBBBBBB33C9C9C946D6D6D666E4E4E452
310
F1F1F156FFFFFF50000000730000003200000031000000500000006F000000330000008C00000000000000F0000000FF00000000000000000000000000000000000000000000000000000000000000000000000000000000000000000000000000000000000000000000000000000000000000000000000000000000000000
310
00000000000000000000000000000000000000000000000000000000000000000000000000000000000000000000000000000000000000000000000000000000000000000000000000000000000000000000000000000000000000000000000000000000000000000000000000000000000000000000000000000000000000
310
00000000000000000000000000000000000000000000000000000000000000000000000000000000000000000000000000000000000000000000000000000000000000000000000000000000000000000000000000000000000000000000000000000000000000000000000000000000000000000000000000000000000000
310
00000000000000000000000000000000000000000000000000000000000000000000000000000000000000000000000000000000000000000000000000000000000000000000000000000000000000000000000000000000000000000000000000000000000000000000000000000000000000000000000000000000000000
310
00000000000000000000000000000000000000000000000000000000000000000000000000000000000000000000000000000000000000000000000000000000000000000000000000000000000000000000000000000000000000000000000000000000000000000000000000000000000000000000000000000000000000
310
00000000000000000000000000000000000000000000000000000000000000000000000000000000000000000000000000000000000000000000000000000000000000000000000000000000000000000000000000000000000000000000000000000000000000000000000000000000000000000000000000000000000000
310
00000000000000000000000000000000000000000000000000000000000000000000000000000000000000000000000000000000000000000000000000000000000000000000000000000000000000000000000000000000000000000000000000000000000000000000000000000000000000000000000000000000000000
310
00000000000000000000000000000000000000000000000000000000000000000000000000000000000000000000000000000000000000000000000000000000000000000000000000000000000000000000000000000000000000000000000000000000000000000000000000000000000000000000000000000000000000
310
00000000000000000000000000000000000000000000000000000000000000000000000000000000000000000000000000000000000000000000000000000000000000000000000000000000000000000000000000000000000000000000000000000000000000000000000000000000000000000000000000000000000000
310
00000000000000000000000000000000000000000000000000000000000000000000000000000000000000000000000000000000000000000000000000000000000000000000000000000000000000000000000000000000000000000000000000000000000000000000000000000000000000000000000000000000000000
310
00000000000000000000000000000000000000000000000000000000000000000000000000000000000000000000000000000000000000000000000000000000000000000000000000000000000000000000000000000000000000000000000000000000000000000000000000000000000000000000000000000000000000
310
00000000000000000000000000000000000000000000000000000000000000000000000000000000000000000000000000000000000000000000000000000000000000000000000000000000000000000000000000000000000000000000000000000000000000000000000000000000000000000000000000000000000000
310
00000000000000000000000000000000000000000000000000000000000000000000000000000000000000000000000000000000000000000000000000000000000000000000000000000000000000000000000000000000000000000000000000000000000000000000000000000000000000000000000000000000000000
310
00000000000000000000000000000000000000000000000000000000000000000000000000000000000000000000000000000000000000000000000000000000000000000000000000000000000000000000000000000000000000000000000000000000000000000000000000000000000000000000000000000000000000
310
00000000000000000000000000000000000000000000000000000000000000000000000000000000000000000000000000000000000000000000000000000000000000000000000000000000000000000000000000000000000000000000000000000000000000000000000000000000000000000000000000000000000000
310
00000000000000000000000000000000000000000000000000000000000000000000000000000000000000000000000000000000000000000000000000000000000000000000000000000000000000000000000000000000000000000000000000000000000000000000000000000000000000000000000000000000000000
310
00000000000000000000000000000000000000000000000000000000000000000000000000000000000000000000000000000000000000000000000000000000000000000000000000000000000000000000000000000000000000000000000000000000000000000000000000000000000000000000000000000000000000
310
00000000000000000000000000000000000000000000000000000000000000000000000000000000000000000000000000000000000000000000000000000000000000000000000000000000000000000000000000000000000000000000000000000000000000000000000000000000000000000000000000000000000000
310
00000000000000000000000000000000000000000000000000000000000000000000000000000000000000000000000000000000000000000000000000000000000000000000000000000000000000000000000000000000000000000000000000000000000000000000000000000000000000000000000000000000000000
310
00000000000000000000000000000000000000000000000000000000000000000000000000000000000000000000000000000000000000000000000000000000000000000000000000000000000000000000000000000000000000000000000000000000000000000000000000000000000000000000000000000000000000
310
00000000000000000000000000000000000000000000000000000000000000000000000000000000000000000000000000000000000000000000000000000000000000000000000000000000000000000000000000000000000000000000000000000000000000000000000000000000000000000000000000000000000000
310
00000000000000000000000000000000000000000000000000000000000000000000000000000000000000000000000000000000000000000000000000000000000000000000000000000000000000000000000000000000000000000000000000000000000000000000000000000000000000000000000000000000000000
310
00000000000000000000000000000000000000000000000000000000000000000000000000000000000000000000000000000000000000000000000000000000000000000000000000000000000000000000000000000000000000000000000000000000000000000000000000000000000000000000000000000000000000
310
00000000000000000000000000000000000000000000000000000000000000000000000000000000000000000000000000000000000000000000000000000000000000000000000000000000000000000000000000000000000000000000000000000000000000000000000000000000000000000000000000000000000000
310
00000000000000000000000000000000000000000000000000000000000000000000000000000000000000000000000000000000000000000000000000000000000000000000000000000000000000000000000000000000000000000000000000000000000000000000000000000000000000000000000000000000000000
310
00000000000000000000000000000000000000000000000000000000000000000000000000000000000000000000000000000000000000000000000000000000000000000000000000000000000000000000000000000000000000000000000000000000000000000000000000000000000000000000000000000000000000
310
00000000000000000000000000000000000000000000000000000000000000000000000000000000000000000000000000000000000000000000000000000000000000000000000000000000000000000000000000000000000000000000000000000000000000000000000000000000000000000000000000000000000000
310
00000000000000000000000000000000000000000000000000000000000000000000000000000000000000000000000000000000000000000000000000000000000000000000000000000000000000000000000000000000000000000000000000000000000000000000000000000000000000000000000000000000000000
310
00000000000000000000000000000000000000000000000000000000000000000000000000000000000000000000000000000000000000000000000000000000000000000000000000000000000000000000000000000000000000000000000000000000000000000000000000000000000000000000000000000000000000
310
00000000000000000000000000000000000000000000000000000000000000000000000000000000000000000000000000000000000000000000000000000000000000000000000000000000000000000000000000000000000000000000000000000000000000000000000000000000000000000000000000000000000000
310
00000000000000000000000000000000000000000000000000000000000000000000000000000000000000000000000000000000000000000000000000000000000000000000000000000000000000000000000000000000000000000000000000000000000000000000000000000000000000000000000000000000000000
310
00000000000000000000000000000000000000000000000000000000000000000000000000000000000000000000000000000000000000000000000000000000000000000000000000000000000000000000000000000000000000000000000000000000000000000000000000000000000000000000000000000000000000
310
00000000000000000000000000000000000000000000000000000000000000000000000000000000000000000000000000000000000000000000000000000000000000000000000000000000000000000000000000000000000000000000000000000000000000000000000000000000000000000000000000000000000000
310
00000000000000000000000000000000000000000000000000000000000000000000000000000000000000000000000000000000000000000000000000000000000000000000000000000000000000000000000000000000000000000000000000000000000000000000000000000000000000000000000000000000000000
310
00000000000000000000000000000000000000000000000000000000000000000000000000000000000000000000000000000000000000000000000000000000000000000000000000000000000000000000000000000000000000000000000000000000000000000000000000000000000000000000000000000000000000
310
00000000000000000000000000000000000000000000000000000000000000000000000000000000000000000000000000000000000000000000000000000000000000000000000000000000000000000000000000000000000000000000000000000000000000000000000000000000000000000000000000000000000000
310
00000000000000000000000000000000000000000000000000000000000000000000000000000000000000000000000000000000000000000000000000000000000000000000000000000000000000000000000000000000000000000000000000000000000000000000000000000000000000000000000000000000000000
310
00000000000000000000000000000000000000000000000000000000000000000000000000000000000000000000000000000000000000000000000000000000000000000000000000000000000000000000000000000000000000000000000000000000000000000000000000000000000000000000000000000000000000
310
00000000000000000000000000000000000000000000000000000000000000000000000000000000000000000000000000000000000000000000000000000000000000000000000000000000000000000000000000000000000000000000000000000000000000000000000000000000000000000000000000000000000000
310
00000000000000000000000000000000000000000000000000000000000000000000000000000000000000000000000000000000000000000000000000000000000000000000000000000000000000000000000000000000000000000000000000000000000000000000000000000000000000000000000000000000000000
310
00000000000000000000000000000000000000000000000000000000000000000000000000000000000000000000000000000000000000000000000000000000000000000000000000000000000000000000000000000000000000000000000000000000000000000000000000000000000000000000000000000000000000
310
00000000000000000000000000000000000000000000000000000000000000000000000000000000000000000000000000000000000000000000000000000000000000000000000000000000000000000000000000000000000000000000000000000000000000000000000000000000000000000000000000000000000000
310
00000000000000000000000000000000000000000000000000000000000000000000000000000000000000000000000000000000000000000000000000000000000000000000000000000000000000000000000000000000000000000000000000000000000000000000000000000000000000000000000000000000000000
310
00000000000000000000000000000000000000000000000000000000000000000000000000000000000000000000000000000000000000000000000000000000000000000000000000000000000000000000000000000000000000000000000000000000000000000000000000000000000000000000000000000000000000
310
00000000000000000000000000000000000000000000000000000000000000000000000000000000000000000000000000000000000000000000000000000000000000000000000000000000000000000000000000000000000000000000000000000000000000000000000000000000000000000000000000000000000000
310
00000000000000000000000000000000000000000000000000000000000000000000000000000000000000000000000000000000000000000000000000000000000000000000000000000000000000000000000000000000000000000000000000000000000000000000000000000000000000000000000000000000000000
310
00000000000000000000000000000000000000000000000000000000000000000000000000000000000000000000000000000000000000000000000000000000000000000000000000000000000000000000000000000000000000000000000000000000000000000000000000000000000000000000000000000000000000
310
00000000000000000000000000000000000000000000000000000000000000000000000000000000000000000000000000000000000000000000000000000000000000000000000000000000000000000000000000000000000000000000000000000000000000000000000000000000000000000000000000000000000000
310
00000000000000000000000000000000000000000000000000000000000000000000000000000000000000000000000000000000000000000000000000000000000000000000000000000000000000000000000000000000000000000000000000000000000000000000000000000000000000000000000000000000000000
310
00000000000000000000000000000000000000000000000000000000000000000000000000000000000000000000000000000000000000000000000000000000000000000000000000000000000000000000000000000000000000000000000000000000000000000000000000000000000000000000000000000000000000
310
00000000000000000000000000000000000000000000000000000000000000000000000000000000000000000000000000000000000000000000000000000000000000000000000000000000000000000000000000000000000000000000000000000000000000000000000000000000000000000000000000000000000000
310
00000000000000000000000000000000000000000000000000000000000000000000000000000000000000000000000000000000000000000000000000000000000000000000000000000000000000000000000000000000000000000000000000000000000000000000000000000000000000000000000000000000000000
310
00000000000000000000000000000000000000000000000000000000000000000000000000000000000000000000000000000000000000000000000000000000000000000000000000000000000000000000000000000000000000000000000000000000000000000000000000000000000000000000000000000000000000
310
00000000000000000000000000000000000000000000000000000000000000000000000000000000000000000000000000000000000000000000000000000000000000000000000000000000000000000000000000000000000000000000000000000000000000000000000000000000000000000000000000000000000000
310
00000000000000000000000000000000000000000000000000000000000000000000000000000000000000000000000000000000000000000000000000000000000000000000000000000000000000000000000000000000000000000000000000000000000000000000000000000000000000000000000000000000000000
310
00000000000000000000000000000000000000000000000000000000000000000000000000000000000000000000000000000000000000000000000000000000000000000000000000000000000000000000000000000000000000000000000000000000000000000000000000000000000000000000000000000000000000
310
00000000000000000000000000000000000000000000000000000000000000000000000000000000000000000000000000000000000000000000000000000000000000000000000000000000000000000000000000000000000000000000000000000000000000000000000000000000000000000000000000000000000000
310
00000000000000000000000000000000000000000000000000000000000000000000000000000000000000000000000000000000000000000000000000000000000000000000000000000000000000000000000000000000000000000000000000000000000000000000000000000000000000000000000000000000000000
310
00000000000000000000000000000000000000000000000000000000000000000000000000000000000000000000000000000000000000000000000000000000000000000000000000000000000000000000000000000000000000000000000000000000000000000000000000000000000000000000000000000000000000
310
00000000000000000000000000000000000000000000000000000000000000000000000000000000000000000000000000000000000000000000000000000000000000000000000000000000000000000000000000000000000000000000000000000000000000000000000000000000000000000000000000000000000000
310
00000000000000000000000000000000000000000000000000000000000000000000000000000000000000000000000000000000000000000000000000000000000000000000000000000000000000000000000000000000000000000000000000000000000000000000000000000000000000000000000000000000000000
310
00000000000000000000000000000000000000000000000000000000000000000000000000000000000000000000000000000000000000000000000000000000000000000000000000000000000000000000000000000000000000000000000000000000000000000000000000000000000000000000000000000000000000
310
00000000000000000000000000000000000000000000000000000000000000000000000000000000000000000000000000000000000000000000000000000000000000000000000000000000000000000000000000000000000000000000000000000000000000000000000000000000000000000000000000000000000000
310
00000000000000000000000000000000000000000000000000000000000000000000000000000000000000000000000000000000000000000000000000000000000000000000000000000000000000000000000000000000000000000000000000000000000000000000000000000000000000000000000000000000000000
310
00000000000000000000000000000000000000000000000000000000000000000000000000000000000000000000000000000000000000000000000000000000000000000000000000000000000000000000000000000000000000000000000000000000000000000000000000000000000000000000000000000000000000
310
00000000000000000000000000000000000000000000000000000000000000000000000000000000000000000000000000000000000000000000000000000000000000000000000000000000000000000000000000000000000000000000000000000000000000000000000000000000000000000000000000000000000000
310
00000000000000000000000000000000000000000000000000000000000000000000000000000000000000000000000000000000000000000000000000000000000000000000000000000000000000000000000000000000000000000000000000000000000000000000000000000000000000000000000000000000000000
310
00000000000000000000000000000000000000000000000000000000000000000000000000000000000000000000000000000000000000000000000000000000000000000000000000000000000000000000000000000000000000000000000000000000000000000000000000000000000000000000000000000000000000
310
00000000000000000000000000000000000000000000000000000000000000000000000000000000000000000000000000000000000000000000000000000000000000000000000000000000000000000000000000000000000000000000000000000000000000000000000000000000000000000000000000000000000000
310
00000000000000000000000000000000000000000000000000000000000000000000000000000000000000000000000000000000000000000000000000000000000000000000000000000000000000000000000000000000000000000000000000000000000000000000000000000000000000000000000000000000000000
310
00000000000000000000000000000000000000000000000000000000000000000000000000000000000000000000000000000000000000000000000000000000000000000000000000000000000000000000000000000000000000000000000000000000000000000000000000000000000000000000000000000000000000
310
00000000000000000000000000000000000000000000000000000000000000000000000000000000000000000000000000000000000000000000000000000000000000000000000000000000000000000000000000000000000000000000000000000000000000000000000000000000000000000000000000000000000000
310
00000000000000000000000000000000000000000000000000000000000000000000000000000000000000000000000000000000000000000000000000000000000000000000000000000000000000000000000000000000000000000000000000000000000000000000000000000000000000000000000000000000000000
310
00000000000000000000000000000000000000000000000000000000000000000000000000000000000000000000000000000000000000000000000000000000000000000000000000000000000000000000000000000000000000000000000000000000000000000000000000000000000000000000000000000000000000
310
00000000000000000000000000000000000000000000000000000000000000000000000000000000000000000000000000000000000000000000000000000000000000000000000000000000000000000000000000000000000000000000000000000000000000000000000000000000000000000000000000000000000000
310
00000000000000000000000000000000000000000000000000000000000000000000000000000000000000000000000000000000000000000000000000000000000000000000000000000000000000000000000000000000000000000000000000000000000000000000000000000000000000000000000000000000000000
310
00000000000000000000000000000000000000000000000000000000000000000000000000000000000000000000000000000000000000000000000000000000000000000000000000000000000000000000000000000000000000000000000000000000000000000000000000000000000000000000000000000000000000
310
00000000000000000000000000000000000000000000000000000000000000000000000000000000000000000000000000000000000000000000000000000000000000000000000000000000000000000000000000000000000000000000000000000000000000000000000000000000000000000000000000000000000000
310
00000000000000000000000000000000000000000000000000000000000000000000000000000000000000000000000000000000000000000000000000000000000000000000000000000000000000000000000000000000000000000000000000000000000000000000000000000000000000000000000000000000000000
310
00000000000000000000000000000000000000000000000000000000000000000000000000000000000000000000000000000000000000000000000000000000000000000000000000000000000000000000000000000000000000000000000000000000000000000000000000000000000000000000000000000000000000
310
00000000000000000000000000000000000000000000000000000000000000000000000000000000000000000000000000000000000000000000000000000000000000000000000000000000000000000000000000000000000000000000000000000000000000000000000000000000000000000000000000000000000000
310
00000000000000000000000000000000000000000000000000000000000000000000000000000000000000000000000000000000000000000000000000000000000000000000000000000000000000000000000000000000000000000000000000000000000000000000000000000000000000000000000000000000000000
310
00000000000000000000000000000000000000000000000000000000000000000000000000000000000000000000000000000000000000000000000000000000000000000000000000000000000000000000000000000000000000000000000000000000000000000000000000000000000000000000000000000000000000
310
00000000000000000000000000000000000000000000000000000000000000000000000000000000000000000000000000000000000000000000000000000000000000000000000000000000000000000000000000000000000000000000000000000000000000000000000000000000000000000000000000000000000000
310
00000000000000000000000000000000000000000000000000000000000000000000000000000000000000000000000000000000000000000000000000000000000000000000000000000000000000000000000000000000000000000000000000000000000000000000000000000000000000000000000000000000000000
310
00000000000000000000000000000000000000000000000000000000000000000000000000000000000000000000000000000000000000000000000000000000000000000000000000000000000000000000000000000000000000000000000000000000000000000000000000000000000000000000000000000000000000
310
00000000000000000000000000000000000000000000000000000000000000000000000000000000000000000000000000000000000000000000000000000000000000000000000000000000000000000000000000000000000000000000000000000000000000000000000000000000000000000000000000000000000000
310
00000000000000000000000000000000000000000000000000000000000000000000000000000000000000000000000000000000000000000000000000000000000000000000000000000000000000000000000000000000000000000000000000000000000000000000000000000000000000000000000000000000000000
310
00000000000000000000000000000000000000000000000000000000000000000000000000000000000000000000000000000000000000000000000000000000000000000000000000000000000000000000000000000000000000000000000000000000000000000000000000000000000000000000000000000000000000
310
00000000000000000000000000000000000000000000000000000000000000000000000000000000000000000000000000000000000000000000000000000000000000000000000000000000000000000000000000000000000000000000000000000000000000000000000000000000000000000000000000000000000000
310
00000000000000000000000000000000000000000000000000000000000000000000000000000000000000000000000000000000000000000000000000000000000000000000000000000000000000000000000000000000000000000000000000000000000000000000000000000000000000000000000000000000000000
310
00000000000000000000000000000000000000000000000000000000000000000000000000000000000000000000000000000000000000000000000000000000000000000000000000000000000000000000000000000000000000000000000000000000000000000000000000000000000000000000000000000000000000
310
00000000000000000000000000000000000000000000000000000000000000000000000000000000000000000000000000000000000000000000000000000000000000000000000000000000000000000000000000000000000000000000000000000000000000000000000000000000000000000000000000000000000000
310
00000000000000000000000000000000000000000000000000000000000000000000000000000000000000000000000000000000000000000000000000000000000000000000000000000000000000000000000000000000000000000000000000000000000000000000000000000000000000000000000000000000000000
310
00000000000000000000000000000000000000000000000000000000000000000000000000000000000000000000000000000000000000000000000000000000000000000000000000000000000000000000000000000000000000000000000000000000000000000000000000000000000000000000000000000000000000
310
00000000000000000000000000000000000000000000000000000000000000000000000000000000000000000000000000000000000000000000000000000000000000000000000000000000000000000000000000000000000000000000000000000000000000000000000000000000000000000000000000000000000000
310
00000000000000000000000000000000000000000000000000000000000000000000000000000000000000000000000000000000000000000000000000000000000000000000000000000000000000000000000000000000000000000000000000000000000000000000000000000000000000000000000000000000000000
310
00000000000000000000000000000000000000000000000000000000000000000000000000000000000000000000000000000000000000000000000000000000000000000000000000000000000000000000000000000000000000000000000000000000000000000000000000000000000000000000000000000000000000
310
00000000000000000000000000000000000000000000000000000000000000000000000000000000000000000000000000000000000000000000000000000000000000000000000000000000000000000000000000000000000000000000000000000000000000000000000000000000000000000000000000000000000000
310
00000000000000000000000000000000000000000000000000000000000000000000000000000000000000000000000000000000000000000000000000000000000000000000000000000000000000000000000000000000000000000000000000000000000000000000000000000000000000000000000000000000000000
310
00000000000000000000000000000000000000000000000000000000000000000000000000000000000000000000000000000000000000000000000000000000000000000000000000000000000000000000000000000000000000000000000000000000000000000000000000000000000000000000000000000000000000
310
00000000000000000000000000000000000000000000000000000000000000000000000000000000000000000000000000000000000000000000000000000000000000000000000000000000000000000000000000000000000000000000000000000000000000000000000000000000000000000000000000000000000000
310
00000000000000000000000000000000000000000000000000000000000000000000000000000000000000000000000000000000000000000000000000000000000000000000000000000000000000000000000000000000000000000000000000000000000000000000000000000000000000000000000000000000000000
310
00000000000000000000000000000000000000000000000000000000000000000000000000000000000000000000000000000000000000000000000000000000000000000000000000000000000000000000000000000000000000000000000000000000000000000000000000000000000000000000000000000000000000
310
00000000000000000000000000000000000000000000000000000000000000000000000000000000000000000000000000000000000000000000000000000000000000000000000000000000000000000000000000000000000000000000000000000000000000000000000000000000000000000000000000000000000000
310
00000000000000000000000000000000000000000000000000000000000000000000000000000000000000000000000000000000000000000000000000000000000000000000000000000000000000000000000000000000000000000000000000000000000000000000000000000000000000000000000000000000000000
310
00000000000000000000000000000000000000000000000000000000000000000000000000000000000000000000000000000000000000000000000000000000000000000000000000000000000000000000000000000000000000000000000000000000000000000000000000000000000000000000000000000000000000
310
00000000000000000000000000000000000000000000000000000000000000000000000000000000000000000000000000000000000000000000000000000000000000000000000000000000000000000000000000000000000000000000000000000000000000000000000000000000000000000000000000000000000000
310
00000000000000000000000000000000000000000000000000000000000000000000000000000000000000000000000000000000000000000000000000000000000000000000000000000000000000000000000000000000000000000000000000000000000000000000000000000000000000000000000000000000000000
310
00000000000000000000000000000000000000000000000000000000000000000000000000000000000000000000000000000000000000000000000000000000000000000000000000000000000000000000000000000000000000000000000000000000000000000000000000000000000000000000000000000000000000
310
00000000000000000000000000000000000000000000000000000000000000000000000000000000000000000000000000000000000000000000000000000000000000000000000000000000000000000000000000000000000000000000000000000000000000000000000000000000000000000000000000000000000000
310
00000000000000000000000000000000000000000000000000000000000000000000000000000000000000000000000000000000000000000000000000000000000000000000000000000000000000000000000000000000000000000000000000000000000000000000000000000000000000000000000000000000000000
310
00000000000000000000000000000000000000000000000000000000000000000000000000000000000000000000000000000000000000000000000000000000000000000000000000000000000000000000000000000000000000000000000000000000000000000000000000000000000000000000000000000000000000
310
00000000000000000000000000000000000000000000000000000000000000000000000000000000000000000000000000000000000000000000000000000000000000000000000000000000000000000000000000000000000000000000000000000000000000000000000000000000000000000000000000000000000000
310
00000000000000000000000000000000000000000000000000000000000000000000000000000000000000000000000000000000000000000000000000000000000000000000000000000000000000000000000000000000000000000000000000000000000000000000000000000000000000000000000000000000000000
310
00000000000000000000000000000000000000000000000000000000000000000000000000000000000000000000000000000000000000000000000000000000000000000000000000000000000000000000000000000000000000000000000000000000000000000000000000000000000000000000000000000000000000
310
00000000000000000000000000000000000000000000000000000000000000000000000000000000000000000000000000000000000000000000000000000000000000000000000000000000000000000000000000000000000000000000000000000000000000000000000000000000000000000000000000000000000000
310
00000000000000000000000000000000000000000000000000000000000000000000000000000000000000000000000000000000000000000000000000000000000000000000000000000000000000000000000000000000000000000000000000000000000000000000000000000000000000000000000000000000000000
310
00000000000000000000000000000000000000000000000000000000000000000000000000000000000000000000000000000000000000000000000000000000000000000000000000000000000000000000000000000000000000000000000000000000000000000000000000000000000000000000000000000000000000
310
00000000000000000000000000000000000000000000000000000000000000000000000000000000000000000000000000000000000000000000000000000000000000000000000000000000000000000000000000000000000000000000000000000000000000000000000000000000000000000000000000000000000000
310
00000000000000000000000000000000000000000000000000000000000000000000000000000000000000000000000000000000000000000000000000000000000000000000000000000000000000000000000000000000000000000000000000000000000000000000000000000000000000000000000000000000000000
310
00000000000000000000000000000000000000000000000000000000000000000000000000000000000000000000000000000000000000000000000000000000000000000000000000000000000000000000000000000000000000000000000000000000000000000000000000000000000000000000000000000000000000
310
00000000000000000000000000000000000000000000000000000000000000000000000000000000000000000000000000000000000000000000000000000000000000000000000000000000000000000000000000000000000000000000000000000000000000000000000000000000000000000000000000000000000000
310
00000000000000000000000000000000000000000000000000000000000000000000000000000000000000000000000000000000000000000000000000000000000000000000000000000000000000000000000000000000000000000000000000000000000000000000000000000000000000000000000000000000000000
310
00000000000000000000000000000000000000000000000000000000000000000000000000000000000000000000000000000000000000000000000000000000000000000000000000000000000000000000000000000000000000000000000000000000000000000000000000000000000000000000000000000000000000
310
00000000000000000000000000000000000000000000000000000000000000000000000000000000000000000000000000000000000000000000000000000000000000000000000000000000000000000000000000000000000000000000000000000000000000000000000000000000000000000000000000000000000000
310
00000000000000000000000000000000000000000000000000000000000000000000000000000000000000000000000000000000000000000000000000000000000000000000000000000000000000000000000000000000000000000000000000000000000000000000000000000000000000000000000000000000000000
310
00000000000000000000000000000000000000000000000000000000000000000000000000000000000000000000000000000000000000000000000000000000000000000000000000000000000000000000000000000000000000000000000000000000000000000000000000000000000000000000000000000000000000
310
00000000000000000000000000000000000000000000000000000000000000000000000000000000000000000000000000000000000000000000000000000000000000000000000000000000000000000000000000000000000000000000000000000000000000000000000000000000000000000000000000000000000000
310
00000000000000000000000000000000000000000000000000000000000000000000000000000000000000000000000000000000000000000000000000000000000000000000000000000000000000000000000000000000000000000000000000000000000000000000000000000000000000000000000000000000000000
310
00000000000000000000000000000000000000000000000000000000000000000000000000000000000000000000000000000000000000000000000000000000000000000000000000000000000000000000000000000000000000000000000000000000000000000000000000000000000000000000000000000000000000
310
00000000000000000000000000000000000000000000000000000000000000000000000000000000000000000000000000000000000000000000000000000000000000000000000000000000000000000000000000000000000000000000000000000000000000000000000000000000000000000000000000000000000000
310
00000000000000000000000000000000000000000000000000000000000000000000000000000000000000000000000000000000000000000000000000000000000000000000000000000000000000000000000000000000000000000000000000000000000000000000000000000000000000000000000000000000000000
310
00000000000000000000000000000000000000000000000000000000000000000000000000000000000000000000000000000000000000000000000000000000000000000000000000000000000000000000000000000000000000000000000000000000000000000000000000000000000000000000000000000000000000
310
00000000000000000000000000000000000000000000000000000000000000000000000000000000000000000000000000000000000000000000000000000000000000000000000000000000000000000000000000000000000000000000000000000000000000000000000000000000000000000000000000000000000000
310
00000000000000000000000000000000000000000000000000000000000000000000000000000000000000000000000000000000000000000000000000000000000000000000000000000000000000000000000000000000000000000000000000000000000000000000000000000000000000000000000000000000000000
310
00000000000000000000000000000000000000000000000000000000000000000000000000000000000000000000000000000000000000000000000000000000000000000000000000000000000000000000000000000000000000000000000000000000000000000000000000000000000000000000000000000000000000
310
00000000000000000000000000000000000000000000000000000000000000000000000000000000000000000000000000000000000000000000000000000000000000000000000000000000000000000000000000000000000000000000000000000000000000000000000000000000000000000000000000000000000000
310
00000000000000000000000000000000000000000000000000000000000000000000000000000000000000000000000000000000000000000000000000000000000000000000000000000000000000000000000000000000000000000000000000000000000000000000000000000000000000000000000000000000000000
310
00000000000000000000000000000000000000000000000000000000000000000000000000000000000000000000000000000000000000000000000000000000000000000000000000000000000000000000000000000000000000000000000000000000000000000000000000000000000000000000000000000000000000
310
00000000000000000000000000000000000000000000000000000000000000000000000000000000000000000000000000000000000000000000000000000000000000000000000000000000000000000000000000000000000000000000000000000000000000000000000000000000000000000000000000000000000000
310
00000000000000000000000000000000000000000000000000000000000000000000000000000000000000000000000000000000000000000000000000000000000000000000000000000000000000000000000000000000000000000000000000000000000000000000000000000000000000000000000000000000000000
310
00000000000000000000000000000000000000000000000000000000000000000000000000000000000000000000000000000000000000000000000000000000000000000000000000000000000000000000000000000000000000000000000000000000000000000000000000000000000000000000000000000000000000
310
00000000000000000000000000000000000000000000000000000000000000000000000000000000000000000000000000000000000000000000000000000000000000000000000000000000000000000000000000000000000000000000000000000000000000000000000000000000000000000000000000000000000000
310
00000000000000000000000000000000000000000000000000000000000000000000000000000000000000000000000000000000000000000000000000000000000000000000000000000000000000000000000000000000000000000000000000000000000000000000000000000000000000000000000000000000000000
310
00000000000000000000000000000000000000000000000000000000000000000000000000000000000000000000000000000000000000000000000000000000000000000000000000000000000000000000000000000000000000000000000000000000000000000000000000000000000000000000000000000000000000
310
00000000000000000000000000000000000000000000000000000000000000000000000000000000000000000000000000000000000000000000000000000000000000000000000000000000000000000000000000000000000000000000000000000000000000000000000000000000000000000000000000000000000000
310
00000000000000000000000000000000000000000000000000000000000000000000000000000000000000000000000000000000000000000000000000000000000000000000000000000000000000000000000000000000000000000000000000000000000000000000000000000000000000000000000000000000000000
310
00000000000000000000000000000000000000000000000000000000000000000000000000000000000000000000000000000000000000000000000000000000000000000000000000000000000000000000000000000000000000000000000000000000000000000000000000000000000000000000000000000000000000
310
00000000000000000000000000000000000000000000000000000000000000000000000000000000000000000000000000000000000000000000000000000000000000000000000000000000000000000000000000000000000000000000000000000000000000000000000000000000000000000000000000000000000000
310
00000000000000000000000000000000000000000000000000000000000000000000000000000000000000000000000000000000000000000000000000000000000000000000000000000000000000000000000000000000000000000000000000000000000000000000000000000000000000000000000000000000000000
310
00000000000000000000000000000000000000000000000000000000000000000000000000000000000000000000000000000000000000000000000000000000000000000000000000000000000000000000000000000000000000000000000000000000000000000000000000000000000000000000000000000000000000
310
00000000000000000000000000000000000000000000000000000000000000000000000000000000000000000000000000000000000000000000000000000000000000000000000000000000000000000000000000000000000000000000000000000000000000000000000000000000000000000000000000000000000000
310
00000000000000000000000000000000000000000000000000000000000000000000000000000000000000000000000000000000000000000000000000000000000000000000000000000000000000000000000000000000000000000000000000000000000000000000000000000000000000000000000000000000000000
310
00000000000000000000000000000000000000000000000000000000000000000000000000000000000000000000000000000000000000000000000000000000000000000000000000000000000000000000000000000000000000000000000000000000000000000000000000000000000000000000000000000000000000
310
00000000000000000000000000000000000000000000000000000000000000000000000000000000000000000000000000000000000000000000000000000000000000000000000000000000000000000000000000000000000000000000000000000000000000000000000000000000000000000000000000000000000000
310
00000000000000000000000000000000000000000000000000000000000000000000000000000000000000000000000000000000000000000000000000000000000000000000000000000000000000000000000000000000000000000000000000000000000000000000000000000000000000000000000000000000000000
310
00000000000000000000000000000000000000000000000000000000000000000000000000000000000000000000000000000000000000000000000000000000000000000000000000000000000000000000000000000000000000000000000000000000000000000000000000000000000000000000000000000000000000
310
00000000000000000000000000000000000000000000000000000000000000000000000000000000000000000000000000000000000000000000000000000000000000000000000000000000000000000000000000000000000000000000000000000000000000000000000000000000000000000000000000000000000000
310
00000000000000000000000000000000000000000000000000000000000000000000000000000000000000000000000000000000000000000000000000000000000000000000000000000000000000000000000000000000000000000000000000000000000000000000000000000000000000000000000000000000000000
310
00000000000000000000000000000000000000000000000000000000000000000000000000000000000000000000000000000000000000000000000000000000000000000000000000000000000000000000000000000000000000000000000000000000000000000000000000000000000000000000000000000000000000
310
00000000000000000000000000000000000000000000000000000000000000000000000000000000000000000000000000000000000000000000000000000000000000000000000000000000000000000000000000000000000000000000000000000000000000000000000000000000000000000000000000000000000000
310
00000000000000000000000000000000000000000000000000000000000000000000000000000000000000000000000000000000000000000000000000000000000000000000000000000000000000000000000000000000000000000000000000000000000000000000000000000000000000000000000000000000000000
310
00000000000000000000000000000000000000000000000000000000000000000000000000000000000000000000000000000000000000000000000000000000000000000000000000000000000000000000000000000000000000000000000000000000000000000000000000000000000000000000000000000000000000
310
00000000000000000000000000000000000000000000000000000000000000000000000000000000000000000000000000000000000000000000000000000000000000000000000000000000000000000000000000000000000000000000000000000000000000000000000000000000000000000000000000000000000000
310
00000000000000000000000000000000000000000000000000000000000000000000000000000000000000000000000000000000000000000000000000000000000000000000000000000000000000000000000000000000000000000000000000000000000000000000000000000000000000000000000000000000000000
310
00000000000000000000000000000000000000000000000000000000000000000000000000000000000000000000000000000000000000000000000000000000000000000000000000000000000000000000000000000000000000000000000000000000000000000000000000000000000000000000000000000000000000
310
00000000000000000000000000000000000000000000000000000000000000000000000000000000000000000000000000000000000000000000000000000000000000000000000000000000000000000000000000000000000000000000000000000000000000000000000000000000000000000000000000000000000000
310
00000000000000000000000000000000000000000000000000000000000000000000000000000000000000000000000000000000000000000000000000000000000000000000000000000000000000000000000000000000000000000000000000000000000000000000000000000000000000000000000000000000000000
310
00000000000000000000000000000000000000000000000000000000000000000000000000000000000000000000000000000000000000000000000000000000000000000000000000000000000000000000000000000000000000000000000000000000000000000000000000000000000000000000000000000000000000
310
00000000000000000000000000000000000000000000000000000000000000000000000000000000000000000000000000000000000000000000000000000000000000000000000000000000000000000000000000000000000000000000000000000000000000000000000000000000000000000000000000000000000000
310
00000000000000000000000000000000000000000000000000000000000000000000000000000000000000000000000000000000000000000000000000000000000000000000000000000000000000000000000000000000000000000000000000000000000000000000000000000000000000000000000000000000000000
310
00000000000000000000000000000000000000000000000000000000000000000000000000000000000000000000000000000000000000000000000000000000000000000000000000000000000000000000000000000000000000000000000000000000000000000000000000000000000000000000000000000000000000
310
00000000000000000000000000000000000000000000000000000000000000000000000000000000000000000000000000000000000000000000000000000000000000000000000000000000000000000000000000000000000000000000000000000000000000000000000000000000000000000000000000000000000000
310
00000000000000000000000000000000000000000000000000000000000000000000000000000000000000000000000000000000000000000000000000000000000000000000000000000000000000000000000000000000000000000000000000000000000000000000000000000000000000000000000000000000000000
310
00000000000000000000000000000000000000000000000000000000000000000000000000000000000000000000000000000000000000000000000000000000000000000000000000000000000000000000000000000000000000000000000000000000000000000000000000000000000000000000000000000000000000
310
00000000000000000000000000000000000000000000000000000000000000000000000000000000000000000000000000000000000000000000000000000000000000000000000000000000000000000000000000000000000000000000000000000000000000000000000000000000000000000000000000000000000000
310
00000000000000000000000000000000000000000000000000000000000000000000000000000000000000000000000000000000000000000000000000000000000000000000000000000000000000000000000000000000000000000000000000000000000000000000000000000000000000000000000000000000000000
310
00000000000000000000000000000000000000000000000000000000000000000000000000000000000000000000000000000000000000000000000000000000000000000000000000000000000000000000000000000000000000000000000000000000000000000000000000000000000000000000000000000000000000
310
00000000000000000000000000000000000000000000000000000000000000000000000000000000000000000000000000000000000000000000000000000000000000000000000000000000000000000000000000000000000000000000000000000000000000000000000000000000000000000000000000000000000000
310
00000000000000000000000000000000000000000000000000000000000000000000000000000000000000000000000000000000000000000000000000000000000000000000000000000000000000000000000000000000000000000000000000000000000000000000000000000000000000000000000000000000000000
310
00000000000000000000000000000000000000000000000000000000000000000000000000000000000000000000000000000000000000000000000000000000000000000000000000000000000000000000000000000000000000000000000000000000000000000000000000000000000000000000000000000000000000
310
00000000000000000000000000000000000000000000000000000000000000000000000000000000000000000000000000000000000000000000000000000000000000000000000000000000000000000000000000000000000000000000000000000000000000000000000000000000000000000000000000000000000000
310
00000000000000000000000000000000000000000000000000000000000000000000000000000000000000000000000000000000000000000000000000000000000000000000000000000000000000000000000000000000000000000000000000000000000000000000000000000000000000000000000000000000000000
310
00000000000000000000000000000000000000000000000000000000000000000000000000000000000000000000000000000000000000000000000000000000000000000000000000000000000000000000000000000000000000000000000000000000000000000000000000000000000000000000000000000000000000
310
00000000000000000000000000000000000000000000000000000000000000000000000000000000000000000000000000000000000000000000000000000000000000000000000000000000000000000000000000000000000000000000000000000000000000000000000000000000000000000000000000000000000000
310
00000000000000000000000000000000000000000000000000000000000000000000000000000000000000000000000000000000000000000000000000000000000000000000000000000000000000000000000000000000000000000000000000000000000000000000000000000000000000000000000000000000000000
310
00000000000000000000000000000000000000000000000000000000000000000000000000000000000000000000000000000000000000000000000000000000000000000000000000000000000000000000000000000000000000000000000000000000000000000000000000000000000000000000000000000000000000
310
00000000000000000000000000000000000000000000000000000000000000000000000000000000000000000000000000000000000000000000000000000000000000000000000000000000000000000000000000000000000000000000000000000000000000000000000000000000000000000000000000000000000000
310
00000000000000000000000000000000000000000000000000000000000000000000000000000000000000000000000000000000000000000000000000000000000000000000000000000000000000000000000000000000000000000000000000000000000000000000000000000000000000000000000000000000000000
310
00000000000000000000000000000000000000000000000000000000000000000000000000000000000000000000000000000000000000000000000000000000000000000000000000000000000000000000000000000000000000000000000000000000000000000000000000000000000000000000000000000000000000
310
00000000000000000000000000000000000000000000000000000000000000000000000000000000000000000000000000000000000000000000000000000000000000000000000000000000000000000000000000000000000000000000000000000000000000000000000000000000000000000000000000000000000000
310
00000000000000000000000000000000000000000000000000000000000000000000000000000000000000000000000000000000000000000000000000000000000000000000000000000000000000000000000000000000000000000000000000000000000000000000000000000000000000000000000000000000000000
310
00000000000000000000000000000000000000000000000000000000000000000000000000000000000000000000000000000000000000000000000000000000000000000000000000000000000000000000000000000000000000000000000000000000000000000000000000000000000000000000000000000000000000
310
00000000000000000000000000000000000000000000000000000000000000000000000000000000000000000000000000000000000000000000000000000000000000000000000000000000000000000000000000000000000000000000000000000000000000000000000000000000000000000000000000000000000000
310
00000000000000000000000000000000000000000000000000000000000000000000000000000000000000000000000000000000000000000000000000000000000000000000000000000000000000000000000000000000000000000000000000000000000000000000000000000000000000000000000000000000000000
310
00000000000000000000000000000000000000000000000000000000000000000000000000000000000000000000000000000000000000000000000000000000000000000000000000000000000000000000000000000000000000000000000000000000000000000000000000000000000000000000000000000000000000
310
000000000000000000000000000000000000000000000000000000000000000000000000000000000000000000000000000000000000000000000000000000000000000000000000000000000000000000000000000000000000000000000000000000000000000000000000000000000000000000
  0
XRECORD
  5
25DB
102
{ACAD_REACTORS
330
25DA
102
}
330
25DA
100
AcDbXrecord
280
     1
 70
     1
 90
1959938040
 71
     1
  1
A3F21509-6938-4BDE-8E86-44762D6E66FC
311
504B0304140006080800EF5E6452E64679CE4A010000A80100004F00000032364136353746362D444639362D344342392D393539372D4633433838443846414143352F4173736574446174612F446566696E6974696F6E4974657261746F7250726F706572746965732E62696E4D50CD4AC340101E7F503C282A7D000F5EB7
311
69F3B3C90A22C926E941055B4F7A916DB2B6C56D52BA8982A71E3DEB2B08E255F0EA9BF808E223E8AC5670E09B19E6F79BB90380AFB9A00B0B8819EA75B41D59C8E9283BCD86722C60C54454D9176A17BDC4755CE6C61EE17644899B708F847EC089CD6914456D8F71BBB58875AB88585E8A5A5566E4F14867522951C8B2D6
311
5B1898EFD8198B0A7709D5344D6B00C6CC10F097D066D2E0979121798310F964EF40682DAB7DCBA621F5FC949238654888478C308FF924757810C4411A86DCB37A5297F53493DA0A9DD46E7B2D46287302E24671428224C046D7A7764C134A536E55C3DABCA66168F40B315256CB9A53B8981403F87C23DDCE62DE0BCB2696
311
1C6E6FA0366FFA2F67EF0D3882123210A030D1807368FF14DC771F9F3721ACAB3297FA0A20C2BB9771E6EDC9CB43DEFBB836339F5E9750E3BDDF504B0304140006080800EF5E6452697FEFCF24010000300200004500000032364136353746362D444639362D344342392D393539372D4633433838443846414143352F4173
311
736574446174612F496E7374616E636550726F706572746965732E62696E6D513B4EC340101D3E120DA01C224528568A3DEB8D5DD9F18F03A4A58962AF42418A0889D6251DF51E85967A4A0EC011DC502FB38E8941CE48B36FE6CD7BB3D2EE2B00D83EB88433CE86CF1BC6FB7A57EF1F37ABCDB67E5A4F995862E97BC13C12
311
2AC250C8342F4458844A48B9507EAE0AA5CAEC6A303A0B7A322FFC2012819428A4F23D9196692EBC05CE339565D1B28858D6DD0B770F6F1FDFB3CF98F19CB986F3B7EF907B8E363EA80126094C3AAA3BA6C9509FACD87888637152C6E451D05E70D770F6D6AF1EAF991A877BC761725C321256EFC988FB478CAD6EF5EC8FA6
311
8D2FB973BF75CBB97A593F6FB622DDAF77555DB989B186C0101AD2868C2132648D651A8DD53C34968CB504408004DA6981082C211022A1765624424B1A482369ED36E91F504B0304140006080800EF5E6452B5A795FFE3790000DE7900006B00000032364136353746362D444639362D344342392D393539372D4633433838
311
443846414143352F5265736F75726365732F41334632313530392D363933382D344244452D384538362D3434373632443645363646432F7468756D626E61696C2F302F67656E657269635F706E6701DE79218689504E470D0A1A0A0000000D49484452000001000000010008030000006BAC58540000000467414D410000B1
311
8F0BFC6105000000017352474200AECE1CE900000192504C5445818181B3B3B35A5A5A4848486060605C5C5C6464648383835E5E5E6262624E4E4EAFAFAF4A4A4AB5B5B54C4C4CB1B1B1858585B7B7B7585858ADADAD7C7C7C464646787878ABABAB747474A7A7A7686868707070B9B9B96E6E6E6A6A6A8B8B8B6666665454
311
54565656A5A5A5505050A1A1A1BBBBBB8F8F8F9F9F9F4242425252527676764040403E3E3E9B9B9B7A7A7A8989897E7E7E9393939797974444448787873C3C3C727272BDBDBD3A3A3A6C6C6CA9A9A9A3A3A32020209D9D9DBFBFBF8D8D8D9595959191912626269999992222222424241E1E1EC1C1C1282828C3C3C32C2C2C
311
2A2A2A2E2E2E303030C5C5C53232321C1C1C363636383838343434C7C7C71A1A1A0E0E0E121212484A484C4E4C1616160A0A0A4A4C4A787A781414147C7E7C9193915E605E464846838583878987B1B3B18587856668665A5C5A626462818381A7A7A5A3A3A1B1B1AFADAFAD7072705C5E5C9D9D9BABADAB7E817EB7B9B758
311
5A58BBBDBB4C4C4A8D8F8D747674B5B5B3B7B7B59FA19F606260ABABA9A5A5A39B9B99A9A9A78F8F8D6C6C6AC7C7C5451AD12700002000494441547801DCBD89771BD7B5A70B8EE04C702641712605CE034890E220088028C93245451215B713AF388E7DFD9EEDB8DDCE6ABFF4B57D97137BE50FEFEFDBA74049B6AEED7486
311
9B7E87404D2814EBB7F76F0F67A8835CEEBFA0E42B854AA5B2BB5B6BCC951A8D52A93657A914FE0BEEE39FFE2FF395B9B9C6CAD2D4C4606F4B7FFF8D1B37EEDCB97587F7CD9B4343BD134BABE7DB48E3FFA7A228ECD6F6574E4786C0FC8B5FFCE2CD5FFCE297BF7CF3CD5FFC92B52FFE58BFF9E69B776E0EF5F79E55CBBBF9
311
FC3F5D3DFFB07F5898ABAF7CDA3B74E74EC0CE20230561BF096E97E05712BFFCC59BC80539DCE83DDD6E54FE61B7747DE17FB8980BBBFB2BBD4337DF487881AAE6C5ACC6AF25207877B2B527BFF1CB3B77FA47561ABBD7F7FA7FE146A5B6BD74E3164C7F51449AE95DB412200EC539418717E7F2F11B376FF62E95FEAF1442
311
BED0581DBCA1BD2780D23F506AFA16E1A7AD974EF17876F00DD7BCB187A1A97AE51FCED5BF2BC1F2BBE5B3C19BE27B43CF26DE00933658FE129B109C2FFF922CC22C4260FA01BEFB462A77DEBC35F42F600C3F5B0795D2E9E02DAD5E650B4438A92801B65C35CBAB7B1EE5041CE69D3B6F1822DFB873EBD6AD3B6FBC71EBC6
311
C86AE967DFC2DFA4CEBFF1BF54F6276EBC114E2F43FEC60B01A0D440A868B2920E5C4BC10D60931ADCB871F3268B21D3851B08E1D6AD9BFD4BF57F7577909FAB86F29B982571136AF01DF5FE32AC3BD9406CAAF2440A54CF176EDD01FBADA1FEFEFE21FE4C9858DFF4183458A9FD2B6708A5A5A137E0EE1D11A9EC0C7C58B2
311
C73C0AD6B479BD76B7790CF899E287FA5B06FB7B07C9195B7851FA8794031EF1FC5F9406BBFB23375420286399B631E93B08022A785C4DBF9996EC3551874094D71B6F487E80F6837E50F483BDBDBD83232323AC420A18C68DA196EDDADF68A77F938F78FD972BABBDB7B87FB164AC6FC2CB760365821ACB74AED44FFAD7E7
311
431ECD7E08AC421F391D199998989A383D9D98E8E56F84A318C58D9BFD2DAB73FF5222C8EFAEF4DE7AF30D756E5108683DA471E70D0502099A7240F19E4089D3FD203E620F1B47BF43501E85031AE44B4B9F2E4D2D9D4D51D8970983FA861B3706FF950CA170DE82F6B312CC4F42C8966295F7D725ED29882415DC055F36DE
311
A1FE96FEC141493F05FAA9A9A5A595B333DED5B3D5A533F62183323032F46EFF13EA0AAFA5FBF7C8976F8C10F7280A014832593B90004D52341980D907EAEB73411EB2F1EBC9F507F92746C40E7AE0AFAE54292BAB2BAB67CAE0746264A277B06508168C94BF772BE9765F7BF0B548FE1E07F3B5A521340A5CB5297C4B1281
311
1B89E82191ECF3E41B3259C529F135E23CF4C7F961FB13537F5A02ECCAEA76B5BA5D3D3FDF3F2FEFEFB3AA22053E5008833428DC6C59FA2F770595F311F235D427F379BB8A121BD901B96076A388DC4C3C61C7933CCCD770FF375A6E0CE9F535FE2534BF5ADD3E3FAFD71BF57AA951B6D4CFEBFB8864758A26154430080B06
311
ABFF557610ECC93726224F155D1471041E0D42F82F4891C926C1355B0831649FF365F46FF05300A7A790BD8ADEEB0D4AA9569A9BDBADCCD56AA55AE377F5F3F3EA2A34983A1DE91D810543138D7F28E57FF4E2B5335A3928B76EA1CB9B00BF158C8F63A2E788826896D0B5E7C461949ECE089144F8EBEFC7FB4D8C9C4E9DAD
311
60F7FBE572B416C2F2423ECF8B86C439E450DA970634ACFDA977629098D0B2FAF313A36B3869E37AF7853378CDA1171FBEBA95DF1E44FD5144A420588641B0055A79ED91CC0DC41E27064512FB33F1F04D09D0D2DF0203A646A6CECE80DF28356A348CED8C4F1EF137B9319E1BCD29867CA556AA97F7B757567006A447FD37
311
5A26CAAFDED9CFDCFB2BB0BEEE8AA5911BC2C7F85DF88A3775389990AA72219D582409210F85A4E66F2987D875C30848023088FDF77E87F96FD7CBA5B9DCCEF4F4C9FC7C676777577B7B7B67E7ECCCE4E8DEE85E81A6D55AA3BC7FBEB242589CE8ED4770E785D7DDE23FF2587EBF57F50B9E820527316488E5C32D50F979BC
311
A58207297E2B6D658702FFCD211840FE43FC9F3A5BAD9E97E6F21B9FCF16BBBB3A3A5A175B5B1787875B5B3B86DFEFFC687A72674F19D46A8DFDF3EACA59E405375ACE76FFA922C817CE86A89BDD92F400F2C55B7462F610459837D3A61ACF50C7471C8F2F2A9D38C3DA2F068007F80EFCDBFBE5DCC674B1D83EBCBEB8BCBC
311
BC3ED0D3D333D0B3DE33BCBEB0D8DA35FBF9F8CECE68AE020BCE61C112A4C1138CD47F9AD13F7DC6AB9CF9CFCFAF9D0E01FFE6CD503F5B91C5218E2899CA15098714848B04FCE5654884ABF0E554F11F6C21D73D5D5AADD64B7B9327DDAD8B0B7D7D6D6D07070763BC0F3E38E8EB4310EBEB8BC3DDB347E3E37B5842B97C4E
311
44A0C630427E5CFDFB71E03F471E12CA9FF70E055AE141042DD81234B879EB4606361D9328149037D7D76A571A7E974FA20AD0323832713AB5BA7ABE3B3E3D3FBC30307070B0B9B645D93C3CDC3CDCA41CFC6AAC2D64D0D579B4B1B397A7C1BDBEBD7D36657A3CD4B2F44F4909F2B9CA597F4245C59DEC354316F0587020D0
311
C661742BC02869435FD12CF195C422DB3C5A3E2305C000CE6B7B27ED8B7D63079B5B5B878787C787C7C7C757C76C51B60ED60EDAFA06D67B965B3B672677080BB5329E60E9B477847AE2E9EB53E35779FD37EFCD2D0DDD68AA355B6B0D81860502B8B68C801F5C697E9AD62F4B406244CB975560BAC756AAA577675B07C6D0
311
3778C17E7C95CAF1B3ABABE3E3ADADE3CDB1B1B6B681014470343EBA979F8B90383545727C63E43549D14FD0F927E5F1FDEFD7263058FE02EBCD1BDCBCA053496BD58E69BC44F9F854D4D979AE9ADB908824382AC1D4014E9756EAF9CE85B6B54DB01F02F8EA5908E0D9D5F1B3E72188C3C3AB67879B07C8A0A767B8B831FE
311
5E7EB754DEAE5261460243FFF07858D8EF0D658BDC563A2C5EF5833C13C90B69248C4DD97842B61DFA7F210A2F6108A0F96B62E2D3B3F3DD939EA47E30ABF5AB2B903F4BE5F9B36757CF65021E616DAC6F60A1FB647274B4B05B2E5341B082D43278F67D8DFDA48AFF9A13F22B34C7586C9992BA6E66CABC190E313E7C811A
311
A57304B421A75B289B9D174CC868C24548823E230B9A5A2DCD2CAFE1F98E61C015CA7E96B083FC59F3ED06EE60F360B3AD6F79787ED278D0A86FAFE00BA9220EAEFE1D5DE1F7855939C3FCC1332426B377F692406E022C010DB437EF009803F0DCFD3B7C94440571D8F2C328F115F47FD324802070BAB43FBA80EFDB92FCA1
311
F7E7CF9FA875CBB327CF9EB08C4DE4815BC4210E2CB7CF1CEDECEDCED5B757490968286899FAF95583BF46F9393CEE6A86D6F618CAAD9BFF0BE22B042412C5CFB50556815CC5BBE33E9F61ECEC26A9BCB8145FD10590078F9C9E953B513FAE1FE387FAC246E14F9E3CE7F5F8194BD6594140876B6B84C5D6799C61A1643420
311
1E5237582AFD75C07EEED9863F463284E2E13425A036BD41061259289B6BDC1ED656FC8B8592C9D00701E27CEA749F0D8EF44EAD8C1F80FFF8F8F9D513191F6803384C800097F24069C407CFAE88136B7DCB3D5D4A60B711F19070D83235F77331FD35E715966889038E2E0B346EAB7936C4162043E1A1F144093695443A57
311
0144898BC4079CEF1912809A3035A1D3F361235F90FFF1E3E0FB93C7E2750719F88E7D8E68123883ADB5B18185AE99F1D11C1238A792DC4BEDE8EC6FF503DF377E0445F68FAF4E08D43082D02170F30131A154206CC559A8D9CFDD762B31273E4947A581E0D9BB71E33FFA07CD02CE2A6BE1EC80167497F2A81CFA3F7EFE58
311
D0CF5D5D170DE4F89070B0BC4040CC17BEAC6B0586C3D3FF0309BC06F44B04A1E13729929B4DF73C44070692C810B08AC3012E8EE9EAE22067796288C193B2139B970B86F47FAD0F98382B1E035D9C32FD318A4FAFCB274F2E1FA772F94411B0CD42493C23393A685B5FEF3E1ACF554AF5F3552A478383374E6B2FDDFC4F6D
311
FE38F4F4ED7A7FE838F488EA852482F412D3CB07E293D02C9F074F12E84C5AAC423271450572A385449844706475FD38DC3C22486A0639E5F1E38B0CFE93CB4B25910EF309A2224BD8DAD40C682C28341AD69047E8539A6AFC14EC573F7FAD10AE0FE6EB13E87B28E093B513B5803514DE408809BC12A14876DE0A25F64300
311
9E9176D9F0C330164285A7444DC8CAF0E9FE41429EE0A2F6A6DE91C0856C501272404A8468822E24C807030B1D33D40D4AFBDBABB411D093D88C86D7205E05FC57EDD1F805FA4CED5920F0CED39157E007CE21757C5DE440ECBCB46CD283E378029B43FB077B4F47E60E9F61E8D01BE017D7E843EB49F50A2028F1E442FCC9
311
0C9EE308E4C0C2C94EAE30B75FAD3A0EAFA57FE9EF960F14BE15638840EAF3BA490BB6850EDB38EECAFD21A0C746D0C4234DBD035EFC7EDD121FA585FAB73DB89FE6A03CF833AB0730E5E2F1A36CE3F202A128934B44E396961121E1F2C9F32BFCC0C140CFE22C1CA8E109B182919696BFB98120234F61B59F7BF46EC30CF0
311
67B21A33B0FB3E402448EE266CCD93135A8E823DB31F85E677434E608F53F8100BC0098EA2FD6BC01770E0F2F2D1E5452A711C4BB8486248FAD756D852026B6DC90A2AA5C6B69E9068B8F27AFABFFEE8AB36F1D23985D5960014FD711940800B560250D2272CC54FF1D3A660B275AC3881E349689C1616E1E9044129D03231
311
3509DE4700BC867C71F128C400159407C761022BA8A040F40A244788808C60B3AD67A17576279F6F946923191921B0545FC2F12AC0EFEFBD7262B6935679FC7F80629160ABFAEC88E8430E76D82A8DE62ACE50BD4A42FBF03B387B37FD321B37E31C3F063D99703F5160E6C9E5A300CF32A91E0A085A29C0FC507F6C210123
311
03C6104B82C1F1E156DB3229D1A855A32A8352C9077AF733A0AFE0FB3EF81FDF2F0F82C21B0EB06998866878B103305E31EC17F4FD43831E570A2118D1667632D4FFFFB125782F96168A833DBE78C3F11F8383A79D49F58F1E3DBC780417AE6581381E8610604888E2913E12492881274822C221AD04CB0B1D273B85428374
311
60898C686864FF6F801E8269F40AD0481DFAF5E6E9C1F3BE391C325004DF0746A4E4448F7B52C0D5EAD39EC46896B888C4210D68E99DFA2820DF7FF850EC407EB55C3EBC5028611409BFCB8889C90F1C52355AEF98B18100094C9D0EF6F64FD47E5CBF3FF5293DDFB4B50DDD54F351446FA1F14580DC3902C085F593CB24AC
311
C917B213BBC11B3F0A61042FD8B24F4FB9C4556D0CB9E1A880DE89934CE9607F18F81FDD950DD0E1D143F41D56110E227C250621FF098838042BC85B5B6BCBCBC31DD37B34966E9FFD9936A2FEFEA9EBA4182E5CD3E17AE35501FCE0707E5525A7DBC64DFD077825BE37CE0BBE1BBEC061410C660B6E49912665E2B3749C7C
311
9F93834022F74CDE6CA5EB501D9CBC04B768292C5CCB84478F3CA83074092C6082169015E5800D5839DC6C1B58EFE83ECA513BDE3EFB8EF1242D2D4B3FD55AFE03D42F8492AF8A3F21444FA2FA9ABBF525EAF84C09F0168527B0138A85D1EC0443C467B28BF844EAF76323BE13D7C11F72FED783837B970FEFDE7D7817E077
311
C17EF7E2A1C2C0FE851FE4C008388C15E818958746129E1009D054B67530D6B3D8DA3D59D82D9D57CF70039FF50FFE0DE94089DB269C3655A4F25B38C49D0BD48E59F1526887C18FC5272197F85CA72862A593A4843CD25F920487DDF7AA0441A2C0600D062001F103FCEEA3D8560CEC3EBACB01CAE5A51E420349F602191E
311
5F901893142381351CE17047E764BE50DEAF9E4D8C38B6ECFFACEB141E54A6865A88A60133EE9CBB4C256930B0B168C1C3AB59FE1743FB422C7166082E934AFA5EFA3E4BCE0B69362FA7041818B7FDECE1DDFB4D022007CA23E521F0700AAEB5888BBBF08023E128B4045381542FA256B0D04E28A0C3804E233A1BFB476A2F
311
48FD135BAF9843BEDA3264EB42BA499601F16B566E72C7EA35908ABCB9176BBED43204C696AFD3D7B24B08D3AFA44BE243D88A6D9D0B6562B52F741E1610C0EFBBAF2B0829289A640EC4C8A4FF66A24430786CEBE1E1E61AF9507BFB496EAEB64F8F49B4129EBDEC065EC1F8A3F228A3CD0950883B41BEC6D1944AE0614728
311
9600A7726313AC69A3F91197F1438BCB743E76F01F6EF1D1C854071670FFFE43FF1EDED702EE5A14C85D0C42DF90B86068800659AC88981855E3E774A71C0CAC2F76754EE7CC87C808D1E1E0F6CF47FD4224731337BE1E39C5010823EE997B1491BBD99FC8D8EF77482BEB5EB2CF66499A8E0F7511B19B3EFBDACB6507BC78
311
731B1B383D02FFDD7BE8DD9256F7D0BA7B46015941097B80018F700FFA024CC08078F51806100ADBFA163ABA8A3B95B9D2F92AC30BC908ED31FABE0CBEBFFF0279B675868F9AA24E9530B08C174055B7F48E4F58002F3E82F0BDFA003E8B431EB6C4A91E4D9B5FFB791265BA8827BBE5F1BCFA7F789F72F75EC800F8AE43FF
311
AEC42F13009FB905A9A0132015D0068ED7682AC608BA6771038DEDB3B33082891FAB1ABF5614F93238079726B833958796B845B731FCB86316713C1DC581B1E19B424EE32674093F80776F7E27C6FBFAC85C536CD955B96EDA2A3FBF770FF4BE11845470EB3E42D022000E0FE07D161811020742162444668308801E133A4C
311
163BE68F6826A5523071CA78B2FED51F28F8C70FE4190073A3E5D3259D7A288CD19BDE623F10021BAB0C6E327FD507B2741627727EA00D31856492F9F009D7F152D930704E642795C1C1B336E0DEBB7F0FDCB79318543B25341F36802D64A981A690B94259607DE0B19D466BF8C1C5E1CEF9A3FC5C639FD6117B4BAEAB453F
311
8EFBDA500A67E8BAF76C8A06566E36EE1184E8329419161F83D843D5DE7D8221163E145F56921C3EE383978072129E290A9B7166E63D26BAB1FCDBF710009E4051842390031845F20077CD079407C575F20364C4910ED2A574BC357630B0BCD8DE39335EB175646A698458F6A346F003A93002E846FFE0C459B8006E506D79
311
BF902908A0AA05CB5E73530E33BA1D3C2EF99C712B7C8B41DF4D2A7830BE8707485FCFAEEB85A09AB6D39BBF7B4F23E00509C20DB04E240822A4B810E04D8D53D10D504C059ED86BB8697F514777717A8F8144D48A4C89077F7EDB00E2D89DC02A7B975640A282C49A4AA84B70B12BFED8EA6584860DFB7EE23FCB00C6BAF7
311
332FF259FA3C9346508813E372F1DDE425065BB61FDF8300F7EEDDBE8D0C6EDF46F7D8823478590AE23759D60DA6B7A9F125EDE8F4A5D2B37470D0B63C30DCDE3D3D59A8D1501EB1B0A5377517BDD6E301F995E3F955F0F58FAC2E81CE172A8344AC03DC6781939D2484B8FFC15E8F3ACCD3954CE19576B942D0A029188EC7
311
013FE59AE90B71292DE774F1F63D60230180B30A2EDC65291B6211B4081128856001A680015CE000708254891851D4B3BED0FA4D7166B466BFF1D2A924885AD12B387FC0FCE6819AC3AE06A7AA4B715F0927B74D119D4A668FB54B8A8C268D8B038A207D10A7B1E95E42195B695BE0240F7408B311257C23F581E987C18014
311
0C584A02B1670CB817CEC0A080F259F1360E58452013200E3EC107AC1DF4FD7B0F6D23F33347F9527D9F51E6138E31AF35F1BDAAEEEBA3D71BB402E2FB47CECEE96B4DB85536772B07C82A34F3E66D0BCEC207FEB9E70643761276F7B50D5EE963CFF80C7AF4A2130F5BF8C4EBFB5F07B709840480DBD8007FB7EF3F901049
311
08BA457D43AA2A6A02C91422285E5AAC143F3313A0CB74D9D164933B86C25587134E8D342B453FC982860D09FD13ABE72055ED020E85D3E312F74C25CB0293D978A1C4001927C80B86FD06349126EC219F0C735C8053D8F5F310817EA01F1B7851F406144C211C6362C27DD51F1E310C0102280ADB891E9B085CC528A2B136
311
9A46BA195B9A2B351862CE43174BA73FB7CBB430A5798F4C54B7333B96C3224A9863AD02B9FBD8E63092191924E77C199D92887DA594B6DCF0112857162FD0949FE6A441F5E62E42FB2105BC405A2301A3424601DC807912CB2C39C604A27908021CDA30C4C8C2019A883B3A8BD393BB3546136EAF561980FB63E9E035FF73
311
B96D09A905ACB2C11D79571C5159026227DDBDB81396EB03F14100BEB66DE1FA9EF82C3ECCBE318119C4269FD014E66361FC8BB0B4EA9A98EF3D8848A01360430284335004C183CC25BCA82D2302EB03B8419241C64DF4F5ADAF77B533BE786334BFCBB8DA72BDBEFFC36103AFB30608A0B39B58D93F0BF42180841DD26BDC
311
22CF0A770E90240006BAC65197D90920131C7B2EB3CFD3C71C6378A305EE8488FC1FF8D391E2BDDB0F6E3F45E7C8207C419800DB410073A3173942CA8D5242642A74496FF115832A6314D9FA4257577BF7FCF8F8E8CEE8DEDE5EBE76DD3CF892BA7FB8B90F629431B5525E92A15A3A4A6FEA3FDD73136172060959206591F4
311
C927196CF645AA285CF3014630121754261C0D31E1A7E3DA2DBDB54B04703BDE3A4209F02045C4BB0F529A14BED07098A2A1CD47513DA64B512F409BC01663090796D787173B5AA141B1B39BB470EEBCF1E30F9D263ACC4D05110797CEF7B923B027F089F74D1D06F0A4D8C0CDA6604023FCA45B76C5CDE0BF3845ECBE13E0
311
C0ED73700A8A753C1AC8AEFFF1B407FC8A20F42F0D94019121DE304077A027D4112283BB8FF0072444D68AAD111D6F591BC0061854BBC048EBBE9E81F6A33A95C21BFD13AF3C7E7DCDFFEB0DE8903F77B41DF178E99C289895B0EA8CD640549D68935BA7C5294E0A1D66DA0CC419BD398E6265789CA1241441AC94532A3C19
311
C95340BEFC68703077EFC1D307B71F3C500859C11494838E902203A2BE90EACC5135B80B078804340C920C2300BCC06F7A1C71B875DC572C9BD1D84BD5FB9363CA6BA7D03E5C40FDFC54FC23C9B4B9DDD028787D89219038523BF64E638BB37CC25335937A00DFD32869C5B390C8C32FF25C8C47A7181B4A599A224A9DADB0
311
E0406FEFF9F183B7448F081E3C55024FB33828784AB61704482CD0160C04174F9E33BA9291D58C2F1F1B1B3B5863B0D9F3E51C35C253D54A23E560E2C0CB3A6F7A81382601C2079CAE96B7B1560D20A341E85A928A4E01083256420576C2ED477E2E565FD9223BCC691CF394D3D8E281501E0EE5C1C8159E92585D255CF30C
311
C854C75318006EA4A01028EC853F9407C6053910BE105348324002260254886C156260F9189EE0F8C9A3CBAE9D5A992184568A69D5183A7DB97DB089FDC57AEE54F858FE54F577DBA85309640290F2D220952620750C5811FB772A7876D1E4040FBFC6474D51246D8B3FB378283FB514F8AB3C20B8BF7DBE5DE541C9A5D3D3
311
8DDB30E00151E02523081BC89C2214103E0BC1B3D0199A08E002681A2613A2616CEDF0F0F9C5DDC75DA395C25C0309C03DEC8091A4AFD3FEB504AAC6633930556DAC86EE3561941E862C4A75DD6B6BB3A0C59BE153DFA73EDFCBC3CE2188D3D378FC976D0EF9A95B7C8532F527CE3CF539581E0FE501291E9139FFB65EFF5D
311
BD8E0C18DE3077170A64E033FD278F18068028802F156C3809FDEB11B1019C208D020C9BA2870457F0F8E1FDC7EDD393E3B9FC9C4308E9315704233F960E554802C14716B0B45DAB5EAB5E25AB7830EBB8D25E6CA94E4AA01794FB1EE164FE9F040FE82C940A4BCEF913075D087E85A7237D3CF29C47E4E676777779528C47
311
81761F0BFBC1D3A77880E40C9A2E5109180D5255317890394229F0F082010354082D574F1E3FBAB7D6553C2113DACB97BEB5526C7C6F69F9310A94C46CD89FF8F379AD1AA035FD00FF3F320180F01417A6F255A3A8D86319FE0C0B0E06A0DCD33F79841339C01E5BBE1911AFCFF7C1E0A540BFBDBFCF2372352686D863F83F
311
59CB6865F43104007EE06F52406F680341102048A01BB048823082CBCB0B6AC48C313F3E7CFEF8F2D1FDC3D6F6F9F9D9E98D9D7CAE5EADE2A6512FAD7AB526E17F600C85550DDE9ACFE9D97E694513103BC69F8A2813176032C890C1E9C49FC09C61670FF8705B1D7386260E7C8E7122C7F8208A55139E8C8D4763F7EBF572
311
8DF9C34677364E3A3F9AEFDEC9CD95470788834F9FBEC512379890B38C94205B2557987C4186DF5C0837608DF0F9F3CB87B7EF6E920475752A01460E556919B2B64296FB9FB70DD5F47232A0F77465BF140CD001F00ADCA175090E2665A14E6329B62660E02A1CB50C6025E3DA252A670B3F0FFAA5EAD94A509FE7036B159E
311
0D1D9F2E76B7AE1FD5A606198D3A747AF450023CBDFD162278B9446688111009B4029B0F2180AE20A542D40610C073B47FEFE1416B2B12200F3C991C2F54EC2491027A816B0A34A9D05C6F437AC23462385DADD75642EDDA738AF1600DBE07EE8437804D2D011A94DF71C2085EDD40266A407FFA1D1C00B0C03927E60338E3
311
B9D8C47D1F8CAED578E06F7CFAA4BB63B175FA7C301B747CB377F45192003CB8FD34B12009224543D8604494011A80C1903CE0518C986208E1C5FDDB8FDA161686873BBABABAE74FA637BEA894A44078C19696F326E057D7F95D061A6B0394A9D5F2DCAAFE4C2388D8A6E9AB7695CB0BDD0A332430F1A9333DA41D1FFB97FA
311
09AE84E738C75C407C260408F8DBD5EDED7DE1570A7BE333C54F16963B46AB0C2B71208EA3D16EF4EEDCD7005241166C005A73C03164792151205C007288AE337B4D7103741BDE7B7AC913350B348B2D767515674EC6F72A0402BBCB41C81305AFCF05F2758D3ECAC8D26AB97606DB9581A4B7A8FFB068CD5C0604E6849046
311
B70C2B60FF0CDDF93C13822B4E82FA0479A68220E66D9FD775FB3C1A9CDBDB9829B6AF2F77EC9E0678FB20ED8D1B1A1A39D10F9812E20D6281F5673121AACAA9C53424000DAC173F7E18C3052EEE3E78E7F1160F5AAEAFB70E0F7775CFCE4EF384DDEEBEB9C0889D5243BDF557559FEDE5F17AB21E118C4C31A3DF6A96B56A
311
C62180293910ECD6B721047664BCFCC6B2DD3C65CA0F0C823DFEF84083C7ECCDF05898EEF158F4FEF97EB9C123F1B9D1D1A3D9F9AEC5F5CEDA84A3C96C14A55584D62893D6A54D8D2028D05C8B1F124884543F3223B29D208B04910D3FC43F5C52196AEB5B5F5E58E8E82610F08C21BD443801233C0CE8BD1E40F84A1CA860
311
01990048031ABBAB11EF83F9283EA89F181F2A0D9A9F62D94B7F625FD727E6A93F63F200F614F7CF100D4511C07DB45FC5F0CB4CA359ABE4774631FDAE85E599EA0878A3C33D5AD6430CF4C055EE5FDB80629000D7855DED3F436F3B61B3DC7FFACEFD2B1BC6FB0696312CFA477CE87A87070C7998E04FBA78AE3F915A065E
311
819FCF35B410321D9ABB308146A11AD5196CDDD7C477A171C8AFC74B45CBC6F641AB53C8D4ADA5870C02379BC0470CF83DB55F073E29CF5CE5F7A3F8FD62EB7AEB1774C2C6780B9523F9287193FD23DDB79FBEA513B45200E2E0C1B51350163AC19043C600F2C1DBF7DEBA7BB9B5457BC0D840CF325EB0BBABBB786D301437
311
000020004944415472B491ABCCEDAFC0591201CAC8EBFACBF367FE7B6E40E69F551BBBE7123E3C00AC560CE20C62436E8C3C54CC225EE08C0D74CE26148877689EDD004FB2BFBFFFBB984035373A7954EC5EE8591FE531348654514DB1D1C56411DFA2A7C212BE5ED91278F2851A432244C6822C29C85A8B320ADCBDFDD63B
311
F71FD32648E7D098CD018BC35D7FE89E250EF2AC75F96C15271602687965C844B8807C6E7729D93F22E81D39ABD62A0820C1FE9F11CFA7208125D33E96FD69E83AF6052DD32D49FF0802CD9F9DFD39260389A950887A647CCC99BAB17132DFB5DED35138FB3A060F6295AA5E195BF0BB56495A5A4A8FA440026E46A047D40E
311
D2520A441C302D240F201FB8F7E0EDDB0E12A04D8816215A0579E8FE1B1281E9F19C9900DE79842E2A7CCD48E9876EB01C75DBA0E0C8D44AB5512947A00BE7CF5DE9E1A6A6BE43CF1A78783DFD5A404E4477336C1ED8B18908B2A847B2AFE9839E891137A6673BBB96FBBA2A4B8E9373B001F08369BA11BE8ABC4302FD2345
311
FD6014A127068427D007BE28B41D9B0D40FFB7EE531FA673C8870A69135B1CEEE8D009C08042A5B4EDA314920B635BF941E7487E45256439DFE9D276295F87E698389CD49FB394FE19720412DEDDC40E9CE9C6DD605E0B719FADC416CB15AB3A61F9B5B9B9426E54F81D8B03DD950946D432B40CEDAB7BB5AF11213CBA73C9
311
BCCCDAFBCF06127C7980FE6D1DC9B4DF14832D6568FEAEEBA76FBF438300B541064ED33F3AC0B0D10505306FD370AED02859234402F6C3FED006766DDED2034D90D119057225EEE3DAF787EBF30EC51ACB4F551678BD6728E1944730C095F13E4D81A4DFFBF67C5BEE37E62A85FCCEC6CC6C7BC77A5B477E22223ECA4FCC0F
311
87E2A5E3EB782BDB25B8CFC6736A044DE5A7CDA604526361D650484FE283B77EFBD65D52C1C73C4F48E7D0D81ACF572F2E2280F98FB230508FA906B42DE240ED651B301CEC83DE1790C9FD96B6CBF986BECF3BD332C18EF627A0B6EECD5B152E02088D03D828AFFAD26B05BF671B4F9A09A8CE0CD2707F67F2A4B3BB75B9AD
311
A331C1305BBAC182FB4A79820B7EEAF73199B8404C0B81231CDCBB871B80FC41FF5860E8E108222A1A076C29E6E03B6F3FBD4F1F295DC457573C7ADED636D6B7B8C88413DDF3B327E1046AA51040B40CB50C7E3F1D2E44DAD34CFA604029BFFBE714DF0C069908027EB275F1F366C132E1A7450B04011CF82B2B647CE754F6
311
50FF6E25BF37AAF65B7BDA16CAA791F1D09F6CAB989EC5AB7809BE145FA459E8D3E4B0FB47DAEF093B946FED585B80FE1A0305FD5330FEDB4FDF79FBF6BDE81D8300CF6815E5F9896552412A03F31FCDCC7CB5E32365550CD9365FDCCEC8752E943161D78047336F8AF6539840A1F2E764FDA2970999F205CD2BD1F5CF4965
311
71F76EAEFA0E1CF8FD2A55FD06391F9EEF8B9DC9994E72BEBEE1FC928E2F223EBA0FBFBFB4F2DF137BC894B8087643D64ADE6EDED67F7680FAC9060239E845FC94AE93D880F994FBF71FBCF5F66F9F32C292EA900F9C1E6F1105E81C5B5F58A067A448143842008D7275EA3BBA3D2516FDF02FF79260020D6B3C714711F3CF
311
B61BFF56A826E627E82256F7400FB387FEF23C1C1E77FD6A21EBB1B2B35F2F95E7760BE1FA3ABB3A981423477517EEE36FF96F122B942F6FB64D9502BD1B9089162532A2FEFED255028FE653C9F46FA321E0B588B7DE79FBED07C44106CC85133CA65190543004D01D02D8181DDDA5A9C91A7110805B7875B689FC3902200F
311
B192E7DFD936B37B57D9C338BD49E99E181F4E5FCAB2ABC1CA7AAB382CBC7D515457CFABE6FBC63D525E5CDF74B16378B9AD6774A58531912D232DF01BAA913DFB7D3AAFF912984302B84D0500077800D26C60A4742101DE420C610C2E92FA93056022EFBCFD5BB6B38651470CD33BD87630C05831BA864C85997B8754B051
311
67F0706499DC442FCD22592AEC2ABF3FF13F950039BF159FA9B36ABDB2778EFF83F70972B83BFD3F4899E64DD8346AA495CB155A7499F2CE39B0AAE755125EB84FD8CF8D8E4F4E9FB4B72E8F1DBCCB98B31BC4607C2CFF21C8145FB48EA0F2159F86A3098415609554DEFA7B27EF1301033DD06D274BAF6821D220DEF96FA4
311
CBB60B3CA241C021D38E1AA76B4406B4767576166766A6C7F77273F5F395291BBA19F64F2E3095C14F3E60371827741CB27E89543857D6D96BF9A47C6A9A26057840332EB843717AAD171880217B71FCCC0355AED3D4819911F79D0EA8AD6DA31A83E36C5DC2D470295C011302387069158F6C9966022367ECF1D00BA9BB95
311
C389AE7B6105A1FB640689033A7FCCFFEDB762189103A61C3A4FEFE0D6A6B5A19EC5755A443AE78BC5E9235B047890A65919A0D2F96AA3C01CEE913BB3ED239C3E0CD8DDAB99E4348BF3F8B977B6C43DEBEFBD7721A839A63B94C06A10DB87FCBFA3C2932F8C26F88B6D6BB30C3C4E09AFE40FAB52EFAA1EC0316920E031A4
311
6D65A0FFE45A673432E907FBCF86717AC04F2CD0EF512D665FF53F05BFCDC43489F150890C60A8E0314E70A06F619D30D841189CA15D3417F3CD50191AE4396543F0C42BCFD696C58DF163F5B46D708BD5FDDA5E5E5FDF9401BC4F7E00E8A17520833D1CBFF495B5D1CE037C664123EEE74737268B5D1D3DBFDA6AAD8C08DF
311
2C0BC7A737E10AAB2A7B958990CEBF556CDBEE823CB09FB344143463C630CFFF585D330CF0320E921744A7918280FEEF981161008E9FBC78C830217A07B7D6985E83F9A79884ABB5AB383B4D7D788F9FB3D867A2112A43F19042B33A108690CF6F472F8661CFAC971478757F6E6F2F7AEB82FEA85E5715941778B278281F28
311
C268AB24BDB470EF3303E09C359E9DF1CF990D8A096106E6A66C8620DDE7D281DF0B2831F20439A30D68386CE13E002F7EDA8D7806162B205D6A19AA1FABFD6B1B400EC2BFFDD66FDF7E8755B4883C043F43046C1326136680404F1F934EBDDFDD39CB58A98DF1BD7880E0532E671FA1435E9D6EA5E9071000BE8F262E7C40
311
44FD95D5FD526EB40A05A634775F32205C3D779FDC168CD5E56BF982508BF572BDA4F6F57D3304BE9EB18149461B12F760D7485891CA47CFC44909136FBF4931716A2E100123FC6CCAA6A644F25EDF4AC980B14039009BECE8B798BF69A05DC5B6885CD23F8E13A46FF0C0A986D617F001C52241801E87C2974C31411DA3A5
311
D7B6175472763D637D3E57C33B908F867F4A59CFCA7923375E5F027A983E18BD7BD4E6FDDBB2250C1529F4202EFAAF979DFFB1F2612E87EBEFEC58581EDB9AA95AD1D7C1905F7305BF8182D5BBB524D47C4E3B81CD843220DE1E6536497C0962C225F75A2D6A998303B23FC501F0B3F736EE1FF01200FC8C99F5515207C9C4
311
0081DF304C0A17D06E26CCBC5B3C47459308178301FA8057C2C0AE9D99B05F038828B08400F2E3251254DD7EB8BC4853B101F99AB48E387457C96951E5DB670648BAB70A7B04FE93EEC5F5B183F9739C98952C6845C380D401B8FC86E70A20744EC720E09D35955D96A9041720196D183AC2CFE6AEA816652D0234883D788B
311
EC8F5DF2615261DB031C2381092401B48D8D2D870FECEA9C3D99DDB036C8A051058030E32190976718C89F031DFBFF2EEA3D88606A8A19BD0AE305BDFD12BA4FF46F1A0002B07137989C748936E9DB2C91F43B07E4E4D16C3779CF5A4FFE8CC981F07C29E34B7C012AF0054FAEA4A6A3D49D3A16D2B3CF220A029003366663
311
053C89B3FB1827080DEC2780076FBFFD8E39810CB0593CC68B5D9009F2D400418028B0BC6CC74067E7C9CC0C2690FBB084AA5254A12AF63543B35EB40D17B693F7E3464D5094C00AA9E04E0E0524F5C35C5EC6BA94B21AAF2440725E2A9FF94FE7A8F0E769EB83FDEB039B631B18BF396F5C13CF89ACC02C387DA56DC3B1CD
311
84B96CFAAA37B55FE723B611062258257D331F186AC93D8AD600B4FEF4AD777E4BF68F2168FF08C081A37AC13446C859964803961928476D78F68419390D830C1935B5C2A0A22A3AB17D3D6428BF12DC373B8D464E04C0A496BB3B3B75639DCC2500E0F0B15FB6F47B5A7ED0183A87CAE8D535F2EDBD4B3B7FC762DFE65A07
311
C30B2851DB890082ADC07131EEEFA3DB7DD5CD32C0860CA83CD4B7993A175F422A8149B1C1D94C1145059D9C78A8A572A90B7C8B1E3392FF77A80C50220880FF3669004E90F101740D2B808181455A044904674E7482CC3EC85C4BCE339404C0B0BF6A5611E4F9B8157BAB6DE327EC9BFBA1B4557ECB609C1F45326499EFB9
311
0EE78F18227F09E563C9E63D847EDB3B68EB9C39E95AC4F7ADCF7D87F6752BB6912040281E4A0D8A8314E80D60470999B8A51FB1488A66A9F3F81FFA61C83F4FA6969E472288FADFD61B005E0EA4284822E018911828E868614DA0C36E11F3A051070BF2F0840E35F200E2C0C80A776CC9E7E6841C0503D0EDF15ED9AFE527
311
E798D23BEE5F0604E58DFB7099D739BF0BA5D332EF29F1535995BDBD0DE681C4F71DFE6A7AC5A13554AE6910963E9ABC9A0DB5B202225545F5CFACC942B5B93C207352B6E5310BF349AF200175D7DFDF78F6D683B7C87E087FA9B35812C4F8F13452CED610A2207541E6D659A739441F3833CD0C9C3C3DC2B0712F62333C4F
311
A9327C9CA1124904B4FDE0FE21C119776CB0C212AAFBA5CAF80EB43772ADFE77CD9FA8A4144C54C2FB2304C65F62FC3678E4F6C68F30FEE1BE8383CE7DB86F58B1AE0C51F0F055E188D02F00911DDB0991832228B3172B3E623E513FF1734FF414A611A603163F401BEA790FC9FF7FC3FD3DB02DC00184145B850D01D12042
311
4DC03C00FCEB7880EEEE939399F1F18DBD4AA54C939899304D913CC2D5CFBC55E50C7FBE4C0E14AEEF53D6843DFF56BE2D554637EA047D3C210E2C61077875FB5B40E19F43AB7470CAFE1C0D3ED3B3B4778D1DF6D4F837C08747180FE8394F2CA1E0A46B6DA62CE2B2DABEDE0B1924098580FC16B369730E9E90541D3730D4
311
7FDE16EE1FFAD3419CDA05ED1F2715C607F2E81893AFC5936303F40EB776F1D808BDE393A3FA401E1C706E154C892860AD74A2949C409E28A8FB3349C764D13E4D1D3468952B7B1B35001BF41142CAD58D6011C8B78961EACAB66E9AFBC627673B61FFDA4167950A274145BF11EA17BA9AA60815C2C43AE1F648E3772E53C9
311
4E6364AF826019E723069A8AA353A3BF7FB5359281700061FF64C28C10B9AF0B70B0B0D30A31CD1CFD22F68C76DA1E44558869257892363C091D313EFA46B57C3BEB252E9C6BF5B4799EC58F1910F469E25AA17B343799DB3E33CF410061F96C6D63FA91B1000CEBB7D2971BDD39A2A76361E000F5DBC1688D47CB812DD60F
311
8001AF25B328D173A9E4BAC18CE9F1F628704330741B2649B92E9714447C68559C6CD2F681919367E4811100750058809D0230C087A89FF3C80C23C4C60882E481F48D531764BABD5CCECA308DE2F63D3BB50373D630796126803C2D1FBAC148F7592881B395ED7D26B7DD38D7096AF98841CB37592561D9C6565317AFBE9F
311
C4AF7371E060736C7635E0CBA1809FC80F544DBAA1F2F9393D970D44C0615A0C6930E758B9E63AE690F73045F0C8C0731DE9CD80F718E94652383458799E02C06D328010011C7090D8C5E5336A83D4059953877EA1E1D66FBE994F04608C4C991917230FB61F9AEE183A40AB9108D032449FD1A7283DD25ED15360EF7EA930
311
3EDDC0043403531EDEAB10DFF87F5E2FD56DF0F1B701A9F614DB17FA0E0EDF6FD0B1622A81FA3D1DE5A33F551930335C353A87F9AB05C60455193448246944A232C5D07636D864CDD7A50D0B4440CDCC465D1C418321F50E1648D500294065D869559EF3C40C8FCC6C323E989AD0F0C73142480B200842802C061008B480A9
311
954AF282052B3AF67350FD0DD30D1F4075AC303A5D490250F5400ACF479656861E4C77AFF327F3EBECA4B57B6B6C8FF62602BF150744656A87DABD7BC6BED50527B2120C001A0B3718C74F0C65CD34F275164D7968148DDF259AB8AD6CA81CDA4E8819509B996A7F642D987A401A2B04018C01E6C169A8700F9DE3B489DB2B
311
C49C9B7B858A4F50D22AE15428FCA4A1EDB20C83492690CFE361CC7F8C8066FFD0D77AEE797977F468A36E0B0DFC87F90EE6348BC748F7CB73B5B9DD5C6EE7AB19ADBF6DF359F1DC2A0F9E44F213F8041F64274C0859A2AB7C37440FEDDD2F95BE44065F22067E3EA0CC3BD8C0D8194EAB291CCEE20B9CD8E02950AD806080
311
047A279F19024C837C848816719AC4A34DF8F0706CED904E8185753A458A27E4C1E37B5F30A104932BE140E0BF4E400160F320B054A8705042FFC47B4940810173F9C9E97240C7FCC3F3813EA239B745DE9F1B1F3FC2F9330374DBD1A7B475923F9A2ED81716D18D1B577DAAB9D1A0458655AD3CA7E211867AE7C702DCACCD
311
291E0F798013DC01BC326087775C0833E04EA3778FBCB8DA4687A0255CA0AD210C15661E4E92001A4449031D1DD27D327334BE830B64DAD90CBF537A45FBD4E94A7A88888E715B7E74FCD040E818BDC1BF5AC609CCCC015DED23877080FCDC47BD8EF3A7B783A17D33F3ADEB6D6BC7AD75EA7C7852C5B6FDADA6AFEFC2D181
311
C03F8C40DD8A4AB5024F0B72E34B57BC1182472DC80946789AFB711DB7F1193C03C893B0345F420246114D3EA71D04FBA731C0DAB0D3CD311B218F0D5A15ECC105D02F3AC32F13600084731A83220040019B03180634B5923D438300B05BAC80881F061095FED5D572A3323ABD83F1D37A2301A8C930AB3F66ADF7CBEFED30
311
BAAD7D78A06DEB6A87F15491F5AB7E25842B6B34BEFC12C8A159F187C64B3CBD2356DE5FBAB98BBE9583F0E3280C0076DA15BF34C15238145742B07080B1EFB83382F9FEF2239D003541041083C5AF9EF3C8944DC2030BC3ADEDDD9D27475800693049E05413BFB3FEB4308731512F13400D06F813368A0101D8D863EB3E75
311
FCCADED124F532AD3F123F131AB46A93DF1ECE7F96CE9EB6C365C6D6A07EEC461FC919FE288AF7AE1A7D012D291EB073735FF26BBB1C99FB706E972192819B7A34BF22424BEA1CC7958AC2E04BFC8E02DB90A4A1DD04811ACDBC181037864672C78F6C0EC3073A40CC49D5E813593B7002763BC6A909D31AC86F3F6E335C9E
311
1C309BC58F16418642E2AF6B290A34FEDC0CFEE08FCA0F56700699CB73B9C99302AA17BD516D7F1FD755A2B32B3FBE7134D3BEC813195BD355020A7DBB541539CD2C06E45F46FC0EE08293E6C0E1972176D9B678340AA1A4823404EF79B1E2347E47C35D0A2260730E0B513025DC0BD1C07E3366E9B9D17F767405FB531070
311
700035618606F0B40C73C974CFD321B0C174A80C0F3AA54945FFEF348F5488895713E89B5C98DA501E06D8D24FF04FF0CD7ECD7BAA755A854EC6A180AD13BE094E8D5D63BFD6DFA5F5D3E4DB1BA18FD8473DC6E17FFC9832B71A2A94D96E808BB53F9192955D62C82E282B05168AA0927D54AB20A20A74800B7CC9655C8B15
311
F62377CA4C91641F9F4D0478F4FEFDCE273A002CC0A725EC165CE3A149F0333E8E9600B2C05A7D15FD831F0938DBE5D0FF13E3C0F0765965A0961C3FA86DEEB0E28304747BFBA5FCDEE44C23544F7BB7BF7A132DDE34F99E44EC3FEEAE92F667A10F7E90B0E8C6442DF5A5318B0F816311DB2E6DC6F172C363FC800EE09186
311
BB9EC82A24C0117700CD884AA42023B81EA6E0CF8B3056411110D78606EBC5AD5417B45BCC8E61EA01C4006AC233933E35D860BC1B6CB9C9CCCE7840D2E0C1C1FFC11CCE54D59300F2B47D66A10F09D8E24B71B9BDDF98FB62A3B897C53EC88D16D1FFE8C649B17BB8E760EB20B784F52F992544753F2CBF642CD3C9C70D87
311
22C197142C567E74FB431EE248A8F3FC00377F5142144A82FFC28AC2970A780C85A7EE9146FA4B2981F3C93BCB0F3FBCB6DD3DE69C72B6073B99140DE28B8E919D9D9E7C2F5FA99FC1FFD07E9AC0965CDAEA0A945FADE52C791EA989E8E7A21A355FB37E44405D171B98A6E946DB26AE71DBD01FEF07FD378F5B4B51872448
311
1820890E7486E3FCE61A60E096D577701890EE07CA5D7F2B086040749FCEF3F81972E510A86359C9BB579883035887542090614E5C4461705D7CA1CF84DB564838606CF1597E8119790D021080C935A908324EDE9F60A04B7830A33F0670CB08605B8D01BF9A3D435693FAB4FD84EF6754930640C1F9D74B052A7ABBA9F502
311
B39DA3BF6BC7514EA4BEC71D752BFDC198EDA8DFE8F32B3EF811E4576B0A2074B99B070A069F60173E7427BDF285024E35A4418B7A412914F2800F1965C4F1120A2D5D2C64400563D5942044807BE7C738EBF3034C4A6F4D70C04ED1F97673C039FABC4CFF18866E08200BB66BDC9CCDCC3FFD1E43BEFC52C317F0F5E64900
311
FBFCDA4DEE68768FFF46350E0EDADB7B34DBBEDE3776BC55599AF84E312229F931E700D04478D66A0D88D09B2276141AF0F8811C5F8067DC04C0F90929F7F1AC9CCD368488AFB965C97B855A3E2E93AE5B4866502E55991B82D4388614F2C36B8484A5FA06E3EFFA984A6AF17D5C2073299D9F12FD63826F67FC460E540309
311
81684E9FBFC22009A3006962285FDF4FC84B699FB5BEF3736C6072F6844C15EDF25883037DE6BB7AFAD6AE164B367812FA8CFCA6FA25725D99AEC5C6EDEEC64ADDA2BE0056002032E1D7A20A54CF444E360D520A5B69816C0A953CE0434A8A898BF18E2B704588C01BDB2133342F5404FEE698957C200EF54E31BE6DF4E888
311
C9C67F5F3F1B41F922777E7FA6332677C20098C59F762F5DFE4A23F9801A3BB6F8A4F66E0D40EC867E92DEFCE84C714FC7CE8DD3DD3BDBF9C781B1C3B549FAD2C89D711808CAB100E09700BB85240374A7209212F320CA577222A7020E7824500179FC7096C714884BDFD9499E027ABEB3CB0226CD293CAE6E0C41A6788F39
311
6606A073E28CBE5CC67D584D36CA39D37974FE1023253E3FFB007A26F657FFC901D851130DDC2BF54884F20D5D40A0B7E5C7BCC7CC87B84F2ED820192CCE1AABA1FF24ADBE1D03635B5B3B53D4A5F84120125FADC36A0E792D3AD7E255792CD5241A4C84171F1104090017DA493D0A7790A7BDE6DF326180398E4B0DEADA5C
311
2763825E43E05C388E184678C88CE6422606C017F030366981353DF03A753DBF6370879F79889DD0BF75408724DB53C5B0063AB6568D02DC47AE4627B58D7E367A6000267E7840C23A0940B992DB98ED1C4731B4FB4DCFB6D3EAFB6CAC7646F0335C5031888CD74E2103380260AD47176D703960230370FBBF28813524C17F
311
FFBD6288BB28E4F905ADB4A788B40B4A6201C1878BED224DE9906C4C79EF32EE679B9F5D3B5DFA137327320643909A823F62106CB8F9BFE4BFEAFF0FC7A6393EC7F64A698EFF8ACE31BA05ECE6DAB6DF124118D1D13F892F3D3530602E3F3ED3D59DFB821ECFA3D9AE85B1ADAB9E328DE738BF55D5DFD039445AE76D019418
311
0F57B15BEE5F09C07F952F9A10372BC894CF7DA12CF6507E2A8916E0DF430C519485C55D61EFE209912D8C32866214E121611E22A0B1238DB18E86636A3BFAFD5B4EE02FF1E505F902BDF424D0516907BFC95EF3A76B6B3872769D67E25B548F0DA46E2B93DFDFD5F2B9E9EEE1EE1DCC7FBE6380DFBF38A165CAC73DF912AD
311
76A4690D2B766A3EB4AFA2D05BE543EA20B095FB17AE3F1928D84482049B659E671A4763CFA567C08824913D37F2F92F841FC244085C1681225C04AD6DE1684831682CE0D6096B56101C0D4FB3A1BD3F11FC1105AECF5660BD3FEEDF162B0D9DEC6DB55AF27FC98050BDDEDFF63ED14B01336053A19DE9AEF5F5D9E9D9F9E1
311
9ECDADCD497BCC57681922F327EB41FF681E17C1921B04FBAE371AC69E53F98183E91B84897A5DB164158BD1D12FF6F6BEF0E02847727BF2628F9FD48B6FB11DF6928C868B29590A0606F92140D0C08850DAA7DD8A5FE8A50389F61288AEB743E9C801BB67DBE0A7F64F63BC87770FDF57AA73FE1F5A84F8DD3AADDFC32087
311
FBC0A7D645C327B97D65E7A8BBA76DFD9BCEE1B1CDE3F5F7CE4E6DF4013ECD7CB60BD1239E8A4E9A5722AD9C4FAC8F7FF17B214AF8801950430639A08E3ABD05A0D94E253BD5951C885B0CE750309070555FF21F2EF83FF53F4E15038B8D8A244740A5C9CBC120043DA0B323FB1DA0A4EDA268C05A304619505000BE10415D
311
E898809DB6B66896E60AE347ED3D6DC707CB7D5B5BC374A158EDC343D0EA61C217D4878CBBDC1D85686782C3CF4272E7DCFB5E9EF628F5A95AC1AC0C6848F5771329EF8DF2BB79EFEDEC8DBEC72EB7F245287FD4B31008AB38EA4D52F2BF57167159E3004CD8950E217DDD6F699FC763E9D1A0AECC701F7BD4430A3E030374
311
066938F883C01DE40E7DAFD609345E33570F4CE6BE467FBD7F793B5AF2A9D331D86DBA7BF98067918F9FCDD609A0384B523F4413B574B818C6889FAEFC5E7B8F90CEFD62BC2C85B2478D54DD076635BE434FCADE68B3ECF1C8708E27863DBEC352D87BCC7A92A8E135700CDE65BC114026DE5DB68275E656D2C0D4087293D4
311
3BB4C9C14EA83C0D806783B40DD7CD4F19EE9F33801F55A3F1FD600017A6CD5DE607783D5F74E34680E7DAB98D99F6E5B5ABC7F7DF19D8278322F6A97FDB2FADE1539BD945DDF868EE2B8B70D9EDAA45D1BB0A5801198CF1DA891540474745BF0317F8A3703E02510AE94B084221F887FE950272D62D4232781054A87C58D0
311
15CD45EBF9B70E60820A2056E9D4D619E8494BBFA68B61EBDD8CF52CCBA124BACD4A4077E8420A7F36FCDAF661E577B792A7E1B7E337C7CF1FDEBB3B49F501F3C7366C1730E793F51FA20A9C3D2E9F18E63DC277449054CEADA36DA0807467D45F8A744E1BDED725A033868703F1392BBE221158220588F30574A0B0893D05
311
15B0B7C404AD0E7F40C11D504C49BD7DA39A85A19CD7357DFC966E5D92272FF06D59CA5A6A1C8AE30E52F1247C1F1D78F81887F9F3E387075B170F9F5EEE4A7F5BFC69DF02FD8795FCFFAB472E7C88D563DA514861B85BD41594A75F5E866BE69471110A9F75C8609C7E6BF6C7C727431EE3E9E3773D2378C25226E82C0810
311
4A57ED273FE0921D6990E02B006BD038263BA360355E8DC446A380F0BA35FA9945A80CF60DFD54054202F91897C241C147D59F8E0FC67CD0F2BF377A3463F8BBBABCFBD6833C57E214AC3F5AE9C2FDE88852968F20337972C7E04EE5658223008AE82D93BC37D8DDD900BD6B16EF221F0D4149045D740A8A215D4FC186C658
311
E01994B8CCD317465828704BB630DA2243B3B4ADD3EA554A97408454148C04A1A0CAAC2E04033C04073851F54380E0BF2DFFA43FAD3D6B574F2E1E5EF6E5F4FEFBD1CA87C161FCBCF5C7AAE2F726F814027BAE10F79BC3D765D61D1803952210A9AA07F8C6BB2105B61145B324F96014EF223D4A9261080239F03FF6F4DD49
311
75C183B887E081F7A467A25EAA0C94028FEB808637768B07400A8235D4EF33143253198900E079E3FACB0C59B00F827A5785A6FFE2FCF0C0E6F1714F11CDE5140D931D707950631F3DE877F300002000494441540ADFB08704E252AADE1BD4E8DF55796A32B9B6F17737C67702E5C638682737286CB0E0A89B624D5BF28222
311
432848C9AB8C07170C97B814FF492A61072407D638006F7C8400860444C01B1930A522788045633DFA9507267A3A42BA05925BAD705CDD3792FA23C1075C6EE768A673919EB6C3FCFE7629B7310AA794CC9C0D14A1FB88F95C845BF22543F57996E0B26C9E4C2ADF187F979F8A55F11B47BC26594C52588518D25E6C2B1CCE
311
D231EA1B748F093E5726A21A54C91EF95789041030C20FD5AD68613432E19A4D0DA2505B6BD843516E10BB00AF9AC315EE9FDB39CC1F9EA59CD88F9CD071D470C86C4647FDEDDBB1CDAB81DA94034747A779F4CED497CFF817348F69F52E55490840E48840BA72DB71F3E84F6DA2F4717AA928F153DA6E4C7E8E00363CEC9A
311
2E1C8E65F298FC4A52F087FCDEE5CBA38A80CBE11FF7BC2AFF249203FFAB77A128A001B1987BD334AD9B901890A8C2005B6B248196AD09C0025ED841325B31845032E327C531C839E66DBAB39566B631C2FF0A1DA5A3CC47E665AD8751B47CFE33899DF047C9F3C365E3B11278D49DF939298E09002F6430F9958803309827
311
A7C791048CA070061B7E9A64C557D235F83EE24822E5EAB805F9862F20FC58F483DC0EF02181F572930205107E00E523861895A2811309808F2B6C14B2AA579E893753C155D2F54302007E9FF36AC5FEDBCAD47E182D91A73920CFA5C18E01F8FFF4C3F1FF553BCAD0E58DEF85DD63B91BE38ECE1A9FFC4AD4A1FBA30D462C
311
328C5A0340DFD393D3D3D3C0659195C96990F391EFF4175213BC74C020922D4830FE215E76940962BC0713A3B82784C0CB6623DC40D6E1485BAD454F6892200B225096127FBD82D2B12006BAE2E329C771E25FEBC0DAB3B5395289D56D7A8A89081B34EE06F80F819EFE75C67DEEE95D227E283FE98A7B9F1C97D2D05B4D07
311
A469153C3DA3048EA68FA667A6D90E291C7D7E2D063E4D044964D055F2DBF3E31BB851AE9F78A0A7314F0AD24901F581D74A6929142039C65AF5830D1C809536CDC05E4BA51038F79D713DA930CF18BA3010E385351CF47F74D439BCBC793556A1F99814926AF12835E251C59BEA3C083EC2B2760FEBDF4304C9EB87B35769
311
E1EB24B648542CFA4EBA9EF93CD42F03C08F249A2C98897D8E2225E90077823F4A52171A61219998CED6FA050992B6B0A74A2220ED12123004FB977084208F8E2AFC80F456CB110BCA647A3A0F854085D84FE0052BE31FFE7F925610BAFEC06FC33F9931BF063F39DB3D1BB20EE357F594045F4226131578582CB055A59A07
311
3AE0413989D215019B6EB8A21CF154D71164E0D8F4E730C2CD382D098DA5261456A425643686BC8301710F2C50665881399156AA2B4C3191BC555728384800CE10040F746A3D8A80A5F0E500A93456FEC52833BBB45203DACCA37FE1D3EE4B9BF0EC27ED47D89B8266F11EA2DB8B5A8BB93EAEDF0C06B7AD0402B9EAC6E787
311
365535AF19F15158308A9D9785C1BC1C01377F8C6B4D07B50DAD25649764A91DC9812C7B34CA98184084F7C01055466B48058CD44085AF26648520C85C41C67805462D8425680425559F4440F3ABBE1F3F81B1EC72708767DDC8FFB6465796C8FE310FEABE0C9B242A74137EC3E0427091967023299BE5D6D4D0C6D15747DC
311
2AEA4ECC57C72856E827D33CBD319D70FF854369EB841282F84B7CA4881447ACFCB257E252E00FBB3272120A75B99119840858486615636E0E0334031AAA8C08A62E080053A0AAA4158431EC727A084021D41CF5D630C94184F6FE7432E8F5F9A4FCDF3EA7CF136FC2988093F98ED622E38E4976E1BF0CF49D2889E6DF3566
311
719FE1F9B47A2D3BF89C69155DCF24F88C609EE551160F0415900B4C48FB013D8900A9192A700748002924771A3686A0A580FE4009E00ACC090253E280B90AC15048E047020483A038A60ED232831F2CC90498648690D960C48E439F18F4DDBEB0B6F5AC7B7B89F6230243B4FA160A7B9327F3AD5D937C8BFFE5FF8B3A5E64
311
283BEF8EAB9F71159514CFED62DBC880614AA1F7994CCFAE7D8C87057F451733699B8DF87056E1F0654B5021E38097E4E23221B810DE20559AD183A61C2C88A648DB096081E9801CA00BC1DA0124E08DAAC15FD2936905CA8DA1C40E42B13F1764E0C4015EAD7F8BFEC99A310B1B7C0BCC7746D3C0702759C89EAD57122092
311
122D1F857067684A578F1DAB7EAC400841F493A468113282FFE42316CC74C756B1C880FE78795C692813CF4644480EE9B02991BCA257A71861F00666D9410288487618D120D0E80D7773E2B7DD180E100EC98B221C94BFC4FF531A09B986230F1CD08378A8E4D0FDD7D9B1BC75F5C12EAD7FF83F3ED19EB018620303C217A6
311
A35D826E72ABF2D8E2BB1B783F6E48D2E3F360806E1D192085D022103473A10375B63853EC54F500B5B064DBC20945B88160DCF7E4F83A0200BF6FAEAC88E9F54D22D898E43F378D20B51B5D6B1457000922202800DD401A9266483029C0D6D57ED80D42A0E6E08835F0F3AC73D7FAE6D56185F04FC44472B854EB7D9CBF71
311
34DF3DDC35A9F6B38417DD6F508B37C1A718B0D054124176F7222F62DFB327F34D451799D56216880193254FF782D7DDE26C271BF38C6E422E271CE4AB8823C9510F021126A7A944E00DB4031D013C88EA0746C96D4574069BD5439C4110403B40020C30B07A604F1E41D19C21A93FD9002DFC35F23B1E7B98E95E38387E36
311
03FE7393680410D702FF9ED5A3C5E5CE68B5827D721FA78F3A9A0C08A79722D9C9B418F46C0057BB1640C70AA4A03D29CECF33987596D53CFB27B32C3BE304C540E14BF8464E080918268D254838C91A01F0FFB99154FD8A9C0495EAA6534A6C464440B4A71E16100E7405088122A35F7A511DC003D002E6C8E7E15F6D1D2F
311
D09014139EC11FDC89394621F77B9F88EB5A583C41E2FEDBC8F82334494C0BFA97FF3C3A34ADE60385B60E5A30CF036E5E75370BE3B83AE73B3B7DC0BB337DA0045299ED0C66681E4AE223D01B1BC3BD4C921E2005FEB5114739040758189BA8A320067B62A3995E4720055065AC2B4A8006BF8CFCC907C0063EACE41813C5
311
F017065AD46CFDC6FF1BFEE052932CA3478C8E5A6F25DC8503D40F61FC1B047E4DFFE8E84407C81F1AC7B5C79DA358551CD0D13785A9AEB38D6EB68A0A8087FC6543E7471082873CDCE5CBEA1EFC5CC0579469E225428E9A43D6A6000B4219DE52E8DF00A55F4BF5035960661C2DB88AC1F67C2890A93FC420193C8326409E
311
7B595FBBBA9AE1D1511B3F6D65B09AC10A71C2317201A603E88C56CC68C91279E83F5C147787EFE6C675F00941D23EF092920330982DF38C65EDFCA89DA98E8ADDECCD77CB86D85118F3DD9884820B1128010D02F1060F582871CC8FF42024C02239273A1CC3BF71E770DFB7E96081682803188118B50310BD620234F230B1
311
2711B063E0F0490FCDA9248B580D3D3DE944A30CFCF2A1E0F6E59E8FBEA289CCCC943785BB8880ADA9C2FD70F6A13F5418444E3A669273C006C4B4EEEC067827539FFBEA9CFF04D84E7F170480037005AAC8829084329899F90B5E013927F8E646514B4824B01D11F72C012CEACD163B6358A4454A4221D06E68A710625206
311
49BF9E9127D0772D6E5EADED52FF216BC2FC513C7D3C5CC4C8AF009811826AE20203B076A2AA66D8D32E317DEE0EFC000FCE16D9E0BEB17C74AB009256C5D8AD1CBABBDA61402612C675FBD72D07E633B1A42F2421208CE01397560811204306617A5141706105C9F4984C459F2D0F6C392FA05BED808512B0B9A8A9FC6CED
311
89640EA347D31F0DF76D3D9E61E800FE9F7601BE4C9614A1C58E6C839F13A12D0EB426DE6386B82369A9E6A7F1F9146EB578A2EF4289AA109B4F6CEFEC0463E0072A05CC9DEDEDFE08407B173B8AA65399C80B2911252E6290C82CC1B8909140C11B7AE161B42B93905045D017E00CED6D27AAA15F2C2179F1E83D411A7020
311
B9408D202381E7E5DEE5A9E7E5CDE3B186433F488AC81554BEC09BC579018ADD1DCB3D9D70F02B14BF9159A4DA376225FE43DA224FED327941705DA582B2FD1BB5DC0540667B650BECDD1D5DDFB0C7F36DEE2B94F6EE2EE4E426F20A1174C31DF153321A24114C4FFF25E505475F6906D4149B21F1BD9D9DF7B059F8E0FD83
311
323CB97991FE80EE131A9003B81C491B218B1D42C0C0D593D9D548003839DC29A740298B0C23F0CE14BB167BD61989AEF0B985C8FAC8F923A73F31953989F0F6C96CA6C4D0A9A88184BEDBBBDA3BBADE77CD8E2FFEDEEF46184A86671D7DDC51417477BE9F04804F305AC82C2D018A21EA903866A0F959FBD4139916D03663
311
5EE03DDB7408BCF0627A03027AD314C09B0A27F0A79490D53839D0DAF1416995CAB24101FA63F75029D57A4CBBA9FB4D120ADB17FB5A999FC9420DFE04FA670430B90FE7F589F7FE8D50A4B5F004CE5F07EB4EA007F8AEAE8E8EF7DB3BE2F81F42166C7246FA9E62D02C8209BA1024414C483498B50229FD923F2414040B20
311
81390AAC353B5283EADA12A30B1080866D746B9ABF5BC107F33C2A015B275480759334B83AB02175EFD0DEC785DFC505E0064F4EBA5A97073A74C5C9FEC97BD25D819E28AEE661FD2732B8BBFB1BF13441B3C1F45E8AC1752BBF80C113DE960E0AC7D9D02C58C80505A19BA0E84B14402601A590A4AE00A825E98C32123423
311
02EE10FC5100681F86834A2804BC409D70270A2091DCE874B16BE0706C974EB3D26EFEDFFCA6C4579AA4DB781708469F055532A7046C6BEB0CF39F3ED2EC4FBCA3D00EA91CA68FD2B87B5C191E0EB2C300F00A1C9881F263571C6CFD83D079D09F176FAD839340CF030F70458F81F09AEE1329505150CA0A00576B56C06D58
311
070B23086F685E44232D9D53DE3FC3731044F286D19F459351863F749F1104198D6E14BBC68E17CAE70D7AFD958E350BEBBC70C9C4DFBA075240DA27D40AD7DB063A097DD3F041EDB3E4B682A7A12A548F3393DB01945547175879989302521EEB1431B08759B632B174E0F700E774FCA1BB83F95029ED1A084288C8893520
311
E49415E00DA080AE8027C34206D35491D050A4C6B080F6A20889A2FF82379AB6234F6710C05F9080ADF002B9C9F9C583AB220F45D618D7E7F7547FB27CED8A8B7A7D24EDA4988B0C1C2A1AFB53FDC61BF3DE50D63C560F0120B0372F0839DDDAF13E583B868717C1CB8CC71D1D7F440CC82184803144196EFD58BBE00B7EE7
311
7DE8C015942357FB06FC906A5E2B8882CCF9FFE184B0035A5CF186A962A63F84B3AAEE3D5A2C830008807568B6A9F424086D2095A3E262DBF124350082C4B5DF4704A9D2C93553DE47BD6766B69349610716999FA25854F759CA9792599D3837ACF6247CE8597B0F960FA3EC45B61715050260C5844FCCFEC9666BC71F875B
311
17E3BCB4CB151405D7D08F846B4CB952248B4603CC402B609E90F0044A007FA800EC46D07A51232B00E5683C55D5096E1374DA4FCBBDE2C25A5B8D26008227CA7758033D7D70DF12CAF7F247939F93F1CC63047D63ADA0B7CC8771B234D8095FCDB577B586D1834062035670E204B245EC093FCBE15626C10D210CB38A13F5
311
0E10A0D5C0814B0C4B30AA9858516001669002229618F100767AA3D6D2528595FE7A398C2D2300ED0013A0AE60B91644A057327BD3C36BEBF48C91279B45F8BD145494674AFB211A91977CB838DF35DCB3D6D6AA2FB2784B591ED785DFD7DB77747DAC9D2F7674810EFC2895F9ED8007EC7885101679C06F21E4B1C8A61209
311
56F80518D1DAF1717BEBFB5803E20C6F2A11B2E48AFF4AD2810A70054623E341B3D1ACD92DA91150DE631EEB2C28882D092049C0DD38E262A7BD6F98549930C9D44B7C37028AEA9F8C5628A2BEF5704C0DCB2B428181B1BE766F43014498D2E57791E4C8DA6BD2ABF5003F0C40202E2E32EDFB02852D16C30B7F646B98FDF8
311
6C7891690043128B0A0DE6B4EA27F08C30CA34C9D0AA0852A5997F8D11A6EE84E040B20472020256F4AFEBBB74E6705A12083B249089218E6452C8E5A69717E904A3F5EF3D5D08EC1F4D4E85086B238CFFC11AB9AE972CB775616C6D1DE04DDF073B4DE3747C41FBAE6072901CAD0237100670C5A00C2C3CE063610ED82482
311
6C1F6650700E88C00B62468903A0D71D3A390255AD7040048348C56C4647413C2C2561216E0C469203EF06A5B101AD40D0E207F78B124747DB5B4BBB4E88B1C373C114E0470B345156EDDBCE1B4DBDF81DBC400746B0B54E05F693707B89A5E430982C2AC7D10DFF11D5B102B9505034B35D07E8E5F585757F088B390F2D4C
311
85CF7218E8418BB4F25B885053D07D5A908326809F31D6CC6B77CC948413B28664484439D118DBAC27DB5AC40C1AD166F25E6A2F0AE82100C0BF220405323E1FF80DFC518CACA8DE1003F3C9FAE9C7B2D60703A0004F8EAEAD2DE0F5485452D15B77B4B67F4C2403B8D8F9C533558ADE058A9E177A1698F75DC0EB4C800F74
311
C0270178C8579C1FACD025F0560844502D2BBC01E620030CB93636C1041636A693949CD80139FD15BE107F905590A292840F8860706D07E2970A2F15E5B13B87C3143CB2930374CC46A6F9B9D7A5CCCC14E11B9E879A49FBE27ADBD6DA82410FBB94FAA8487D61B51F4BE0A03FD08743C31020D6628ED20305A22C2C2FAFA7
311
ED1E7881C438AA5B9035F20759E243C51F34D0D5F02F11403B9E204CC1686C0B6C9000470561519CBE1B0E4FBEAB37A39EE4B84C05F023858779341991F36D9D9F351E7BB3B5ADF00148D9D05784F9AD8B037D48C01BFA83D4247F03BB768BEEF973A14E610090D4B96B1EEC5C5E66928F28EBEB6CF578B067DD8308608157
311
9848E60DFC7684044D8174993C39F886043481F6A2B743B18749E52447CD4D230513032D20D20206E536E15BCF7B7D211634F98FF9986287F33F9A94615A5A0A7CACF8DF5DCC1AC6EF9AF1945EB78E0A2FED1DA2ACC00EF983F9A012260BD722EF61C9DBCDD8719703ECF839029010CA0B9F100B1D2842153E01A1A3837AB5
311
79516A31982FD2908A09100DAE591016CBCD4B011A2F4DE299E1338CE065DC4841BF9895D8C81714800CD08F5AD39601BC929B55D291F6CDCEF2AB40DD5D98F4E6F107C47AEE4A09A079C05316F479DAF4C2BAB83221BCC0CE23FE3D3D4C7BC9AB673D89A3677D6020F6E182332028012FA0FBE0B2668FB85485902A8E7FA0
311
BA2105C213E20BC2169211A4BABA7D693C3F1DA961F203694853137073AD5CD25F1C017DE0477626D7BA55B88F83B5EE513C41D814639FD1BF759171F4577D3CAB0C3DFF68B2D3B1F8478C18F67BEBB2598FA76A4545E9E961BACF657E0791D2373030E0EC9FAEDD17BEA7703A738185D08236C407448A4CB504CBF01FF438
311
59D3115488EA01B55078000DF085911805790DE1B41B6F8CB2889C3834FE02AFE07D85143C6C008438A944EA63E047023A7EF37E13B0903AFEA7BBAB9579330FAFDAACD540022980B65A75FBA17D388F1E6576405CCE7032D95BDA420E7DC0EFA320879E5F8B3B04C1D2D9C1114210C19FCC49DC6A855E12010184DB896810
311
9ED016E4683CD552A36B3AFA13BFC2114068935A7E774CD2C7225642B73325938052D8634ABC18DC9442BF9E0402E85B42F9F3273672DA8E8F1070405D1DC3248487574CD98092B8B956E6AFE1566530B78FAE05B4A0DE51FBAF85DD075C7E11939F80E015A58D1F87E400CFFD2306C4D1D3C634380A201545A92BE01F4458
311
00BE12302AB477BD6F62600D211232EB061448A0D2B877BB940D63D059C37E0569A83DE93E214F4BD86209FF6F479C640AFF8AF6D1BFD987D029A94DB7C329B4184D4BB013BF912FB88FEEF913071A8D82B651BC10DB067A7EC52FE1B421883144C00F64FA23A11CF708BF16CA59F18D4C04B8085964B2D8DA4A855187000B
311
E440BC816FFB13374640B0EB1D0998AF38A1AEF503F14302E2811081FC12EA6CD38A63B33035125F40F170C0B0AA45E9FCA38FC6D688D48563B5C4B4B7C359D3C7AE0EFB16ACD5E2FAA47EF8307044B4EBE1C71E84E742D81431FB06B90B600B9C239E277A57C94C427EE10E7826980C0136600D916A06058CBE8604DB4D31
311
4FBC014EDAACD0820F14BF75449B70339490FE5A0491221BF95F949DF1235380E969AABDBE2D32EB4403D3FDF17F42F9A0A7C28ED75BE86BDB7C7EC80C76F86B8800F77B305EB88F00A4352E0F8089EF811EA02A3DF08F7DA008F803BE4B4EF5F41E56087099E920708C3D720916444440FDFA013D4E1201414123A09290F5
311
BD7AB729298209C4306D007BB0829FD4EC3A6D7E4F00B67DF38CA0764F832F0448E58439B952CB4F70DF964AFA74CCFDBABBDF273E2FF4F56D3DBFF2A78D42FFF2755DF307066497F44062AADFC0CC546F6DCCFECECFA232E14F408F05477D311B683A35BC245FCF8A5CD2AF20022C21022266905A5BCC8B20235D6FF04019
311
CC04058AC80023662E25F342063165956320BE50370F2A657BACC817DDA3DDD3EFE04028645780A768FE38DBA88BF2EF3ADADFC7FEACA952E5A77568ECF0C971DF32BF1D24F8486B22A649EC81B1B60315CBEFC026091CA45F858D7D04C1B437079431E63E38F880758842E780A9E03791C0FAAFE10012588C3C592FE35461
311
A6047802BA18686887023A422A49599399893103942CF6DA53A8E387825FA0678B261F139F801E2B17C901D0F5217E07AC2401A87D0480F753FBED44FE949C93A1D042B879FCE499B3D861AEB23F9C1F372F0C24D0B7D6E70FE1AAF60F84BAE642D82F0A9F53E22783915518494FDBC0AFAE7DA282E5050B703570E06319A0
311
15E00D693A6BEFFAE493941C3B08C13B96BD20D0115A9565701DC58568A3009DA13E965765C03091F0FF339F7309D44F6E61F837F1B1FF920450EB8FC48F9B40158BE89C81A597CFB0DAF5F5755D3886DC13D4479599B583758CBF35663AA234F133F91D3BCCFCE0A794367F385C59B19431780F1C099131384056616E15A1
311
563B50021D369C593FB292685A68A8B2A50A0A2085CF05434617E05FC24A6B077B990014421A68401AC4D65788EE25F737EB780D08A6E38F060F2ABD889E1B889C44852C2FF368C1E3E710D73B6589EA83F7417B341ADA1F639A23D15298F087AD0326410E116C3A1B325218433C71AE62C07C1480F1C045629724A076A4BB
311
8D622D24690486727F56108D07046DAB065000678E04C4F8C342DE27F4AC102D854F2D08D59B4ED0E4F697B0FF62F113646BC5B7F3131D4EA8BF8B265EA3F2026E7061B96F6DF3D993276B2180B8E57067587428579460551049049B074CF8B1066C7E14C705F0B39298C0997C17F701097023BAC31081390196801FB0C2A1
311
2380042927503D5A01CA127F9841B460310639C674BC8CDF1A320501448E0068905B07F6E5602F8C1F07786253438CEC51AE61FDB25FF71B09893AC026A9EAE3F30F369F5D5EAEA5801FBAD3C98B38C13EE017B054F81A56F05259DBDA64FE270B1FC4C77200FE276FE814B916E222575ED717A62A92956504605268408CFE
311
13FD61F84252228376060206802B9550F00B9D47E6AF1022538A752CF4FFF1F5931384A9FF8700EDD4FFA2B93FCBFABB3EA6C607FF714B0B8B04EBBE83B52B246092AB018C0D0002FC490849F1E214AE6FC42009D6D86616C835B65DB9862EFC4480C14137603C3089D0A5588FA27E693DD184131BA4E88C35045ACEF1CDE1
311
A82323C20B842F2419604821196EE8185BC834AD44F8E9B7549A32900196E9ECBBE20FFB4706861AACADBBFD9B56A23FFD3AB8BFACC18B1B5AC0ECD7B6AE2E2E9CCD2BE8AF1B1BC3A813B94107E82DE67A42E7CC7D4A6116700B5B2EE3C338A09B840F07C40A64800D7C605AC42B72227C4C7020AB1F20056E26F542717F56
311
534261DE3766AC10A6ED2D006DD03BA9DBA507AE0510A8B385C92363B9154167F1230C40D76AF6F3BE0CA08F8BA2FFBBCEFB09D0986550E0F0EAE2F2780CDF850CB0F88CFC2815FE87BD83909F474F45DD47F1C821DB2107A8817FD45384F57891B65F2543D0C1E20A89B4A8DF806862AC27C60F6A054627FD344250718AC0
311
FA21CDC4E28DBF2650D1B39D8B8A420C348A4F846E2BE824BF8C45E1DB8EEB52F576F47A75FF95F90FCE0FD3A7A08D48D5B9AFBE3EA658E1676FE3372FB57F0AD8D70ED4AEBA3D4C2BE0AAF1C3AD63A6004D12900CFC481A47430C9EACB390038642C8C41B13303166614210592736B8603AD4FAB17189DBB32F3915F0C380
311
795A089A15228460BDE8E52203527D41B5470901B088D84FF8B3FE2BA7F4FD30ACAB3DE0B7E2FF95807AB0010FFDE3A048F7360F9F3FB9380EE537F16F8673131325D3351A3F664022020811A0FE8C019CA17370725CBFF64132025DA1BE2555102212E80A907FB43ED80A991A8AAC183932C19AE17524B06590B6AD286EB9
311
9BAD18FF4BD64BAB519202F992A963648ED30E7521F909F090C0213E367A77D8836BEB6F34D92EDA624183070248351F1A079E5D3E7A9EE81F2CE6678F92E299EE312B6C0572C0A7B5EEE07853612403813152C7125E2022A20C18F855DBAFA399817FC97FB6E1CDCA31D348434ACD0012F0D32A5456B4007E6E92D72B1A4E
311
9971223A42C1042819E4049C0C5801300C0013FA48F8944FBAE71DAFC27F1826FA2304ECDF3F6C10FF47D5C7E49748DDD687DE8E91C09394EE0682A4F84CFD6067EEDF43E67EA46CB2F4070160439245F00343D03BF25D7E2F26FC400A896DBF19FB8D4D0A66DA669C3D608F9CD048A0533621B25690EE19D5D15248E390F0
311
42B12C682511B02BFE3E5700E4C9A9B2107A8F45248FA48234FD23005ED1F4EFE80D1320836F04003BF42856D478D1DCA3ABEEE3C68F9F30C3A16E5C238EA5DE3FF37DACC2F8B7980033F47FAC34421EF0418A045394802CE032D61C70023D788136788613887C0011A4EA316E005718AE191F8D0D841B9C679CD2FC478442
311
D005429166F5A24403B1E6ACF3298F388B6D0BA933D92339D48969A5C11F09B4FF017A9900A4F887010C474717E10F36468032FF33F4AD610517777104CD920C3CD15FC5F3B3A0C75BBCA3B00F2724863C10BCD4A0E00736C7981F2F72E4B001438B99714FCFAF713A2603BC710376A1715FC602022202E06FDEBBC680A3DF
311
1C4C095A12C50B554FE7623B50374FB2129DDEA4C392C9188077658C87F55FF92FFA507FF03FC8DFD3F31BDAB46DD51AEB03F7E1B38B8B87CFF47EA1479C3EBAD5C6B382C221C0F1B358B39D76D9D3142C4A20935F541E492E0EF081BA41B3620A8E172B584EA1485632E22A8221CEDAC6110AFA4B6D43E2B76A18AB240BB2
311
4337721C9321D2C033B2D3E2641A55A400A28403C12D1DADE39AD23FC5FC08C47A64DC3FF6DFF76B5235124022D7E6D6D5F3CB870F9F31C96FE477FAFE54100068A3A87FA5908A2C08011CF31309C10025B089FEF9C510522B8DC07C30AA469841723A10C08E27F00F7FBC181C083F2809EC3B2B328E294AEAD5A071B3A95C
311
81D2DE3F930372D022C9C793535B92FDAD5426E90490C3C81D000017C6494441544698C416520C1C40C71FC204B22448FD9303782FBA67089A1A7D4CE38E89050FEF5F1E078A4DCCFADA058032C34C1CBC2E1202B1F8962B1A8024F0EB7A11F209E96FB369D4B64202FE7BA230AD24C46413536EAE955B341B726C593B5D46
311
30C0BE822480908522B0D85430230352618DCD4F7BA6D568BF4343801480006658EA3EDCBFFA9702B4FDE9022163C43F9B72B58001A23FCE6F0B3FF0E4E1DDFB9801A6FC42FD0132CC1F2224F89933107AD30B6C9131A53818AE944BE25A70810821C38F098411980E46D108F483DC63F49B91B852351604091D60546702F5
311
8A3872A1716411B642C7629C267E64E77719F46B0548FD6BFFFC86A38DBFADFCDF700228C124C8664FAA02BFB1F92B09800876FCE4F2D1C3FB4FD0A44E0106A8DB8079751CBF0BD9340066C3D52BC64706467C05B5A54401BE4A1B0132A55EAC1CCCB10D378A3DFEB9812022327745EF2102886A9142C812A1A2C9708027BB
311
55B7006357459F9C2080E0BC34489FC629510F3017B62D5073E2A2C64048A0A42580E413BA9E08274091A398EA80B5BF31C87BF5ECF8F1C5DDFB4F22AAC181F070AAFDDAE5650C4000516440D8806786D874215149E69ABEC43FF0EFC820FEA112B0522003C84BE03FB76623513B6D840820358B084119B0CEC8C00AE88882
311
6339A54091F5FCA513AFE147975BB1A86FC50618D9D74502F0C7C8815AA306602FEE3A5E79E0D7DED1B221001118B73182CD439A092FF801105D1AA14E1918EC282F6260869D55108065988BD67F68E5581720A708051F7C8070F582389C682BE53F2AFD85853F2A013D21564028E06E79B7A71E43212180A81541EBC88F45
311
1E02385100491AB0C4A3BC5309A95911E66D04C0B448366988ECD204C2FC930F8CEE8FA410EE4C25B58DD1B6EBAD83F6196670F7DE635282C0A56A851AB035831725F0471A10FE52097089C80495804100318405F0DFC2136004B4C40705EC9154315129205EC357930035688F61AC02188250CFA9A980233925F16A117A48
311
CA54DAB6400221976B75D863330942E20EE3B00B08FBB71AA813B0E502FD2B023DF70114E0D7DF2E2EEEDE7B789504200112075478F2FBD6897835C91F0C20782401E801A2F9142700B74805703426023A81CC0BE88B537D0003E0C5181D29EB8D83050964DD2580910A1E7A8138F76253DC01DC2F3824391AD748276C0B0C
311
DF12366625D038603D0003E0266CB42704C8CE7FA7F11B4D59C0BF454A78F8FCF1E50513715D469607031272358F04E0003C90107223A581218F10008B10247CD20D860FF0BF48801040B361808148714764028EAC137E871501EFDD97C89B52107FF1235B0928C562530082573CE137840EFEF82A0BDC602736C595912FBE
311
C69E6A3A26903B3A300C5A098A9E3F1810CDFFBA019D97B4E7A7A075850F2E92569BD960CA7B8304995FD006FC4213BB1448A6F4BFBB3A9F9FC4962D0A1369129B10073771FEDA38B1737B663A71C088D8848027FC3008DAC4E4397A6F76271DFFFCF77D6BD7F1F67DA51E0E08875A6BAFBD6BD7AE52CC04A0B4A2206F650E
311
C412841A48258258E8662C3838FBE21E25172C2A15A4F78D82DCF68A005DCF07047C183E1CE47731BBCCB5469D9169E0D588945BEB637E87802A03D88FB82486210D28FB3B858D13DC7CE75F5E6F3B03C1744D30CC58C7C7A256146853A05243060B850072A7010CA47CFBF9A1E24F414037B8781E8E9F219A774B36481CB4
311
3E48A79819D638C8760D672FAC19FB9D3FC5EA9158DBD0159C27860409682E8FF2595652FE189D2CC2D7C023E944158355806FC320087CC74116030CC376C559C098B93A041C5DDA48AF33827D2327DC761D19C17CC62780D82A170E6CE7415A5E7FE825E053048F88D2AC2A561CA4D4C60098DA28EF1A01382772484698F6
311
0C8DD24BF396EA76260542810A625978C03580A9CAB91D10249BE579B0377A3DD15749A45F24C4D81FF3D7D7996F6A1690288008C0FF6CC186DA9D5FC95BB09B1301004B016E707FDFED306A1BE8FA208828F00BF342186839839F1F6FA338DC5A0200FF383DE92614C03A4508DA18F4D85F9354F7E867AA77A42FF49BBE67
311
57A1A7454448D0BFC3C220714FE43A3D8F1547BE10F0BC5A05985AC3C28829A06FE24CD062700601F4AF12AF99099B08E7071DC4626A97C920C3FF96E190C9D1FD7CB6163E800D79E5F3F10A9306C02B799E80F1AB380E0571A584C0370A220C3125000B500900D96FEA40409F980E2083E4EDF4D8D2480AE5667222E020BC
311
DAD4EF19682120818FE18EC7FD6AAD67C03F7DF1955E697456F517AC4F24700C30171C67E9168B109A4F60AFA60F98BE30941BF776DBC7C70792A2FBE98AAA97224F8BEA39B47BFD14A8CD03320DA2B676E3AA397E652E30A42CE2987B7DA1EF7F75242413800A04C0270C62A13372400B435ACD84B8B5009208F5AC73EB14
311
9FFF3508E21C2201E0338BE07E50EB47E7FF6D97724A601028C5519073E7978EC88834410450E074DD58AD13A4900103A6444A9CB99103229F0EF8C0C78161EBC68137240734CDCFC349807851E0EB46CE864D2E405ED341B71A390CF2DE20CF5193189E1901E866D0230409684B193D17E2928534D04240937D3C84477494
311
FC5E0FE0B448E35AFC19007926C1C6A6E622FDB8A12E30993C6710E070397C4B26304C0AE38218D19F01FFB15BAE1C0E7E74DF75F2406E373C414E848FF8E500EFAF3C1029C9C0ADAB2313A7426CA9B2C1B9E30032C84EF31A09A88A386F136E8C2F1D582EA0459207015F10F1F001F0B1B7DF7222011EA2001F00BFD36BAE
311
E0850928B08C077030FE3806C880EAA74BCE0863A952812E6008B3A89199C1EE918AF96AF583F1A073B0A355B9D861AF1460DCFB3BFC6B7EFDC834B09700CBED3510E48DC7129041C991F06BA5006CA6B5B34EE21501374E8DFC910042036111EC9C7CFA1C05D48A7270F7F835BF04A4194DA4CF76CEC66718C84CD020D04C
311
412AC848F03E3C61A1C8D50D0EA6838A00376054D3DF61A0E393E1F8B058A6C994093476D601A4A06F0CFD3C0A6BFA910E75CC10400A80FDA93AC9B5EA4303F6C0D188B559086091CC5910137772E14F2376D03181B5CFE74C0EA38440D0AC256D6C4D104CE05302FCC00B60B9CD4D71E08BD40C144A025E60D4C1F45FE846
311
A2105D717EEA84808A5DD90A168E133640311CF05DD870768683F5D2F1800F485AEBE5CABD8FFA3C0BEB33702493AEB551B1EB035EF5C8E5757FA7832141F88E8578A363802B560007AF93D7D470B478C4D00B412D634C9140C4F9275C00DCE8DFE3C7F8C0AFBC5B2CE82E3C3BDF393D4375D50C43CD1C17E3777CD2C17072
311
5B7B42B41DF15BFC344DAD089C1E9118522B4A2C60B794E4E8F33081BB7C8CFCEEA0B2015E49D586429C6C78646180B7710E06018A3082243C275F077FBE412C17DE80D3E6B9462C5204C5D980D1DF84A864401C483CD01B143F4A4868087A0F780F37230200A4FBF6AED325114C367C22512750A5C7C3E32D545CE20A0904
311
183BA10015DCAD89864B3E1EE97EBAE8B204266A48E010511838E2FE413FB116E60880C2D8440AC3880DDA6DF6618C138CF1CB2A09637E18D00F80CB0DC05322E31EADB8081C29410903F06BFCDF5AB46024E4A75828056440503C707856EF0C037623DD4922A400E8A6BD75E4D2800905F18450A00CEE88860C8964C7B3F9
311
0F56528BA18F71CFBBBCD2D05797E168FC37DB26DBE0DD2EAEF39686C18440820013C1444055402A541400DD362A0A402F1FE51246404E098249FEE30708C10CA0B54601053159480C00BAA9B1223A773234FE72FD5C3BD81804D8D196FE3D5315A0C981D88D04FA01DFC185CA93F9120E1F480B08063364A0A318F08DF950
311
56E4C91F1150D31B011200383502E079EE43CC18603AE2F88FD139C802A739F208E88D06DC78267C448C27C4113C19B0F51B0E9C1C021CF8F9167C6B1F2E10E461002910105D1042792D1CA303F469714C018C23D72179E165049C40E801CB96CF334562E5807291D1E0C70FE6CAD91656715F0E5C5E70F8D7F83290549B1B
311
AA6F781D25180EBCA93EC84E72A74081CE3020789B3790E1A9E478E658C099BECFF01E530E80EC5FE31204ACFF70AF8177A03059240CD074978A002A878BF883FEEC81DD684E406CA630ACFDE87292822A11953710F000885D6F68A67ED40CD772B0828359B753F7CE23D9479AB9845771B389D6A77130F8C134EFC8394739
311
2029B10E4425440A84AF0E54825228FC1634D369874739C837A9DDC83C20D320C36042610ECDFA750303710224D01202488012CA847424F8D53F78AB6BECE9B3B35A7F32396AC6B7444566327DBB4DF06FD9616744F4D3A397EB3B0A3FBA8D763702883ED742FE5CD24146D8E353ACCF811C806AE09914D8446E93840FF4D6
311
C963FF32BFB6AB015D1D3B0C9A0968776F021F21404B6260CF84A14F35180CE20B5E85BDA2EC91FD5A7DBA7E5705F4F0F97AF26CE18E3BA078138202400A62930FA6CC7882F911A92F33E547E64990B0F27323D73B6222863F86425153FA8009361C675554C25382CE148420C8DCC47A20122806CA178A0918C14CBD334402
311
89078A00EC6070184CA9907FD0A1270478E0B325B67C2193694EDB7DD0F3C238447C8A11485562FB4902134E6AC952FD5320A4F7C780882DA9684285CD81D278C0E8FF8DEC9F45D22DC3C2CA99C2728110888799575B6834BF22B0F01EDE72D7F21B672C40F0A972999E2200B7C91403F9BB3D09C01990819238CBAE5E7510
311
D7D57450507E3DB04AAA0A3C280064E0775380C8C16EEA4834346A04BF0CE847B4B3AF760D06D24BBB267C32E2C9257DE5EB748AD101AF1FD33265E2B674EED8C01A0AC901392211011AC810560F77778E85B13BAFE3E25C95B70919A4862C15928BD8989664AD8638101D009A80F00BDC41AF27602A4BDA0C077E550048E7
311
F1011410F01405045E1C140B4D0E70E0F6E034171C3D6FD12004FCC1FA304312518910356628A4A326EC9ADF5DFFD1B2C0399503F14B4F8E3E0E4E39A06ABCB56A8014687E86E462BDDE5124615ECDB412B7314F62E6E0C76ADEC0F717B360E741960104CF1706CFA18E0605004B01AE007869B095ED92144A807841EFF281
311
1C047889A04901C809062057192688C92346F97F279449F89B113500BAD282D1DA80A55C27EFFE02C8D4F395003F285B617BBF0831F49B055342DDDD414378E8888E92C16789F269A27C9A221FAA4A0DFDDB9F935B2ECC04DC51481558A69301E0460B02665AC4DD30C03D480866C3409400051811876014C0F294C542821A
311
B045011A3E3F09001FF304E3A0BED05CC11A811B865001769507FC01ADC611F400CF68C7B093606E30F3C7E0F00C1D10C31951C1E2D7252181DA00345842A19130715C736EC9ECE686A712FDB31E4D3E50AB336E5666D7B212C0113C4A4406029709B43D0228F3FBAF49921B19CA0C82A2D5BC4A2079809240F37D3E10F963
311
7607C3983F0458508A98B8B4EFC92AC13530180CF55359500080061DF59B98BB3FEACEE881DC8127F182A885A86FB12B43C590A4380504E32305E3148BBEEB2D2782029765428092545BA5C2C681FC5F8E869C0EE1034A822FF09A12C94084505AA868080303473F8161F7AA0A6610745E280BE4427FB770106F8800EADABA
311
19F453210435BDB2348471B13B65F2FCB554827632C4C44467333E4127095D22092ED492009930413251B5408345065065E415266E20279A40B3F520370BE2050C8360E6BB4601C1673B9BFE007EF5200B6483CD195400A783E6DEA0653515B0FCE8E86D1618FC1EFC15C2E727F24F2A2DAB57326D8D0877D4E298894E7A0C
311
3C7D9CE8A0E2D17AA2020FA1097D6372F2A9F955060FDD467AD0426368C24A8340FD0D6687A76316DEF5179ED9042005A2BF02A5DD810A4DEFA4A8F700EFC50FF4FB8C06410F0303C106ADF8852ACC6A2CA9046E9ED070739339857222CC009E206479886EA26227BF7A341A15C351A8404A6C10080A2140FA4B4E8D9B9A11
311
645899332363FD69887F436A660566964250FD752E787B64BCF8E6C8190DF8EA0C854C062D8A5A1346F810414313E606ECA0AC3A01D6928544029D5F42E202C0CB386F880F7842A31287061F32F3CBE09F2950783394F2F2B23D85386C6F51943E99DD10C8A0000BA9569A14805693274BD0E4F4DC3F28E331EEA91C4F33AB
311
E057889BFB92819187840A08E57A276A8BFCB75B0342668C70C565C8059996D209C2800941A21FB82B2F520BC2E6FE6F1A8827043DE17000DACC8193E78BBB8DF1467978C06F6AFE986123E3A95272CAC122046F4C65C4B88FED2F1CD1D918F7CDBF8903BF1A90057D42F4DC133AF804ACBB58446A0DB78806FC053FA1E45D
311
0AF1112613CC0DD976C5E70AD3282F42725C0D02AC8588DE451B1C01ABF063E7748A3882F0DD484BB78D037F9812240EB88B6034C0AD53E5116D4C6D920C6A89F084E6D0598AD7EB6930CC7B293E27A666E5CDFE9A3FA52FEB3C97976FDAAE9A60008FCA6B33099CF9880D35D419FC687D424378E3099441E110C5B3C6DC31
311
1E6653514A67A530D863326C4D8430E0C28024803B5B069B0E60C10EDB6DF087034171DF01F1F3404B27B1056D8C0E56E7CA6056E7798147BE4C2F01CED5987E413AC6A724876DE3F599E0601CE7B9CEF3BEB3671E12DCE8AF9631B8031D3F360B6955DC2342B2A0E4632A00264C0DA002220CFEC3E10D9BADC8904D88DC51
311
928593AA16C91DF6FFF82B3234404C7214D0F8608E0052283EFB2B0563F1D072936C4017706010BCF1B16CDE0C1FA9C777E44E1F5259B0C9BBC8794A82A6C182A3AF56B16921405351FDDC91B5BAAA617860E8D76C97C377FE701A4EB4378FA97C2C8E3CC8950886C6FD93AF70A1F5F676B7ED16CBC56AF5D09110EEB8607C
311
C08A795882358280DDB98AFFE7087C6EB593D62F041CDB4018935238E73F1098100D0C8769818F777057F64C703C6530E142FDF5C837AE1CF66C94C4887D3A3726AB990DEA248F73B5D32C8E04F6714B1E67C53FC52040252E605B322407CBF8C7F05453462A295ABF4D95592DDD76AC23512E9A2DF964715C80DD752CA8E2
311
63AC36F02C3C28A133EB22AC8D099BDEFDE28C3E8FFEE3815D5D00C17C00511058354D62443C1A546280E43572A9C661A34FA5891F8E7570608C8DF21DF51DF9D2A84D4501F41B8CD4F4C9DEB2F901E810C0E4CEB6EC08DFB06341C864CF8D0EEE779A606545E1E64AAF30A4324C20FDD3BD558BD966BA994FA915CD162B19
311
78642AD01694E533EC190368A68234657085B5F88E27A0805E04B8BB6A00A51646EE3C10A50FF007FF410F1963CA69BE2002F0F902E701AEC995FD41F83A3F0C3809A3288A083003A6CC2A20E6D703EE48E3777AC07ADD51EB6101603A9FCF17B3D5928F6D742EE7E4CF38AE2B03C5FB39C81D7B2978FAFE85AF3D2710B058
311
2C970F0FEB0E4D1103B8BE2B4D560CA10002FC8F334C891C07B44FE06B2E3ACE5E1E2D1FC32203110ABF9CA0E8381F68EC3C06701328E5A38278A5FCD944CEA5283DA933DF2A2448BD23F1C5D8BE04CC2DC3B43B3EEC29F8B5FF926D11D3E97EBF7FA1BD1E5E5F5FE6D3D972F548547783146ECD84873F377C5820F7F9FCE5
311
E07378D6CBCB7E036DF7F7104079A05B77C6942D1BA95D47424BFC3DB6411009A42E207871B7EE9B06614BBD20F22F7523FB985F3F7068E37600273A3ED0C1CCC380F6EC4AF01CC1CF95E4848B7BF950AD14C44F10460221E02D21D01DAE800F323704C00035DFE97CB37F797D3D1C0E4FBF35EE1E5E9E0E879FBF3DF6F474
311
780A01FB3DAF01FE0C0798218007C2090A3008BA7682A338F4A8804A06CBFE6A80CEC766F49853F15B2F45FCEA3F8250012841315016E75E797EFEEC4ACA6C79F515CF1738F7C36E2406071051043817C9E8C5888D49D0332E800062FF54FA562BF7446CC0BFDFBF8603D1FEFCC9F7FFB5A7F000430755C2D3F72F2D02A022
311
820897ABDD44594475BDCCA4A10AF34C06B08B4AB58BBFAE30999DC66C7CE903A83CF8EB006EEEAA063430F84B05F0ECF644825F5E95073870E72A0771AB89B080022A0C5A9FAF34C89286257FB7BEA000EC65B59750C68E0815B0D9834B15606328F80709DE09018AC2A7817F83F96DB3D562C10A0A31300230CD4200B87F
311
85808BAF64D04600254047F9C14DE93464009E7F5AABB4FDD6D55142A2C0BF1541FCE19C20C899BF4F76AB54B84CB97F88F48ECC029FD253F0C70DF4816B9AC94BCBD653B1A283C4001A0337955E4AFED3FB790B6B1F5EA0B5514074103A38D84280EE0F5F9BE974EAB2D16AB1EA969684B6E4166CA28264B300474C7308D2
311
0013B204A65F82970718D05678B3315D442E1C0A327E2F56556040C005D2FAB1326A68A07507C9E46A3648555A7080F5F50219A00E6222E3E0862CE95B5680930530742F1D041805E69B788161F015944D041182B861A2C17F3AF01CF5BFDF6C343F9171F5B004BF59C016719164B888EA206A02AD05E8464D06B48E4381A0
311
E9345FD171625AC22198F57C003BEA5510F81FF78D31C9B033D0030000000049454E44AE426082504B0304140006080800EF5E645228BB58AF800100009E0500003D00000032364136353746362D444639362D344342392D393539372D4633433838443846414143352F536368656D61732F436F6D6D6F6E536368656D612E
311
786D6CBD544D4FC23018BEFB2B96DE15493C78601010A34B880709DEDFB52FD0D8B54BD70DF6EFED3AC0B12E6442E2716BFB3CEFF3D18E26FB440405EA8C2B1992E1C323095052C5B8DC842437EBFB673219DF8DA659866649B798C078B48AE6410122242F2A4994AC7F93815DF85C049C8564CA0A901499DD886B2EB9B1E0
311
2448F358701A9235880C49A0119892A20C89D1B9FD768815CAD268CB5E0355B40B1E47F3E37A2020464BED06AA57CE8FCC20C3C3446D46761A2632A8C1283D07031EFF2AE7CCB1BFEEE916E406DFAC8E36FFD99A9D60A6944090EEDC3B670C7DC13DE86B6B2C5C240D6E503BB85ACD579D513F1B9F9A69DC9CC22AFA80C426
311
D40AF0B21EA168559156B6276F0F726A6BFF04DCD513A87A62CAD41FB24FCB2858B3952E3D852084DA25B9303C15687973CC8E8AAE11DF2836C38C6A9E765E8C1BA1BFB1DC29CDFE518C8B5A7655A4ED7E77291ABEB80DBD82EC866ADE1B8D05AF9E35CF09D7A061F38A986D9EC412B8F0F65E5D81534D9B231D1E5A8FE577
311
A241F3A5FD01504B0304140006080800EF5E6452670136ADA9040000B41400003E00000032364136353746362D444639362D344342392D393539372D4633433838443846414143352F536368656D61732F47656E65726963536368656D612E786D6CDD586D6FE3360CFEBE5F21F87BD3245B0E2D90F4905CD12E1F8A0CCDF5
311
BE0A8AAC24DAE417C872DAECD78FD48BE3D44EE3B5C3E16E010EE75A34C5877C48911A7F7E4914D9095DC82C9D44835E3F2222E5592CD3CD242ACDFAE22AFA7CF3CB785A14C22CF95624EC66FC34BF253BA626D1BD488596DCBD8F2E6FC6335608B7F428D258E807664080A98384D9E75E22F16B2CCF05D32CE502359492C8
311
78124DE31DBE89612BB196A934605E44F272A5249F446BA60A11112D589CA56A3F898C2EE16F6B136C595C7AC3C2FF076D3D808BDBC824572211A961A8D96E393F7AF5806BEA91EDDFB1ABFB769EB08DE8BCDFE27EF98E9DE0ABCE3BFCA1C54E8AE777ECE2BFFC92A94C87EDE6A9111BA1ADE75C74BF391275D33FAAC5FABF
311
89F1D33C9836CB3225980B2A479BE96A4FB3D59F821BCF11CF1FC55602586C7191D99E2C9C0CF2B8A662E3484E59466361985485D7E248E7953C01F19DA23B9D256461B6E09C40FF02D1DEA98C19EBAFBA4659184B7D47DEDF22E2F53DB017721B164F5B845961697F0C699AAC2410982C385725A6361A500F59CD848221F1
311
03A8C1A7CA84A55F407794695C905C688E69B111550ACA946B9B4785FC1BDE0E229240B62665328986D5B32C400CEDD88188F35AC25EBCD40836F47F35E5C0EA4B6F767B50568CFFB5665C505E2AD5EA8A9997205F50A2350EAB32C9294B0024108429953DF32C4D812E226658F78A490408362A94987E6F787DFCBBBABAAE
311
DC36758ADEE9B58B41BF0F35D87BB1E991E02BF0B513748E6C0AA2EB2CE56EC68E97585643D82DE284E51DE03E4E22B00738761F1E66E1616A03EE093B0327B6BB9797262B0DCD72C6A5817ADAC1C3C0A3909CF6639B404D18B15CAF4B3C09CEAA4414BD5F0723F059ED37048E7A64271711EDC9C5230F58FBDA5DE00DA512
311
CF04BA6671A0D201A83D2EC81D2EB552C7E5CD1BF9D6913567B2CD53A659AC362A2B200B440195E2ACBBD167A32A86F7874F7F00686DB55D163481DADE5E417E979BAD827FC6B2B0AD8A6AB1567038E466EB4B10C4C2F3F71196A09260938125FDAB8662456EAD68AB2F7C1DFF709C874887B76A4355564F017256531BF73D
311
7D754A40E23401DA38EFC907CF8D8E3C1E5E7505D8E432C60BE1EDA01E5166683F169B6EAC6EC046153F66C2BE0679FD3F407982ABFA28F92E0E457501938D96B12090869079360D3F947CA8BBC3D9FCE1ECF3C676C9BE80EB67CABE004FC290F8E26BE6A0371AD6CE66781C408A1FAA8CFFA63DD93A94CD5E1F3BA6A3DFB0
311
5B34E1247BB3949E3C332105035203136EA14AE89FF99E3E0B3C4EFE65C581A3A3D2D0EE84EFDB22B49DA31A07059E69B81628A8ED1228B63E42C3D840C3C01F460D1F331FE199821B03F22CCDB6DBF074B49566B12C3B3626074EA1B130B4596BDBFBB642A835954A9509E5769234228129889952870EEE13F494954AD7A2
311
7EAD09411BDEEC5B6B6AD752C11509F826EF4007E86281B1AE63750FD09DBA87A34EF4CE2A75F3E85960004EA6B519F4806609E8C91CD18380BD81691D9F2CB5730631E6DDBAFBC30E96D3E1D3D67EE8FB72BAD92AD4C1FD3CEDFBD2681858ED6583CA3853294B80AF67AECFAC6418D08164D5FD1E52E8B546BCC77B87C6E9
311
D1655FFD384FB26A28AADD82E04B9C64EBF78FFF00504B0304140006080800EF5E64528DFFFC99640100009B0300004500000032364136353746362D444639362D344342392D393539372D4633433838443846414143352F536368656D61732F52656E6465724D6174657269616C536368656D612E786D6CA5535D6BC23014
311
7DDFAF08799F5FDB600FADA20EA430D968A7AF12D36B1B481349529DFF7EF9A85A718860DFDA73EFB987734EA3D16FC5D10E946652C4B8DFE9610482CA9C8922C6B5D93CBFE3D1F0291A6B0D26A3255464182D920FB4233CC629881CD49C18508CF000E3EE309A100D61622AAB4A8A33B2483F11CB639C545B0E1508438C3D
311
3C0361192846DB7ACD198DF186700D182920B914FC1063A36AFBEE8FBA03FFD3CC1D1F4FC9E151A2AF59F628C5B7821D83FDFD3489305080F2EE04BF962195FB285E9D2DD352320A9E827AE357594914E42B1F5FE35F83688F60C4C91A6C946ED0668E8F244BC2EB0BA6E3BCCFC0B6A4B507F9F9F8D51EB315D9BA9E08D308
311
E89F96931666E577837E2B4172199C68C4FE306156D47DF51C698C7B9D97FE5BEFE2190C3C38BB054E6E8163FB039CB4B993C80BF18D969203116D6BBD26238B821F9BB909AD6D9C71B85BCD8C33D66FEA3D31B4BC0AD45BEA46BBEDDFEC0F504B0304140006080800EF5E6452E618326A5100000057000000470000003236
311
4136353746362D444639362D344342392D393539372D4633433838443846414143352F4173736574446174612F41737365745461626C654F66436F6E74656E74732E62696E5361606070347633323435B0D435B334B6D035717271D5B570B530D33531313733723173353373731602AACB4D2C492DCA4CCC492C28484D2C4A
311
CC4B4E050A82012F90744FCD03CA26072767A4E6260200504B0304140006080800EF5E6452C55C663656000000680000004500000032364136353746362D444639362D344342392D393539372D4633433838443846414143352F4173736574446174612F53747265616D56657273696F6E5461626C652E696E665D8CBD0A80
311
300C06F73E4B29FE6CDD8A2E82A083B8B7F209014925C9FBA3AEAEC7DD2555D896CB85E51C2A1BD834F6A1F56EC4494C4695278364ABB24ABD2146F88CCEBB89D5321FF8F3F43D672A3B44DF3CB6A1710F504B0304140006080800EF5E64521ABE4CDA37010000A20400003600000032364136353746362D444639362D3443
311
42392D393539372D4633433838443846414143352F4173736574446174612F636E782E786D6CCD94314FC3301085FF4A64893176925209558E2B044B2790A818D8AECEA55875ECC8BE20F8F7D86D0650115387AEA7EFEE9E9FFC4EAE3F075B7C6088C6BB96D5BC62053AED3BE3F62D9BA82FEF58B15632784F3F30563818B0
311
65B9CC94DC073F8D73A9C31E269BABD6B8C35CBC8F11690B3B8B4FFD8377848E222BB485185B16F53B0EC06122DF613CF00E0878CD03463F058D69129901E7493A2010764C35555397D5A2AC6EB775BD5A2E578BFA4D8A4C2AB9F3DECEBC49CB821F6F9A4A9FF6325549910125A760662ABF86A9BF54F29D71522452C94821
311
B93277D0D7983A601CADD140C93CE1352195094218A438C14A8AECC22F2F1EB137CEE4964D9206E4C3731288810C5EA127FFA9BDBC371B17099CC66B76E45CE3E57D7839FEA2D7532C8FB9B9BEB49C6BE4C6F517C88A389E93149D7C5DD437504B0304140006080800EF5E645253B1BF5CE600000060010000670000003236
311
4136353746362D444639362D344342392D393539372D4633433838443846414143352F5265736F75726365732F41334632313530392D363933382D344244452D384538362D3434373632443645363646432F7468756D626E61696C2F302F636E782E786D6C4D90C16EC4200C447F2542EA3101B25DA95A11F6277AEAA5A2C4
311
9BA2058CC054EDDF175A0E7B1A6BFC6479465DBF839FBE201787716372116C82687177F1D858A5DBFCC2A6AB5619911E303645136063DD665A1D196B1AD60E37537D77BD8BF7611E10213BFB9EE2C126EB4D291B2BF61382594C25DCA1DC97DD9059E492A160CD16DA017201C6019BC110EC4CAF6295B338CDE2F955CACBF9
311
7C39C937C53BA9D507A21FBC8B0419D3D32A2CB631B67F84E21DD0AA6637A81E82E987E7146F4BAD0AE5967F40F4931A6452F2CE1A6A3571B4043437084C50FC1FD68AF7BC4DFECA68DABBD1BF504B0304140006080800EF5E6452A233C2345D000000800000006500000032364136353746362D444639362D344342392D39
311
3539372D4633433838443846414143352F5265736F75726365732F41334632313530392D363933382D344244452D384538362D3434373632443645363646432F7468756D626E61696C2F636E782E786D6C4D8B490E80201004BF42E6EE76F3C0F216234B883063108CCF170C074F95AE5473F5C4C06E932E4F286019676006
311
77D21E9D8092EDB002539227A2FCCB80E1168D80A6417297A89C5D6963B7129A0D1E8F2EE73AA7B62BBEB8B27DE50B504B0304140006080800EF5E6452BE89762363000000880000005B00000032364136353746362D444639362D344342392D393539372D4633433838443846414143352F5265736F75726365732F413346
311
32313530392D363933382D344244452D384538362D3434373632443645363646432F636E782E786D6C4DCC3B0E80201004D0AB90EDFD75167CCE820A4A845D83603CBE602CAC26799919AEEEE0D965E2E908050C6D0FCCE04C8BC355404EB6198129C92351FAD580A10E464065907C8D948F8F166375F655BDC3FDC3B4E530
311
A176BE7057BDC43B2A593FE403504B0304140006080800EF5E6452B37D3AFD80000000A30000003600000032364136353746362D444639362D344342392D393539372D4633433838443846414143352F5265736F75726365732F636E782E786D6C4D8CCB0EC22014057F85DC3DDA075E6902346AE97F349636440A068BF1F3
311
2DA60B5727999C19D17E1647DE26BE6CF012CA4301C4F87B18AD9F25A475A21C48AB440C61FDBB01F1C36224640C4ACC31A4E78E46330DC965EAAC7FECF052F755792A1A8A4DCD29BB769A72CD913276C6AA438DD8DF36E398956D7EBD6D735E7D01504B0304140006080800EF5E6452ADD7A2760B01000055030000340000
311
0032364136353746362D444639362D344342392D393539372D4633433838443846414143352F536368656D61732F636E782E786D6CCD93BD4E042114855F654262393033EB2666C3B08585958D5AD921DC5DC90277C28FD1B717468ADDC44E8BEDE0E4CBCD39072EDF7F3ADB7D408806FD4C463A900EBC426DFC7126391DFA
311
3BD2ED050F88E90C239D970E66526522F831605E9AA4E120B3ADAA35FED4C47B740EFDB37A072749A7AC8C712671BD5299136A8827AA659274A40122E6A0A04C48C6419BA002C8049A886998C67ED8F4C3EDCB38EEB6DBDD667CE5AC9282BF21DAC61B9F20E072330D0ACBD11743036715103C07D3A89A82887377B4F4C159
311
21048F2994161A99BE9642CA65B146C954CA622BF8C308CE6AD88BC80FE0211875AD992FECFD5BE827F01AC26379A960A4BDD6ECBFB9FC5B056CDD80F20DEA42886F504B0304140006080800EF5E6452E3603EBE7A000000C20000002C00000032364136353746362D444639362D344342392D393539372D46334338384438
311
46414143352F636E782E786D6C6DCD410EC2201085E1AB90D9DBEACE05D09878023D01A1D34A8419C380F1F82DA68B9AB8FDFEC93C3D7C52546FCC12980C9CBA232824CF63A0D9402DD3E10C6AB03A3397DD192872090D3406ABE7CCF5B5D18893ABB1690CF4DCF02282E5EA8A5BB96FFE536F285CB347F95BEFFE81C9ED5A
311
FF9D5B1FB575BB00504B0304140006080800EF5E645233D1F3D27D000000A300000007000000636E782E786D6C4D8C4D0AC3201805AF22DFDEFE6B14A2C11ABC47684C90182D36961EBF5AB2E8EAC1F066DAEEB37AF4B6E9E56210703E9C00D9F088A30BB380BC4D9801EA649B62DCFE6E80C2B05A0115836CE714F37347A3
311
9D86EC2BF52E2C3BBC5045496328EE0DA7F8A6EF1C73C21B6CAE9AB19E19A53429C6B12A657EBDB2352FBF504B0304140006080800EF5E6452CA1DF9C9A900000073010000130000005B436F6E74656E745F54797065735D2E786D6CA590410EC2300C04BF12E5DEBA70400835E500FC800F84E0B411AD13252E2ABF27A557
311
40421CEDDDD9B55CEFA7A117778CC979527255565220197F75D42A39B22DB652EC9BFAFC089844F65252B2630E3B80643A1C742A7D40CA8AF571D09CC7D842D0E6A65B8475556DC07862242E78CE904D7D44ABC79EC569CAEBA537E3521C16DF5CA5A40EA17746733E0B6615DE7217475F386F18B9481C510F1F021CD9FF02
311
7EA0E1F5C4E609504B0304140006080800EF5E64523DEE336E64000000790000001B0000006175746F6465736B2D64657369676E2D7061636B6167652E786D6C35CBC10E83200C00D05F21DCA56CA76D41FC96062B120735B69A7DBE268BB7777961F8D5AF396893C2ADB70FE7ADA196782C2DF776D7A97B5933C430F15651
311
E5469C55D70F80A4992A3ADC954792C525AE70A1E4D6AD9816CC044FEFDF01FE3FDE907802504B0304140006080800EF5E64526F399AFBF9000000960100003700000032364136353746362D444639362D344342392D393539372D4633433838443846414143352F4173736574446174612F636F72652E786D6C8550CB6E83
311
3010FC15B477838D499A44C61129E10B7AEACD320EB5126CE447D5CFAF1DA8D49E7ADAD5ECCCECEEB0F3D7FC283E95F3DA9A164889A15046DA519BA985186EE800C59933676DF84583C28859B59061E06C72362E1B24AD09CA64D4D8516DA0F05E0528E423352D78F9A166518A1812C3DFCB45C8BB985449CA95C7598C7ADC
311
A47A4C6EFAA695037E2503BD0C438F5EE970410DDEEF51D7E323EA30AE0FC30BAD9BEB915559CC59D0F3CF76E994086A045EE39A204C116EDE0839ED76274ADE5995999CF9E0D2CFDBD2FC1DF02E5FDD8B2058B54EFFB8C665FCDF356A1368BDB9AE0A0F9CA4239F03CEAA9C522ACF0853CD89F26F504B0304140006080800
311
EF5E6452831D292DF40000008E0100006800000032364136353746362D444639362D344342392D393539372D4633433838443846414143352F5265736F75726365732F41334632313530392D363933382D344244452D384538362D3434373632443645363646432F7468756D626E61696C2F302F636F72652E786D6C8550CB
311
6EC32010FC156BEFD8609C34893051D2C45FD0536F08888B1283C5A3EAE71762576A4F3DED6A76667677D8F16B7A549FDA07E36C0FA4C650692B9D3276EC21C51BDA4175E4CC3B177FD1A0B262D23D1418381BBD4BF30A4967A3B605B54EE9151421E808957CE4A687203FF4246A916266847B3D0B7917A3AE49BDF0384BC9
311
A8556A54763337A33DF02B19E879182EE8950E67D4E1ED169D2E788F4E18B7BBE185B6DD75CF9A22E62C9AE967BBF45A44AD80B7B825085384BB37420E9BCD819277D614266721FAFCF3BAB47C071CB36641FFB8A559FDEF968C8DB45DDD1645004EF271CF01674D4927976774B99624F937504B0304140006080800EF5E64
311
520FF7ABF9FB000000960100006600000032364136353746362D444639362D344342392D393539372D4633433838443846414143352F5265736F75726365732F41334632313530392D363933382D344244452D384538362D3434373632443645363646432F7468756D626E61696C2F636F72652E786D6C8550CB6EC32010FC
311
156BEFD8609C34893051D2C45FD0536FD41007C5068B47D5CF2FC4AED49E7ADAD5ECCCECEEB0E3D734169FCA796D4D0BA4C45028D35BA9CDD0420C37B483E2C899B336FCA24161C4A45AC8307036381BE715EAAD09CA64D458A9565078AF0214FD989A167C7F579328450C89E11FE52CFA87185449CA85C7598C5AAE522D93
311
9BBE69E5805F4947CF5D7741AFB43BA3066FB7E874C17B74C2B8DE752FB46EAE7B56653167414F3FDB7BA7445012788D6B823045B87923E4B0D91C287967556672E6834B3FAF4BF377C0C33D4E1F46E89155CBF48F6B9CE5FFAE519B40EBD5755178E0241DF91C7056E594527946986A4E947F03504B0304140006080800EF
311
5E64522C5B667B0E010000B10100005C00000032364136353746362D444639362D344342392D393539372D4633433838443846414143352F5265736F75726365732F41334632313530392D363933382D344244452D384538362D3434373632443645363646432F636F72652E786D6C8550CB6EC32010FC158B3B360F873811
311
26B263F3053DF5866C92A2C41019A8FAF985C495DA534FBB9A9DD9D91D7EFA5AEEC5A75EBD71B605B844A0D07672B3B1D716C470810D284E82AFCE855F345058B5E8166418087E5D5D7C6CD0E46CD036A3D6CD7A0395F73A8062BAA7A6057EFAD08B2A550C89E16FE5434D3775D5252E5F3CC16334F3263573DA662E46AF40
311
8C58D25ECA019EA9EC618D1883DD800EB0438834724F493D1E7895C58207B3FCB84FAB5641CF401044304414A2FA0DE3E36E77A4F89D579929B80F6BFA7933CDDF01D15149F02EED6707DAC0BA1F46D88C0D8375BD6764602363F2CCAB97F08F617CCCFF1B466303259BE14BE181C0E9FEE740F02A0798CA33DD5473D8E21B
311
504B0304140006080800EF5E6452FB65FDA6FB000000960100003700000032364136353746362D444639362D344342392D393539372D4633433838443846414143352F5265736F75726365732F636F72652E786D6C8550CB6EC23010FC9568EF4EEC2450408E1114F201554FBD59CE122C881DF951F5F36B432AB5A79E7635
311
3B33BB3B7CFF35DD8B4F745E5BD3012B291468941DB4193B88E1423650EC0577D6865F34288C9CB0830C83E0A3B3715E20654D40935163075C40E93D0628D43D351D7875C549963286C4F0B77296EA26472C59F9E4091EA31E16A91E929BBE687420CEAC6F8E7D7F22AF4D7F242D5DAFC9E144B7E44069BDE95F9ABA3D6F79
311
95C582073DFD6C570E65C001444D6B46684368FBCED86EB5DA35EC83579929B80F2EFDBC2CCDDF8178436FA353E879F59CFE718DF3F0BF6BD42634F5E2FA5478102C1DF918085EE594527944986A4E547C03504B0304140006080800EF5E6452196B6F07F8000000940100003500000032364136353746362D444639362D34
311
4342392D393539372D4633433838443846414143352F536368656D61732F636F72652E786D6C8550CB6EC32010FC156BEFD8609C34893051D2C43FD09E7A4386382831583CAA7E7EC176A5F6D4D3AE66676677871DBFC667F1A99CD7D6B4404A0C8532BD95DA0C2DC470433B288E9C396BC32F1A14468CAA850C036783B371
311
5AA1DE9AA04C468D956A0585F72A40D13F53D382EFEF6A14A5882131FCA39C44FF10832A49B9F0388B51CB55AA6572D337AD1CF02BE9E8B9EB2EE8957667D4E0ED169D2E788F4E18D7BBEE85D6CD75CFAA2CE62CE8F1677BEF94084A02AF714D10A60837EF841C369B03251FACCA4CCE7C70E9E77569FE0EF8DB7CA767D532
311
FBE31927F9BF67D426D07AF55C141E384927CE03CEAA9C512A7380A9E63CF937504B0304140006080800EF5E6452C4881DC401010000D80100002D00000032364136353746362D444639362D344342392D393539372D4633433838443846414143352F636F72652E786D6C9551C172832014FC15863B2A1A8D66908C35E317
311
F4D41B9517C3248223D0E9E717AA9DB6B7F604B3ECEE63F7B1F3FBFC406FB05A65748B699261047A3452E9A9C5DE5D498DD199B3D518F78386911633B438C298B369357ED9A1D168073AA2DA48D841612D388CC647B8B4D88E37984522BC0B0C7B4F1631DEC504094D361E674ECD5FD27105E140629E6739255941B2C333A5
311
A7B23C15F485A591C99957DA15F93E0CE65790C82C2E44C2BC2C58BA3D079A57722729193EA9AE0AD6E05C7555791C2A72199A8A1CFAA7863465732443D1D7F5A51EBAAE2F8349107366DD1AAAD94D62097F956FC25FD1FC22FF196D5358CCE977A834F6CC59FAB98470C69DF00F504B0304140006080800EF5E64525255FF
311
E808010000B201000008000000636F72652E786D6C8D50416EC32010FC0ADA3B36D84E9A44982869E217F4D41B35C441B1C13210B5BF2F24546A6F3D2D9A99DD1986ED3FA711DDD5E2B4352DD0820052A6B7529BA185E02F780368CFD962ADFF250364C4A45A483070362C36CC19EAADF1CA24D458A932289C531E503FC647
311
0BAEBFAA491422F8A870B76216FD4D0CAAA0C553C799D7D3CF6ABF28E195045E918A625263D2BC51BA5BAD76357D67655272168296D94ACBE8AE2F5A2DC0CFB4AB8F5D77C2AF7577C40D59AFF1E144B6F84048B5E95EEAAA396F59999639737E897FCE47624E8F9CB8275F563E29CE3EAC1DB3208692C89AF10B38616522FE
311
840EB3FC47686D7C5DE583CF0D079CC6400F221AA706E378D41B676A9B7F03504B01021400140006080800EF5E6452E64679CE4A010000A80100004F000000000000000000000000000000000032364136353746362D444639362D344342392D393539372D4633433838443846414143352F4173736574446174612F446566
311
696E6974696F6E4974657261746F7250726F706572746965732E62696E504B01021400140006080800EF5E6452697FEFCF24010000300200004500000000000000000000000000B701000032364136353746362D444639362D344342392D393539372D4633433838443846414143352F4173736574446174612F496E737461
311
6E636550726F706572746965732E62696E504B01021400140006080800EF5E6452B5A795FFE3790000DE7900006B000000000000000000000000003E03000032364136353746362D444639362D344342392D393539372D4633433838443846414143352F5265736F75726365732F41334632313530392D363933382D344244
311
452D384538362D3434373632443645363646432F7468756D626E61696C2F302F67656E657269635F706E67504B01021400140006080800EF5E645228BB58AF800100009E0500003D00000000000000000000000000AA7D000032364136353746362D444639362D344342392D393539372D4633433838443846414143352F53
311
6368656D61732F436F6D6D6F6E536368656D612E786D6C504B01021400140006080800EF5E6452670136ADA9040000B41400003E00000000000000000000000000857F000032364136353746362D444639362D344342392D393539372D4633433838443846414143352F536368656D61732F47656E65726963536368656D61
311
2E786D6C504B01021400140006080800EF5E64528DFFFC99640100009B03000045000000000000000000000000008A84000032364136353746362D444639362D344342392D393539372D4633433838443846414143352F536368656D61732F52656E6465724D6174657269616C536368656D612E786D6C504B010214001400
311
06080800EF5E6452E618326A510000005700000047000000000000000000000000005186000032364136353746362D444639362D344342392D393539372D4633433838443846414143352F4173736574446174612F41737365745461626C654F66436F6E74656E74732E62696E504B01021400140006080800EF5E6452C55C
311
6636560000006800000045000000000000000000000000000787000032364136353746362D444639362D344342392D393539372D4633433838443846414143352F4173736574446174612F53747265616D56657273696F6E5461626C652E696E66504B01021400140006080800EF5E64521ABE4CDA37010000A20400003600
311
000000000000000000000000C087000032364136353746362D444639362D344342392D393539372D4633433838443846414143352F4173736574446174612F636E782E786D6C504B01021400140006080800EF5E645253B1BF5CE60000006001000067000000000000000000000000004B89000032364136353746362D4446
311
39362D344342392D393539372D4633433838443846414143352F5265736F75726365732F41334632313530392D363933382D344244452D384538362D3434373632443645363646432F7468756D626E61696C2F302F636E782E786D6C504B01021400140006080800EF5E6452A233C2345D0000008000000065000000000000
311
00000000000000B68A000032364136353746362D444639362D344342392D393539372D4633433838443846414143352F5265736F75726365732F41334632313530392D363933382D344244452D384538362D3434373632443645363646432F7468756D626E61696C2F636E782E786D6C504B01021400140006080800EF5E64
311
52BE89762363000000880000005B00000000000000000000000000968B000032364136353746362D444639362D344342392D393539372D4633433838443846414143352F5265736F75726365732F41334632313530392D363933382D344244452D384538362D3434373632443645363646432F636E782E786D6C504B010214
311
00140006080800EF5E6452B37D3AFD80000000A30000003600000000000000000000000000728C000032364136353746362D444639362D344342392D393539372D4633433838443846414143352F5265736F75726365732F636E782E786D6C504B01021400140006080800EF5E6452ADD7A2760B0100005503000034000000
311
00000000000000000000468D000032364136353746362D444639362D344342392D393539372D4633433838443846414143352F536368656D61732F636E782E786D6C504B01021400140006080800EF5E6452E3603EBE7A000000C20000002C00000000000000000000000000A38E000032364136353746362D444639362D34
311
4342392D393539372D4633433838443846414143352F636E782E786D6C504B01021400140006080800EF5E645233D1F3D27D000000A30000000700000000000000000000000000678F0000636E782E786D6C504B01021400140006080800EF5E6452CA1DF9C9A9000000730100001300000000000000000000000000099000
311
005B436F6E74656E745F54797065735D2E786D6C504B01021400140006080800EF5E64523DEE336E64000000790000001B00000000000000000000000000E39000006175746F6465736B2D64657369676E2D7061636B6167652E786D6C504B01021400140006080800EF5E64526F399AFBF900000096010000370000000000
311
00000000000000008091000032364136353746362D444639362D344342392D393539372D4633433838443846414143352F4173736574446174612F636F72652E786D6C504B01021400140006080800EF5E6452831D292DF40000008E0100006800000000000000000000000000CE92000032364136353746362D444639362D
311
344342392D393539372D4633433838443846414143352F5265736F75726365732F41334632313530392D363933382D344244452D384538362D3434373632443645363646432F7468756D626E61696C2F302F636F72652E786D6C504B01021400140006080800EF5E64520FF7ABF9FB00000096010000660000000000000000
311
00000000004894000032364136353746362D444639362D344342392D393539372D4633433838443846414143352F5265736F75726365732F41334632313530392D363933382D344244452D384538362D3434373632443645363646432F7468756D626E61696C2F636F72652E786D6C504B01021400140006080800EF5E6452
311
2C5B667B0E010000B10100005C00000000000000000000000000C795000032364136353746362D444639362D344342392D393539372D4633433838443846414143352F5265736F75726365732F41334632313530392D363933382D344244452D384538362D3434373632443645363646432F636F72652E786D6C504B010214
311
00140006080800EF5E6452FB65FDA6FB0000009601000037000000000000000000000000004F97000032364136353746362D444639362D344342392D393539372D4633433838443846414143352F5265736F75726365732F636F72652E786D6C504B01021400140006080800EF5E6452196B6F07F800000094010000350000
311
00000000000000000000009F98000032364136353746362D444639362D344342392D393539372D4633433838443846414143352F536368656D61732F636F72652E786D6C504B01021400140006080800EF5E6452C4881DC401010000D80100002D00000000000000000000000000EA99000032364136353746362D44463936
311
2D344342392D393539372D4633433838443846414143352F636F72652E786D6C504B01021400140006080800EF5E64525255FFE808010000B20100000800000000000000000000000000369B0000636F72652E786D6C504B0506000000001A001A00210B0000649C00000000
310
504B0304140006080800EF5E6452000000000000000000000000370000006662782F30373845464137422D373934352D343446432D423639332D4633353538453333373436312F617474726962757465732E62696E504B0304140006080800EF5E6452000000000000000000000000350000006662782F3037384546413742
310
2D373934352D343446432D423639332D4633353538453333373436312F76657274696365732E62696E504B0304140006080800EF5E6452F270F1330600000004000000360000006662782F30373845464137422D373934352D343446432D423639332D4633353538453333373436312F747269616E676C65732E62696E6366
310
60600000504B0304140006080800EF5E6452B5A795FFE3790000DE790000420000006662782F30373845464137422D373934352D343446432D423639332D4633353538453333373436312F7265736F75726365732F322F305F67656E657269632E706E6701DE79218689504E470D0A1A0A0000000D49484452000001000000
310
010008030000006BAC58540000000467414D410000B18F0BFC6105000000017352474200AECE1CE900000192504C5445818181B3B3B35A5A5A4848486060605C5C5C6464648383835E5E5E6262624E4E4EAFAFAF4A4A4AB5B5B54C4C4CB1B1B1858585B7B7B7585858ADADAD7C7C7C464646787878ABABAB747474A7A7A768
310
6868707070B9B9B96E6E6E6A6A6A8B8B8B666666545454565656A5A5A5505050A1A1A1BBBBBB8F8F8F9F9F9F4242425252527676764040403E3E3E9B9B9B7A7A7A8989897E7E7E9393939797974444448787873C3C3C727272BDBDBD3A3A3A6C6C6CA9A9A9A3A3A32020209D9D9DBFBFBF8D8D8D9595959191912626269999
310
992222222424241E1E1EC1C1C1282828C3C3C32C2C2C2A2A2A2E2E2E303030C5C5C53232321C1C1C363636383838343434C7C7C71A1A1A0E0E0E121212484A484C4E4C1616160A0A0A4A4C4A787A781414147C7E7C9193915E605E464846838583878987B1B3B18587856668665A5C5A626462818381A7A7A5A3A3A1B1B1AF
310
ADAFAD7072705C5E5C9D9D9BABADAB7E817EB7B9B7585A58BBBDBB4C4C4A8D8F8D747674B5B5B3B7B7B59FA19F606260ABABA9A5A5A39B9B99A9A9A78F8F8D6C6C6AC7C7C5451AD12700002000494441547801DCBD89771BD7B5A70B8EE04C702641712605CE034890E220088028C93245451215B713AF388E7DFD9EEDB8DD
310
CE6ABFF4B57D97137BE50FEFEFDBA74049B6AEED74869B7E87404D2814EBB7F76F0F67A8835CEEBFA0E42B854AA5B2BB5B6BCC951A8D52A93657A914FE0BEEE39FFE2FF395B9B9C6CAD2D4C4606F4B7FFF8D1B37EEDCB97587F7CD9B4343BD134BABE7DB48E3FFA7A228ECD6F6574E4786C0FC8B5FFCE2CD5FFCE297BF7CF3
310
CD5FFC92B52FFE58BFF9E69B776E0EF5F79E55CBBBF9FC3F5D3DFFB07F5898ABAF7CDA3B74E74EC0CE20230561BF096E97E05712BFFCC59BC80539DCE83DDD6E54FE61B7747DE17FB8980BBBFB2BBD4337DF487881AAE6C5ACC6AF25207877B2B527BFF1CB3B77FA47561ABBD7F7FA7FE146A5B6BD74E3164C7F51449AE95D
310
B412200EC539418717E7F2F11B376FF62E95FEAF1442BED0581DBCA1BD2780D23F506AFA16E1A7AD974EF17876F00DD7BCB187A1A97AE51FCED5BF2BC1F2BBE5B3C19BE27B43CF26DE00933658FE129B109C2FFF922CC22C4260FA01BEFB462A77DEBC35F42F600C3F5B0795D2E9E02DAD5E650B4438A92801B65C35CBAB7B
310
1EE5041CE69D3B6F1822DFB873EBD6AD3B6FBC71EBC6C86AE967DFC2DFA4CEBFF1BF54F6276EBC114E2F43FEC60B01A0D440A868B2920E5C4BC10D60931ADCB871F3268B21D3851B08E1D6AD9BFD4BF57F7577909FAB86F29B982571136AF01DF5FE32AC3BD9406CAAF2440A54CF176EDD01FBADA1FEFEFE21FE4C9858DFF4
310
183458A9FD2B6708A5A5A137E0EE1D11A9EC0C7C58B2C73C0AD6B479BD76B7790CF899E287FA5B06FB7B07C9195B7851FA8794031EF1FC5F9406BBFB23375420286399B631E93B08022A785C4DBF9996EC3551874094D71B6F487E80F6837E50F483BDBDBD83232323AC420A18C68DA196EDDADF68A77F938F78FD972BABBD
310
B7B87FB164AC6FC2CB760365821ACB74AED44FFAD7E7431ECD7E08AC421F391D199998989A383D9D98E8E56F84A318C58D9BFD2DAB73FF5222C8EFAEF4DE7AF30D756E5108683DA471E70D0502099A7240F19E4089D3FD203E620F1B47BF43501E85031AE44B4B9F2E4D2D9D4D51D8970983FA861B3706FF950CA170DE82F6
310
B312CC4F42C8966295F7D725ED29882415DC055F36DEA1FE96FEC141493F05FAA9A9A5A595B333DED5B3D5A533F62183323032F46EFF13EA0AAFA5FBF7C8976F8C10F7280A014832593B90004D52341980D907EAEB73411EB2F1EBC9F507F92746C40E7AE0AFAE54292BAB2BAB67CAE0746264A277B06508168C94BF772BE9
310
765F7BF0B548FE1E07F3B5A521340A5CB5297C4B12811B89E82191ECF3E41B3259C529F135E23CF4C7F961FB13537F5A02ECCAEA76B5BA5D3D3FDF3F2FEFEFB3AA22053E5008833428DC6C59FA2F770595F311F235D427F379BB8A121BD901B96076A388DC4C3C61C7933CCCD770FF375A6E0CE9F535FE2534BF5ADD3E3FAF
310
D71BF57AA951B6D4CFEBFB8864758A26154430080B06ABFF557610ECC93726224F155D1471041E0D42F82F4891C926C1355B0831649FF365F46FF05300A7A790BD8ADEEB0D4AA9569A9BDBADCCD56AA55AE377F5F3F3EA2A34983A1DE91D810543138D7F28E57FF4E2B5335A3928B76EA1CB9B00BF158C8F63A2E788826896
310
D0B5E7C461949ECE089144F8EBEFC7FB4D8C9C4E9DAD60F7FBE572B416C2F2423ECF8B86C439E450DA970634ACFDA977629098D0B2FAF313A36B3869E37AF7853378CDA1171FBEBA95DF1E44FD5144A420588641B0055A79ED91CC0DC41E27064512FB33F1F04D09D0D2DF0203A646A6CECE80DF28356A348CED8C4F1EF137
310
B9319E1BCD29867CA556AA97F7B757567006A447FD375A26CAAFDED9CFDCFB2BB0BEEE8AA5911BC2C7F85DF88A3775389990AA72219D582409210F85A4E66F2987D875C30848023088FDF77E87F96FD7CBA5B9DCCEF4F4C9FC7C676777577B7B7B67E7ECCCE4E8DEE85E81A6D55AA3BC7FBEB242589CE8ED4770E785D7DDE2
310
3FF2587EBF57F50B9E820527316488E5C32D50F979BCA58207297E2B6D658702FFCD211840FE43FC9F3A5BAD9E97E6F21B9FCF16BBBB3A3A5A175B5B1787875B5B3B86DFEFFC687A72674F19D46A8DFDF3EACA59E405375ACE76FFA922C817CE86A89BDD92F400F2C55B7462F610459837D3A61ACF50C7471C8F2F2A9D38C3
310
DA2F068007F80EFCDBFBE5DCC674B1D83EBCBEB8BCBCBC3ED0D3D333D0B3DE33BCBEB0D8DA35FBF9F8CECE68AE020BCE61C112A4C1138CD47F9AD13F7DC6AB9CF9CFCFAF9D0E01FFE6CD503F5B91C5218E2899CA15098714848B04FCE5654884ABF0E554F11F6C21D73D5D5AADD64B7B9327DDAD8B0B7D7D6D6D07070763BC
310
0F3E38E8EB4310EBEB8BC3DDB347E3E37B5842B97C4E44A0C630427E5CFDFB71E03F471E12CA9FF70E055AE141042DD81234B879EB4606361D9328149037D7D76A571A7E974FA20AD0323832713AB5BA7ABE3B3E3D3FBC30307070B0B9B645D93C3CDC3CDCA41CFC6AAC2D64D0D579B4B1B397A7C1BDBEBD7D36657A3CD4B2
310
F44F4909F2B9CA597F4245C59DEC354316F0587020D0C661742BC02869435FD12CF195C422DB3C5A3E2305C000CE6B7B27ED8B7D63079B5B5B878787C787C7C7C757C76C51B60ED60EDAFA06D67B965B3B672677080BB5329E60E9B477847AE2E9EB53E35779FD37EFCD2D0DDD68AA355B6B0D81860502B8B68C801F5C697E
310
9AD62F4B406244CB975560BAC756AAA577675B07C6D03778C17E7C95CAF1B3ABABE3E3ADADE3CDB1B1B6B681014470343EBA979F8B90383545727C63E43549D14FD0F927E5F1FDEFD7263058FE02EBCD1BDCBCA053496BD58E69BC44F9F854D4D979AE9ADB908824382AC1D4014E9756EAF9CE85B6B54DB01F02F8EA5908E0
310
D9D5F1B3E72188C3C3AB67879B07C8A0A767B8B831FE5E7EB754DEAE5261460243FFF07858D8EF0D658BDC563A2C5EF5833C13C90B69248C4DD97842B61DFA7F210A2F6108A0F96B62E2D3B3F3DD939EA47E30ABF5AB2B903F4BE5F9B36757CF65021E616DAC6F60A1FB647274B4B05B2E5341B082D43278F67D8DFDA48AFF
310
9A13F22B34C7586C9992BA6E66CABC190E313E7C811AA57304B421A75B289B9D174CC868C24548823E230B9A5A2DCD2CAFE1F98E61C015CA7E96B083FC59F3ED06EE60F360B3AD6F79787ED278D0A86FAFE00BA9220EAEFE1D5DE1F7855939C3FCC1332426B377F692406E022C010DB437EF009803F0DCFD3B7C94440571D8
310
F2C328F115F47FD324802070BAB43FBA80EFDB92FCA1F7E7CF9FA875CBB327CF9EB08C4DE4815BC4210E2CB7CF1CEDECEDCED5B757490968286899FAF95583BF46F9393CEE6A86D6F618CAAD9BFF0BE22B042412C5CFB50556815CC5BBE33E9F61ECEC26A9BCB8145FD10590078F9C9E953B513FAE1FE387FAC246E14F9E3C
310
E7F5F8194BD6594140876B6B84C5D6799C61A16434201E5237582AFD75C07EEED9863F463284E2E13425A036BD41061259289B6BDC1ED656FC8B8592C9D00701E27CEA749F0D8EF44EAD8C1F80FFF8F8F9D513191F6803384C800097F24069C407CFAE88136B7DCB3D5D4A60B711F19070D83235F77331FD35E71596688903
310
8E2E0B346EAB7936C4162043E1A1F144093695443A570144898BC4079CEF1912809A3035A1D3F361235F90FFF1E3E0FB93C7E2750719F88E7D8E68123883ADB5B18185AE99F1D11C1238A792DC4BEDE8EC6FF503DF377E0445F68FAF4E08D43082D02170F30131A154206CC559A8D9CFDD762B31273E4947A581E0D9BB71E3
310
3FFA07CD02CE2A6BE1EC80167497F2A81CFA3F7EFE58D0CF5D5D170DE4F89070B0BC4040CC17BEAC6B0586C3D3FF0309BC06F44B04A1E13729929B4DF73C44070692C810B08AC3012E8EE9EAE22067796288C193B2139B970B86F47FAD0F98382B1E035D9C32FD318A4FAFCB274F2E1FA772F94411B0CD42493C23393A685B
310
5FEF3E1ACF554AF5F3552A478383374E6B2FDDFC4F6DFE38F4F4ED7A7FE838F488EA852482F412D3CB07E293D02C9F074F12E84C5AAC423271450572A385449844706475FD38DC3C22486A0639E5F1E38B0CFE93CB4B25910EF309A2224BD8DAD40C682C28341AD69047E8539A6AFC14EC573F7FAD10AE0FE6EB13E87B28E0
310
93B513B5803514DE408809BC12A14876DE0A25F643009E9176D9F0C330164285A7444DC8CAF0E9FE41429EE0A2F6A6DE91C0856C501272404A8468822E24C807030B1D33D40D4AFBDBABB411D093D88C86D7205E05FC57EDD1F805FA4CED5920F0CED39157E007CE21757C5DE440ECBCB46CD283E378029B43FB077B4F47E6
310
0E9F61E8D01BE017D7E843EB49F50A2028F1E442FCC90C9EE308E4C0C2C94EAE30B75FAD3A0EAFA57FE9EF960F14BE15638840EAF3BA490BB6850EDB38EECAFD21A0C746D0C4234DBD035EFC7EDD121FA585FAB73DB89FE6A03CF833AB0730E5E2F1A36CE3F202A128934B44E396961121E1F2C9F32BFCC0C140CFE22C1CA8
310
E109B182919696BFB98120234F61B59F7BF46EC30CF067B21A33B0FB3E402448EE266CCD93135A8E823DB31F85E677434E608F53F8100BC0098EA2FD6BC01770E0F2F2D1E5452A711C4BB8486248FAD756D852026B6DC90A2AA5C6B69E9068B8F27AFABFFEE8AB36F1D23985D5960014FD711940800B560250D2272CC54FF1
310
D3A660B275AC3881E349689C1616E1E9044129D032313509DE4700BC867C71F128C400159407C761022BA8A040F40A244788808C60B3AD67A17576279F6F946923191921B0545FC2F12AC0EFEFBD7262B6935679FC7F80629160ABFAEC88E8430E76D82A8DE62ACE50BD4A42FBF03B387B37FD321B37E31C3F063D99703F51
310
60E6C9E5A300CF32A91E0A085A29C0FC507F6C21012303C6104B82C1F1E156DB3229D1A855A32A8352C9077AF733A0AFE0FB3EF81FDF2F0F82C21B0EB06998866878B103305E31EC17F4FD43831E570A2118D1667632D4FFFFB125782F96168A833DBE78C3F11F8383A79D49F58F1E3DBC780417AE6581381E8610604888E2
310
913E12492881274822C221AD04CB0B1D273B8542837460898C686864FF6F801E8269F40AD0481DFAF5E6E9C1F3BE391C325004DF0746A4E4448F7B52C0D5EAD39EC46896B888C4210D68E99DFA2820DF7FF850EC407EB55C3EBC5028611409BFCB8889C90F1C52355AEF98B18100094C9D0EF6F64FD47E5CBF3FF5293DDFB4
310
B50DDD54F351446FA1F14580DC3902C085F593CB24ACC917B213BBC11B3F0A61042FD8B24F4FB9C4556D0CB9E1A880DE89934CE9607F18F81FDD950DD0E1D143F41D56110E227C250621FF098838042BC85B5B6BCBCBC31DD37B34966E9FFD9936A2FEFEA9EBA4182E5CD3E17AE35501FCE0707E5525A7DBC64DFD077825BE
310
37CE0BBE1BBEC061410C660B6E49912665E2B3749C7C9F93834022F74CDE6CA5EB501D9CBC04B768292C5CCB84478F3CA83074092C6082169015E5800D5839DC6C1B58EFE83ECA513BDE3EFB8EF1242D2D4B3FD55AFE03D42F8492AF8A3F21444FA2FA9ABBF525EAF84C09F0168527B0138A85D1EC0443C467B28BF844EAF7
310
6323BE13D7C11F72FED783837B970FEFDE7D7817E077C17EF7E2A1C2C0FE851FE4C008388C15E818958746129E1009D054B67530D6B3D8DA3D59D82D9D57CF70039FF50FFE0DE94089DB269C3655A4F25B38C49D0BD48E59F1526887C18FC5272197F85CA72862A593A4843CD25F920487DDF7AA0441A2C0600D062001F103
310
FCEEA3D8560CEC3EBACB01CAE5A51E420349F602191E5F901893142381351CE17047E764BE50DEAF9E4D8C38B6ECFFACEB141E54A6865A88A60133EE9CBB4C256930B0B168C1C3AB59FE1743FB422C7166082E934AFA5EFA3E4BCE0B69362FA7041818B7FDECE1DDFB4D022007CA23E521F0700AAEB5888BBBF08023E128B4
310
045381542FA256B0D04E28A0C3804E233A1BFB476A2F48FD135BAF9843BEDA3264EB42BA499601F16B566E72C7EA35908ABCB9176BBED43204C696AFD3D7B24B08D3AFA44BE243D88A6D9D0B6562B52F741E1610C0EFBBAF2B0829289A640EC4C8A4FF66A24430786CEBE1E1E61AF9507BFB496EAEB64F8F49B4129EBDEC06
310
5EC1F8A3F228A3CD0950883B41BEC6D1944AE06147289600A7726313AC69A3F91197F1438BCB743E76F01F6EF1D1C854071670FFFE43FF1EDED702EE5A14C85D0C42DF90B86068800659AC88981855E3E774A71C0CAC2F76754EE7CC87C808D1E1E0F6CF47FD4224731337BE1E39C5010823EE997B1491BBD99FC8D8EF7748
310
2BEB5EB2CF66499A8E0F7511B19B3EFBDACB6507BC78731B1B383D02FFDD7BE8DD9256F7D0BA7B46015941097B80018F700FFA024CC08078F51806100ADBFA163ABA8A3B95B9D2F92AC30BC908ED31FABE0CBEBFFF0279B675868F9AA24E9530B08C174055B7F48E4F58002F3E82F0BDFA003E8B431EB6C4A91E4D9B5FFB79
310
1265BA8827BBE5F1BCFA7F789F72F75EC800F8AE43FFAEC42F13009FB905A9A0132015D0068ED7682AC608BA6771038DEDB3B33082891FAB1ABF5614F93238079726B833958796B845B731FCB86316713C1DC581B1E19B424EE32674093F80776F7E27C6FBFAC85C536CD955B96EDA2A3FBF770FF4BE11845470EB3E42D022
310
000E0FE07D161811020742162444668308801E133A4C163BE68F6826A5523071CA78B2FED51F28F8C70FE4190073A3E5D3259D7A288CD19BDE623F10021BAB0C6E327FD507B2741627727EA00D31856492F9F009D7F152D930704E642795C1C1B336E0DEBB7F0FDCB79318543B25341F36802D64A981A690B94259607DE0B1
310
9D466BF8C1C5E1CEF9A3FC5C639FD6117B4BAEAB453F8EFBDA500A67E8BAF76C8A06566E36EE1184E8329419161F83D843D5DE7D8221163E145F56921C3EE383978072129E290A9B7166E63D26BAB1FCDBF710009E4051842390031845F20077CD079407C575F20364C4910ED2A574BC357630B0BCD8DE39335EB175646A69
310
8458F6A346F003A93002E846FFE0C459B8006E506D79BF902908A0AA05CB5E73530E33BA1D3C2EF99C712B7C8B41DF4D2A7830BE8707485FCFAEEB85A09AB6D39BBF7B4F23E00509C20DB04E240822A4B810E04D8D53D10D504C059ED86BB8697F514777717A8F8144D48A4C89077F7EDB00E2D89DC02A7B975640A282C49A
310
4AA84B70B12BFED8EA6584860DFB7EE23FCB00C6BAF7332FF259FA3C9346508813E372F1DDE425065BB61FDF8300F7EEDDBE8D0C6EDF46F7D8823478590AE23759D60DA6B7A9F125EDE8F4A5D2B37470D0B63C30DCDE3D3D59A8D1501EB1B0A5377517BDD6E301F995E3F955F0F58FAC2E81CE172A8344AC03DC6781939D24
310
84B8FFC15E8F3ACCD3954CE19576B942D0A029188EC7013FE59AE90B71292DE774F1F63D60230180B30A2EDC65291B6211B4081128856001A680015CE000708254891851D4B3BED0FA4D7166B466BFF1D2A924885AD12B387FC0FCE6819AC3AE06A7AA4B715F0927B74D119D4A668FB54B8A8C268D8B038A207D10A7B1E95E
310
42195B695BE0240F7408B311257C23F581E987C180140C584A02B1670CB817CEC0A080F259F1360E58452013200E3EC107AC1DF4FD7B0F6D23F33347F9527D9F51E6138E31AF35F1BDAAEEEBA3D71BB402E2FB47CECEE96B4DB85536772B07C82A34F3E66D0BCEC207FEB9E70643761276F7B50D5EE963CFF80C7AF4A2130F
310
5BF8C4EBFB5F07B709840480DBD8007FB7EF3F90104908BA457D43AA2A6A02C91422285E5AAC143F3313A0CB74D9D164933B86C25587134E8D342B453FC982860D09FD13ABE72055ED020E85D3E312F74C25CB0293D978A1C4001927C80B86FD06349126EC219F0C735C8053D8F5F310817EA01F1B7851F406144C211C6362
310
C27DD51F1E310C0102280ADB891E9B085CC528A2B1369A46BA195B9A2B351862CE43174BA73FB7CBB430A5798F4C54B7333B96C3224A9863AD02B9FBD8E63092191924E77C199D92887DA594B6DCF0112857162FD0949FE6A441F5E62E42FB2105BC405A2301A3424601DC807912CB2C39C604A27908021CDA30C4C8C2019A
310
883B3A8BD393BB3546136EAF561980FB63E9E035FF73B96D09A905ACB2C11D79571C5159026227DDBDB81396EB03F14100BEB66DE1FA9EF82C3ECCBE318119C4269FD014E66361FC8BB0B4EA9A98EF3D8848A01360430284335004C183CC25BCA82D2302EB03B8419241C64DF4F5ADAF77B533BE786334BFCBB8DA72BDBEFF
310
C36103AFB30608A0B39B58D93F0BF42180841DD26BDC22CF0A770E90240006BAC65197D90920131C7B2EB3CFD3C71C6378A305EE8488FC1FF8D391E2BDDB0F6E3F45E7C8207C419800DB410073A3173942CA8D5242642A74496FF115832A6314D9FA4257577BF7FCF8F8E8CEE8DEDE5EBE76DD3CF892BA7FB8B90F629431B5
310
525E92A15A3A4A6FEA3FDD73136172060959206591F4C927196CF645AA285CF3014630121754261C0D31E1A7E3DA2DBDB54B04703BDE3A4209F02045C4BB0F529A14BED07098A2A1CD47513DA64B512F409BC01663090796D787173B5AA141B1B39BB470EEBCF1E30F9D263ACC4D05110797CEF7B923B027F089F74D1D06F0
310
A4D8C0CDA6604023FCA45B76C5CDE0BF3845ECBE13E0C0ED73700A8A753C1AC8AEFFF1B407FC8A20F42F0D94019121DE304077A027D4112283BB8FF0072444D68AAD111D6F591BC0061854BBC048EBBE9E81F6A33A95C21BFD13AF3C7E7DCDFFEB0DE8903F77B41DF178E99C289895B0EA8CD640549D68935BA7C5294E0A1D
310
66DA0CC419BD398E6265789CA1241441AC94532A3C19C95340BEFC68703077EFC1D307B71F3C500859C11494838E902203A2BE90EACC5135B80B078804340C920C2300BCC06F7A1C71B875DC572C9BD1D84BD5FB9363CA6BA7D03E5C40FDFC54FC23C9B4B9DDD028787D89219038523BF64E638BB37CC25335937A00DFD328
310
69C5B390C8C32FF25C8C47A7181B4A599A224A9DADB0E0406FEFF9F183B7448F081E3C55024FB33828784AB61704482CD0160C04174F9E33BA9291D58C2F1F1B1B3B5863B0D9F3E51C35C253D54A23E560E2C0CB3A6F7A81382601C2079CAE96B7B1560D20A341E85A928A4E01083256420576C2ED477E2E565FD9223BCC69
310
1CF394D3D8E281501E0EE5C1C8159E92585D255CF30CC854C75318006EA4A01028EC853F9407C6053910BE105348324002260254886C156260F9189EE0F8C9A3CBAE9D5A992184568A69D5183A7DB97DB089FDC57AEE54F858FE54F577DBA85309640290F2D220952620750C5811FB772A7876D1E4040FBFC6474D51246D8B
310
3FB378283FB514F8AB3C20B8BF7DBE5DE541C9A5D3D38DDB30E00151E02523081BC89C2214103E0BC1B3D0199A08E002681A2613A2616CEDF0F0F9C5DDC75DA395C25C0309C03DEC8091A4AFD3FEB504AAC6633930556DAC86EE3561941E862C4A75DD6B6BB3A0C59BE153DFA73EDFCBC3CE2188D3D378FC976D0EF9A95B7C
310
8532F527CE3CF539581E0FE501291E9139FFB65EFF5DBD8E0C18DE3077170A64E033FD278F18068028802F156C3809FDEB11B1019C208D020C9BA2870457F0F8E1FDC7EDD393E3B9FC9C4308E9315704233F960E554802C14716B0B45DAB5EAB5E25AB7830EBB8D25E6CA94E4AA01794FB1EE164FE9F040FE82C940A4BCEF9
310
13075D087E85A7237D3CF29C47E4E676777779528C4781761F0BFBC1D3A77880E40C9A2E5109180D5255317890394229F0F082010354082D574F1E3FBAB7D6553C2113DACB97BEB5526C7C6F69F9310A94C46CD89FF8F379AD1AA035FD00FF3F320180F01417A6F255A3A8D86319FE0C0B0E06A0DCD33F79841339C01E5BBE
310
1911AFCFF7C1E0A540BFBDBFCF2372352686D863F83F59CB6865F43104007EE06F52406F680341102048A01BB048823082CBCB0B6AC48C313F3E7CFEF8F2D1FDC3D6F6F9F9D9E98D9D7CAE5EADE2A6512FAD7AB526E17F600C85550DDE9ACFE9D97E694513103BC69F8A2813176032C890C1E9C49FC09C61670FF8705B1D73
310
86260E7C8E7122C7F8208A55139E8C8D4763F7EBF5728DF9C34677364E3A3F9AEFDEC9CD95470788834F9FBEC512379890B38C94205B2557987C4186DF5C0837608DF0F9F3CB87B7EF6E920475752A01460E556919B2B64296FB9FB70DD5F47232A0F77465BF140CD001F00ADCA175090E2665A14E6329B62660E02A1CB50C
310
6025E3DA252A670B3F0FFAA5EAD94A509FE7036B159E0D1D9F2E76B7AE1FD5A606198D3A747AF450023CBDFD162278B9446688111009B4029B0F2180AE20A542D40610C073B47FEFE1416B2B12200F3C991C2F54EC2491027A816B0A34A9D05C6F437AC23462385DADD75642EDDA738AF1600DBE07EE8437804D2D011A94DF
310
71C2085EDD40266A407FFA1D1C00B0C03927E60338E3B9D8C47D1F8CAED578E06F7CFAA4BB63B175FA7C301B747CB377F45192003CB8FD34B12009224543D8604494011A80C1903CE0518C986208E1C5FDDB8FDA161686873BBABABAE74FA637BEA894A44078C19696F326E057D7F95D061A6B0394A9D5F2DCAAFE4C2388D8
310
A6E9AB7695CB0BDD0A332430F1A9333DA41D1FFB97FA09AE84E738C75C407C260408F8DBD5EDED7DE1570A7BE333C54F16963B46AB0C2B71208EA3D16EF4EEDCD7005241166C005A73C03164792151205C007288AE337B4D7103741BDE7B7AC913350B348B2D767515674EC6F72A0402BBCB41C81305AFCF05F2758D3ECAC8
310
D26AB97606DB9581A4B7A8FFB068CD5C0604E6849046B70C2B60FF0CDDF93C13822B4E82FA0479A68220E66D9FD775FB3C1A9CDBDB9829B6AF2F77EC9E0678FB20ED8D1B1A1A39D10F9812E20D6281F5673121AACAA9C53424000DAC173F7E18C3052EEE3E78E7F1160F5AAEAFB70E0F7775CFCE4EF384DDEEBEB9C0889D52
310
43BDF557559FEDE5F17AB21E118C4C31A3DF6A96B56AC62180293910ECD6B721047664BCFCC6B2DD3C65CA0F0C823DFEF84083C7ECCDF05898EEF158F4FEF97EB9C123F1B9D1D1A3D9F9AEC5F5CEDA84A3C96C14A55584D62893D6A54D8D2028D05C8B1F124884543F3223B29D208B04910D3FC43F5C52196AEB5B5F5E58E8
310
E82610F08C21BD443801233C0CE8BD1E40F84A1CA86001990048031ABBAB11EF83F9283EA89F181F2A0D9A9F62D94B7F625FD727E6A93F63F200F614F7CF100D4511C07DB45FC5F0CB4CA359ABE4774631FDAE85E599EA0878A3C33D5AD6430CF4C055EE5FDB80629000D7855DED3F436F3B61B3DC7FFACEFD2B1BC6FB0696
310
312CFA477CE87A87070C7998E04FBA78AE3F915A065E819FCF35B410321D9ABB308146A11AD5196CDDD7C477A171C8AFC74B45CBC6F641AB53C8D4ADA5870C02379BC0470CF83DB55F073E29CF5CE5F7A3F8FD62EB7AEB1774C2C6780B9523F9287193FD23DDB79FBEA513B45200E2E0C1B51350163AC19043C600F2C1DBF7
310
DEBA7BB9B5457BC0D840CF325EB0BBABBB786D301437000020004944415472B491ABCCEDAFC0591201CAC8EBFACBF367FE7B6E40E69F551BBBE7123E3C00AC560CE20C62436E8C3C54CC225EE08C0D74CE26148877689EDD004FB2BFBFFFBB984035373A7954EC5EE8591FE531348654514DB1D1C56411DFA2A7C212BE5ED9
310
1278F2851A432244C6822C29C85A8B320ADCBDFDD63BF71FD32648E7D098CD018BC35D7FE89E250EF2AC75F96C15271602687965C844B8807C6E7729D93F22E81D39ABD62A0820C1FE9F11CFA7208125D33E96FD69E83AF6052DD32D49FF0802CD9F9DFD39260389A950887A647CCC99BAB17132DFB5DED35138FB3A060F62
310
95AA5E195BF0BB56495A5A4A8FA440026E46A047D40ED2520A441C302D240F201FB8F7E0EDDB0E12A04D8816215A0579E8FE1B1281E9F19C9900DE79842E2A7CCD48E9876EB01C75DBA0E0C8D44AB5512947A00BE7CF5DE9E1A6A6BE43CF1A78783DFD5A404E4477336C1ED8B18908B2A847B2AFE9839E891137A6673BBB96
310
FBBA2A4B8E9373B001F08369BA11BE8ABC4302FD2345FD6014A127068427D007BE28B41D9B0D40FFB7EE531FA673C8870A69135B1CEEE8D009C08042A5B4EDA314920B635BF941E7487E45256439DFE9D276295F87E698389CD49FB394FE19720412DEDDC40E9CE9C6DD605E0B719FADC416CB15AB3A61F9B5B9B9426E54F8
310
1D8B03DD950946D432B40CEDAB7BB5AF11213CBA73C9BCCCDAFBCF06127C7980FE6D1DC9B4DF14832D6568FEAEEBA76FBF438300B541064ED33F3AC0B0D10505306FD370AED02859234402F6C3FED006766DDED2034D90D119057225EEE3DAF787EBF30EC51ACB4F551678BD6728E1944730C095F13E4D81A4DFFBF67C5BEE
310
37E62A85FCCEC6CC6C7BC77A5B477E22223ECA4FCC0F87E2A5E3EB782BDB25B8CFC6736A044DE5A7CDA604526361D650484FE283B77EFBD65D52C1C73C4F48E7D0D81ACF572F2E2280F98FB230508FA906B42DE240ED651B301CEC83DE1790C9FD96B6CBF986BECF3BD332C18EF627A0B6EECD5B152E02088D03D828AFFAD2
310
6B05BF671B4F9A09A8CE0CD2707F67F2A4B3BB75B9ADA331C1305BBAC182FB4A79820B7EEAF73199B8404C0B81231CDCBB871B80FC41FF5860E8E108222A1A076C29E6E03B6F3FBD4F1F295DC457573C7ADED636D6B7B8C88413DDF3B327E1046AA51040B40CB50C7E3F1D2E44DAD34CFA604029BFFBE714DF0C069908027E
310
B275F1F366C132E1A7450B04011CF82B2B647CE754F650FF6E25BF37AAF65B7BDA16CAA791F1D09F6CAB989EC5AB7809BE145FA459E8D3E4B0FB47DAEF093B946FED585B80FE1A0305FD5330FEDB4FDF79FBF6BDE81D8300CF6815E5F9896552412A03F31FCDCC7CB5E32365550CD9365FDCCEC8752E943161D78047336F8A
310
F6539840A1F2E764FDA2970999F205CD2BD1F5CF496571F76EAEFA0E1CF8FD2A55FD06391F9EEF8B9DC9994E72BEBEE1FC928E2F223EBA0FBFBFB4F2DF137BC894B8087643D64ADE6EDED67F7680FAC9060239E845FC94AE93D880F994FBF71FBCF5F66F9F32C292EA900F9C1E6F1105E81C5B5F58A067A448143842008D72
310
75EA3BBA3D2516FDF02FF79260020D6B3C714711F3CFB61BFF56A826E627E82256F7400FB387FEF23C1C1E77FD6A21EBB1B2B35F2F95E7760BE1FA3ABB3A981423477517EEE36FF96F122B942F6FB64D9502BD1B9089162532A2FEFED255028FE653C9F46FA321E0B588B7DE79FBED07C44106CC85133CA65190543004D01D
310
02D8181DDDA5A9C91A7110805B7875B689FC3902200FB192E7DFD936B37B57D9C338BD49E99E181F4E5FCAB2ABC1CA7AAB382CBC7D515457CFABE6FBC63D525E5CDF74B16378B9AD6774A58531912D232DF01BAA913DFB7D3AAFF912984302B84D0500077800D26C60A4742101DE420C610C2E92FA93056022EFBCFD5BB6B3
310
8651470CD33BD87630C05831BA864C85997B8754B05167F0706499DC442FCD22592AEC2ABF3FF13F950039BF159FA9B36ABDB2778EFF83F70972B83BFD3F4899E64DD8346AA495CB155A7499F2CE39B0AAE755125EB84FD8CF8D8E4F4E9FB4B72E8F1DBCCB98B31BC4607C2CFF21C8145FB48EA0F2159F86A3098415609554
310
DEFA7B27EF1301033DD06D274BAF6821D220DEF96FA4CBB60B3CA241C021D38E1AA76B4406B4767576166766A6C7F77273F5F395291BBA19F64F2E3095C14F3E60371827741CB27E89543857D6D96BF9A47C6A9A26057840332EB843717AAD171880217B71FCCC0355AED3D4819911F79D0EA8AD6DA31A83E36C5DC2D47029
310
5C011302387069158F6C9966022367ECF1D00BA9BB95C389AE7B6105A1FB640689033A7FCCFFEDB762189103A61C3A4FEFE0D6A6B5A19EC5755A443AE78BC5E9235B047890A65919A0D2F96AA3C01CEE913BB3ED239C3E0CD8DDAB99E4348BF3F8B977B6C43DEBEFBD7721A839A63B94C06A10DB87FCBFA3C2932F8C26F88B
310
6D6BB30C3C4E09AFE40FAB52EFAA1EC0316920E031A46D65A0FFE45A673432E907FBCF86717AC04F2CD0EF512D665FF53F05BFCDC43489F150890C60A8E0314E70A06F619D30D841189CA15D3417F3CD50191AE4396543F0C42BCFD696C58DF163F5B46D708BD5FDDA5E5E5FDF9401BC4F7E00E8A17520833D1CBFF495B5D1
310
CE037C664123EEE74737268B5D1D3DBFDA6AAD8C08DF2C0BC7A737E10AAB2A7B958990CEBF556CDBEE823CB09FB344143463C630CFFF585D330CF0320E921744A7918280FEEF981161008E9FBC78C830217A07B7D6985E83F9A79884ABB5AB383B4D7D788F9FB3D867A2112A43F19042B33A108690CF6F472F8661CFAC9714
310
78757F6E6F2F7AEB82FEA85E5715941778B278281F28C268AB24BDB470EF3303E09C359E9DF1CF990D8A096106E6A66C8620DDE7D281DF0B2831F20439A30D68386CE13E002F7EDA8D7806162B205D6A19AA1FABFD6B1B400EC2BFFDD66FDF7E8755B4883C043F43046C1326136680404F1F934EBDDFDD39CB58A98DF1BD78
310
80E0532E671FA1435E9D6EA5E9071000BE8F262E7C4044FD95D5FD526EB40A05A634775F32205C3D779FDC168CD5E56BF982508BF572BDA4F6F57D3304BE9EB18149461B12F760D7485891CA47CFC44909136FBF4931716A2E100123FC6CCAA6A644F25EDF4AC980B14039009BECE8B798BF69A05DC5B6885CD23F8E13A46F
310
F0C0A986D617F001C52241801E87C2974C31411DA3A5D7B6175472763D637D3E57C33B908F867F4A59CFCA7923375E5F027A983E18BD7BD4E6FDDBB2250C1529F4202EFAAF979DFFB1F2612E87EBEFEC58581EDB9AA95AD1D7C1905F7305BF8182D5BBB524D47C4E3B81CD843220DE1E6536497C0962C225F75A2D6A998303
310
B23FC501F0B3F736EE1FF01200FC8C99F5515207C9C40081DF304C0A17D06E26CCBC5B3C47459308178301FA8057C2C0AE9D99B05F038828B08400F2E3251254DD7EB8BC4853B101F99AB48E387457C96951E5DB670648BAB70A7B04FE93EEC5F5B183F9739C98952C6845C380D401B8FC86E70A20744EC720E09D35955D96
310
A9041720196D183AC2CFE6AEA816652D0234883D788BEC8F5DF2615261DB031C2381092401B48D8D2D870FECEA9C3D99DDB036C8A051058030E32190976718C89F031DFBFF2EEA3D88606A8A19BD0AE305BDFD12BA4FF46F1A0002B07137989C748936E9DB2C91F43B07E4E4D16C3779CF5A4FFE8CC981F07C29E34B7C012A
310
F0054FAEA4A6A3D49D3A16D2B3CF220A029003366663053C89B3FB1827080DEC2780076FBFFD8E39810CB0593CC68B5D9009F2D400418028B0BC6CC74067E7C9CC0C2690FBB084AA5254A12AF63543B35EB40D17B693F7E3464D5094C00AA9E04E0E0524F5C35C5EC6BA94B21AAF2440725E2A9FF94FE7A8F0E769EB83FDEB
310
039B631B18BF396F5C13CF89ACC02C387DA56DC3B1CD84B96CFAAA37B55FE723B611062258257D331F186AC93D8AD600B4FEF4AD777E4BF68F2168FF08C081A37AC13446C859964803961928476D78F68419390D830C1935B5C2A0A22A3AB17D3D6428BF12DC373B8D464E04C0A496BB3B3B75639DCC2500E0F0B15FB6F47B
310
5A7ED0183A87CAE8D535F2EDBD4B3B7FC762DFE65A07C30B2851DB890082ADC07131EEEFA3DB7DD5CD32C0860CA83CD4B7993A175F422A8149B1C1D94C1145059D9C78A8A572A90B7C8B1E3392FF77A80C50220880FF3669004E90F101740D2B808181455A044904674E7482CC3EC85C4BCE339404C0B0BF6A5611E4F9B815
310
7BAB6DE327EC9BFBA1B4557ECB609C1F45326499EFB90EE78F18227F09E563C9E63D847EDB3B68EB9C39E95AC4F7ADCF7D87F6752BB6912040281E4A0D8A8314E80D60470999B8A51FB1488A66A9F3F81FFA61C83F4FA6969E472288FADFD61B005E0EA4284822E018911828E868614DA0C36E11F3A051070BF2F0840E35F2
310
00E2C0C80A776CC9E7E6841C0503D0EDF15ED9AFE527E798D23BEE5F0604E58DFB7099D739BF0BA5D332EF29F1535995BDBD0DE681C4F71DFE6A7AC5A13554AE6910963E9ABC9A0DB5B202225545F5CFACC942B5B93C207352B6E5310BF349AF200175D7DFDF78F6D683B7C87E087FA9B35812C4F8F13452CED610A2207541
310
E6D659A739441F3833CD0C9C3C3DC2B0712F62333C4FA9327C9CA1124904B4FDE0FE21C119776CB0C212AAFBA5CAF80EB43772ADFE77CD9FA8A4144C54C2FB2304C65F62FC3678E4F6C68F30FEE1BE8383CE7DB86F58B1AE0C51F0F055E188D02F00911DDB0991832228B3172B3E623E513FF1734FF414A611A603163F401B
310
EA790FC9FF7FC3FD3DB02DC00184145B850D01D120424DC03C00FCEB7880EEEE939399F1F18DBD4AA54C939899304D913CC2D5CFBC55E50C7FBE4C0E14AEEF53D6843DFF56BE2D554637EA047D3C210E2C61077875FB5B40E19F43AB7470CAFE1C0D3ED3B3B4778D1DF6D4F837C08747180FE8394F2CA1E0A46B6DA62CE2B2
310
DABEDE0B1924098580FC16B369730E9E90541D3730D47FDE16EE1FFAD3419CDA05ED1F2715C607F2E81893AFC5936303F40EB776F1D808BDE393A3FA401E1C706E154C892860AD74A2949C409E28A8FB3349C764D13E4D1D3468952B7B1B35001BF41142CAD58D6011C8B78961EACAB66E9AFBC627673B61FFDA4167950A27
310
4145BF11EA17BA9AA60815C2C43AE1F648E3772E53C94E6364AF826019E723069A8AA353A3BF7FB5359281700061FF64C28C10B9AF0B70B0B0D30A31CD1CFD22F68C76DA1E44558869257892363C091D313EFA46B57C3BEB252E9C6BF5B4799EC58F1910F469E25AA17B343799DB3E33CF410061F96C6D63FA91B1000CEBB7
310
D2971BDD39A2A76361E000F5DBC1688D47CB812DD60F8001AF25B328D173A9E4BAC18CE9F1F628704330741B2649B92E9714447C68559C6CD2F681919367E4811100750058809D0230C087A89FF3C80C23C4C60882E481F48D531764BABD5CCECA308DE2F63D3BB50373D630796126803C2D1FBAC148F7592881B395ED7D26
310
B7DD38D7096AF98841CB37592561D9C6565317AFBE9FC4AF7371E060736C7635E0CBA1809FC80F544DBAA1F2F9393D970D44C0615A0C6930E758B9E63AE690F73045F0C8C0731DE9CD80F718E94652383458799E02C06D328010011C7090D8C5E5336A83D4059953877EA1E1D66FBE994F04608C4C991917230FB61F9AEE18
310
3A40AB9108D032449FD1A7283DD25ED15360EF7EA9303EDDC0043403531EDEAB10DFF87F5E2FD56DF0F1B701A9F614DB17FA0E0EDF6FD0B1622A81FA3D1DE5A33F551930335C353A87F9AB05C60455193448246944A232C5D07636D864CDD7A50D0B4440CDCC465D1C418321F50E1648D500294065D869559EF3C40C8FCC6C
310
323E989AD0F0C73142480B200842802C061008B480A9954AF282052B3AF67350FD0DD30D1F4075AC303A5D490250F5400ACF479656861E4C77AFF327F3EBECA4B57B6B6C8FF62602BF150744656A87DABD7BC6BED50527B2120C001A0B3718C74F0C65CD34F275164D7968148DDF259AB8AD6CA81CDA4E8819509B996A7F64
310
2D987A401A2B04018C01E6C169A8700F9DE3B489DB2BC49C9B7B858A4F50D22AE15428FCA4A1EDB20C83492690CFE361CC7F8C8066FFD0D77AEE797977F468A36E0B0DFC87F90EE6348BC748F7CB73B5B9DD5C6EE7AB19ADBF6DF359F1DC2A0F9E44F213F8041F64274C0859A2AB7C37440FEDDD2F95BE44065F22067E3EA0
310
CC3BD8C0D8194EAB291CCEE20B9CD8E02950AD806080047A279F19024C837C848816719AC4A34DF8F0706CED904E8185753A458A27E4C1E37B5F30A104932BE140E0BF4E400160F320B054A8705042FFC47B4940810173F9C9E97240C7FCC3F3813EA239B745DE9F1B1F3FC2F9330374DBD1A7B475923F9A2ED81716D18D1B
310
577DAAB9D1A0458655AD3CA7E211867AE7C702DCACCD291E0F798013DC01BC326087775C0833E04EA3778FBCB8DA4687A0255CA0AD210C15661E4E92001A4449031D1DD27D327334BE830B64DAD90CBF537A45FBD4E94A7A88888E715B7E74FCD040E818BDC1BF5AC609CCCC015DED23877080FCDC47BD8EF3A7B783A17D33
310
F3ADEB6D6BC7AD75EA7C7852C5B6FDADA6AFEFC2D181C03F8C40DD8A4AB5024F0B72E34B57BC1182472DC80946789AFB711DB7F1193C03C893B0345F420246114D3EA71D04FBA731C0DAB0D3CD311B218F0D5A15ECC105D02F3AC32F13600084731A83220040019B03180634B5923D438300B05BAC80881F061095FED5D572
310
A3323ABD83F1D37A2301A8C930AB3F66ADF7CBEFED30BAAD7D78A06DEB6A87F15491F5AB7E25842B6B34BEFC12C8A159F187C64B3CBD2356DE5FBAB98BBE9583F0E3280C0076DA15BF34C15238145742B07080B1EFB83382F9FEF2239D003541041083C5AF9EF3C8944DC2030BC3ADEDDD9D27475800693049E05413BFB3FE
310
B4308731512F13400D06F813368A0101D8D863EB3E75FCCADED124F532AD3F123F131AB46A93DF1ECE7F96CE9EB6C365C6D6A07EEC461FC919FE288AF7AE1A7D012D291EB073735FF26BBB1C99FB706E972192819B7A34BF22424BEA1CC7958AC2E04BFC8E02DB90A4A1DD04811ACDBC181037864672C78F6C0EC3073A40CC
310
49D5E813593B7002763BC6A909D31AC86F3F6E335C9E1C309BC58F16418642E2AF6B290A34FEDC0CFEE08FCA0F56700699CB73B9C99302AA17BD516D7F1FD755A2B32B3FBE7134D3BEC813195BD355020A7DBB541539CD2C06E45F46FC0EE08293E6C0E1972176D9B678340AA1A4823404EF79B1E2347E47C35D0A2260730E
310
0B513025DC0BD1C07E3366E9B9D17F767405FB531070700035618606F0B40C73C974CFD321B0C174A80C0F3AA54945FFEF348F5488895713E89B5C98DA501E06D8D24FF04FF0CD7ECD7BAA755A854EC6A180AD13BE094E8D5D63BFD6DFA5F5D3E4DB1BA18FD8473DC6E17FFC9832B71A2A94D96E808BB53F9192955D62C82E
310
282B05168AA0927D54AB20A20A74800B7CC9655C8B15F62377CA4C91641F9F4D0478F4FEFDCE273A002CC0A725EC165CE3A149F0333E8E9600B2C05A7D15FD831F0938DBE5D0FF13E3C0F0765965A0961C3FA86DEEB0E28304747BFBA5FCDEE44C23544F7BB7BF7A132DDE34F99E44EC3FEEAE92F667A10F7E90B0E8C6442D
310
F5A5318B0F816311DB2E6DC6F172C363FC800EE09186BB9EC82A24C0117700CD884AA42023B81EA6E0CF8B3056411110D78606EBC5AD5417B45BCC8E61EA01C4006AC233933E35D860BC1B6CB9C9CCCE7840D2E0C1C1FFC11CCE54D59300F2B47D66A10F09D8E24B71B9BDDF98FB62A3B897C53EC88D16D1FFE8C649B17BB8
310
E760EB20B784F52F992544753F2CBF642CD3C9C70D8722C197142C567E74FB431EE248A8F3FC00377F5142144A82FFC28AC2970A780C85A7EE9146FA4B2981F3C93BCB0F3FBCB6DD3DE69C72B6073B99140DE28B8E919D9D9E7C2F5FA99FC1FFD07E9AC0965CDAEA0A945FADE52C791EA989E8E7A21A355FB37E44405D171B
310
98A6E946DB26AE71DBD01FEF07FD378F5B4B518724481820890E7486E3FCE61A60E096D577701890EE07CA5D7F2B086040749FCEF3F81972E510A86359C9BB579883035887542090614E5C4461705D7CA1CF84DB564838606CF1597E8119790D021080C935A908324EDE9F60A04B7830A33F0670CB08605B8D01BF9A3D4356
310
93FAB4FD84EF6754930640C1F9D74B052A7ABBA9F502B39DA3BF6BC7514EA4BEC71D752BFDC198EDA8DFE8F32B3EF811E4576B0A2074B99B070A069F60173E7427BDF285024E35A4418B7A412914F2800F1965C4F1120A2D5D2C64400563D5942044807BE7C738EBF3034C4A6F4D70C04ED1F97673C039FABC4CFF18866E08
310
200BB66BDC9CCDCC3FFD1E43BEFC52C317F0F5E64900FBFCDA4DEE68768FFF46350E0EDADB7B34DBBEDE3776BC55599AF84E312229F931E700D04478D66A0D88D09B2276141AF0F8811C5F8067DC04C0F90929F7F1AC9CCD368488AFB965C97B855A3E2E93AE5B4866502E55991B82D4388614F2C36B8484A5FA06E3EFFA98
310
4A6AF17D5C2073299D9F12FD63826F67FC460E54030981684E9FBFC22009A3006962285FDF4FC84B699FB5BEF3736C6072F6844C15EDF25883037DE6BB7AFAD6AE164B367812FA8CFCA6FA25725D99AEC5C6EDEEC64ADDA2BE0056002032E1D7A20A54CF444E360D520A5B69816C0A953CE0434A8A898BF18E2B704588C01B
310
DB2133342F5404FEE698957C200EF54E31BE6DF4E888C9C67F5F3F1B41F922777E7FA6332677C20098C59F762F5DFE4A23F9801A3BB6F8A4F66E0D40EC867E92DEFCE84C714FC7CE8DD3DD3BDBF9C781B1C3B549FAD2C89D711808CAB100E09700BB85240374A7209212F320CA577222A7020E7824500179FC7096C714884B
310
DFD9499E027ABEB3CB0226CD293CAE6E0C41A6788F396606A073E28CBE5CC67D584D36CA39D37974FE1023253E3FFB007A26F657FFC901D851130DDC2BF54884F20D5D40A0B7E5C7BCC7CC87B84F2ED820192CCE1AABA1FF24ADBE1D03635B5B3B53D4A5F84120125FADC36A0E792D3AD7E255792CD5241A4C84171F110409
310
0017DA493D0A7790A7BDE6DF326180398E4B0DEADA5C2763825E43E05C388E184678C88CE6422606C017F030366981353DF03A753DBF6370879F79889DD0BF75408724DB53C5B0063AB6568D02DC47AE4627B58D7E367A6000267E7840C23A0940B992DB98ED1C4731B4FB4DCFB6D3EAFB6CAC7646F0335C5031888CD74E21
310
03380260AD47176D703960230370FBBF28813524C17FFFBD6288BB28E4F905ADB4A788B40B4A6201C1878BED224DE9906C4C79EF32EE679B9F5D3B5DFA137327320643909A823F62106CB8F9BFE4BFEAFF0FC7A6393EC7F64A698EFF8ACE31BA05ECE6DAB6DF124118D1D13F892F3D3530602E3F3ED3D59DFB821ECFA3D9AE
310
85B1ADAB9E328DE738BF55D5DFD039445AE76D0194180F57B15BEE5F09C07F952F9A10372BC894CF7DA12CF6507E2A8916E0DF430C519485C55D61EFE209912D8C32866214E121611E22A0B1238DB18E86636A3BFAFD5B4EE02FF1E505F902BDF424D0516907BFC95EF3A76B6B3872769D67E25B548F0DA46E2B93DFDFD5F2
310
B9E9EEE1EE1DCC7FBE6380DFBF38A165CAC73DF912AD76A4690D2B766A3EB4AFA2D05BE543EA20B095FB17AE3F1928D84482049B659E671A4763CFA567C08824913D37F2F92F841FC244085C1681225C04AD6DE1684831682CE0D6096B56101C0D4FB3A1BD3F11FC1105AECF5660BD3FEEDF162B0D9DEC6DB55AF27FC98050
310
BDDEDFF63ED14B01336053A19DE9AEF5F5D9E9D9F9E19ECDADCD497BCC57681922F327EB41FF681E17C1921B04FBAE371AC69E53F98183E91B84897A5DB164158BD1D12FF6F6BEF0E02847727BF2628F9FD48B6FB11DF6928C868B29590A0606F92140D0C08850DAA7DD8A5FE8A50389F61288AEB743E9C801BB67DBE0A7F6
310
4F63BC87770FDF57AA73FE1F5A84F8DD3AADDFC32087FBC0A7D645C327B97D65E7A8BBA76DFD9BCEE1B1CDE3F5F7CE4E6DF4013ECD7CB60BD1239E8A4E9A5722AD9C4FAC8F7FF17B214AF8801950430639A08E3ABD05A0D94E253BD5951C885B0CE750309070555FF21F2EF83FF53F4E15038B8D8A244740A5C9CBC120043D
310
A0B323FB1DA0A4EDA268C05A304619505000BE10415DE898809DB6B66896E60AE347ED3D6DC707CB7D5B5BC374A158EDC343D0EA61C217D4878CBBDC1D85686782C3CF4272E7DCFB5E9EF628F5A95AC1AC0C6848F5771329EF8DF2BB79EFEDEC8DBEC72EB7F245287FD4B31008AB38EA4D52F2BF57167159E3004CD8950E21
310
7DDD6F699FC763E9D1A0AECC701F7BD4430A3E030374066938F883C01DE40E7DAFD609345E33570F4CE6BE467FBD7F793B5AF2A9D331D86DBA7BF98067918F9FCDD609A0384B523F4413B574B818C6889FAEFC5E7B8F90CEFD62BC2C85B2478D54DD076635BE434FCADE68B3ECF1C8708E27863DBEC352D87BCC7A92A8E135
310
700CDE65BC114026DE5DB68275E656D2C0D4087293D43BB4C9C14EA83C0D806783B40DD7CD4F19EE9F33801F55A3F1FD600017A6CD5DE607783D5F74E34680E7DAB98D99F6E5B5ABC7F7DF19D8278322F6A97FDB2FADE1539BD945DDF868EE2B8B70D9EDAA45D1BB0A5801198CF1DA891540474745BF0317F8A3703E02510A
310
E94B084221F887FE950272D62D4232781054A87C58D015CD45EBF9B70E60820A2056E9D4D619E8494BBFA68B61EBDD8CF52CCBA124BACD4A4077E8420A7F36FCDAF661E577B792A7E1B7E337C7CF1FDEBB3B49F501F3C7366C1730E793F51FA20A9C3D2E9F18E63DC277449054CEADA36DA0807467D45F8A744E1BDED725A0
310
33868703F1392BBE221158220588F30574A0B0893D0515B0B7C404AD0E7F40C11D504C49BD7DA39A85A19CD7357DFC966E5D92272FF06D59CA5A6A1C8AE30E52F1247C1F1D78F81887F9F3E387075B170F9F5EEE4A7F5BFC69DF02FD8795FCFFAB472E7C88D563DA514861B85BD41594A75F5E866BE69471110A9F75C8609C
310
7E6BF6C7C727431EE3E9E3773D2378C25226E82C08104A57ED273FE0921D6990E02B006BD038263BA360355E8DC446A380F0BA35FA9945A80CF60DFD54054202F91897C241C147D59F8E0FC67CD0F2BF377A3463F8BBBABCFBD6833C57E214AC3F5AE9C2FDE88852968F20337972C7E04EE5658223008AE82D93BC37D8DDD9
310
00BD6B16EF221F0D4149045D740A8A215D4FC186C658E01994B8CCD317465828704BB630DA2243B3B4ADD3EA554A97408454148C04A1A0CAAC2E04033C04073851F54380E0BF2DFFA43FAD3D6B574F2E1E5EF6E5F4FEFBD1CA87C161FCBCF5C7AAE2F726F814027BAE10F79BC3D765D61D1803952210A9AA07F8C6BB2105B6
310
1145B324F96014EF223D4A9261080239F03FF6F4DD4975C183B887E081F7A467A25EAA0C94028FEB808637768B07400A8235D4EF33143253198900E079E3FACB0C59B00F827A5785A6FFE2FCF0C0E6F1714F11CDE5140D931D707950631F3DE877F300002000494441540ADFB08704E252AADE1BD4E8DF55796A32B9B6F177
310
37C67702E5C638682737286CB0E0A89B624D5BF28222432848C9AB8C07170C97B814FF492A61072407D638006F7C8400860444C01B1930A522788045633DFA9507267A3A42BA05925BAD705CDD3792FA23C1075C6EE768A673919EB6C3FCFE7629B7310AA794CC9C0D14A1FB88F95C845BF22543F57996E0B26C9E4C2ADF18
310
7F979F8A55F11B47BC26594C52588518D25E6C2B1CCED231EA1B748F093E5726A21A54C91EF95789041030C20FD5AD68613432E19A4D0DA2505B6BD843516E10BB00AF9AC315EE9FDB39CC1F9EA59CD88F9CD071D470C86C4647FDEDDBB1CDAB81DA94034747A779F4CED497CFF817348F69F52E55490840E48840BA72DB71
310
F3E84F6DA2F4717AA928F153DA6E4C7E8E00363CEC9A2E1C8E65F298FC4A52F087FCDEE5CBA38A80CBE11FF7BC2AFF249203FFAB77A128A001B1987BD334AD9B901890A8C2005B6B248196AD09C0025ED841325B31845032E327C531C839E66DBAB39566B631C2FF0A1DA5A3CC47E665AD8751B47CFE33899DF047C9F3C365
310
E3B11278D49DF939298E09002F6430F9958803309827A7C791048CA070061B7E9A64C557D235F83EE24822E5EAB805F9862F20FC58F483DC0EF02181F572930205107E00E523861895A2811309808F2B6C14B2AA579E893753C155D2F54302007E9FF36AC5FEDBCAD47E182D91A73920CFA5C18E01F8FFF4C3F1FF553BCAD0
310
E58DEF85DD63B91BE38ECE1A9FFC4AD4A1FBA30D462C328C5A0340DFD393D3D3D3C0659195C96990F391EFF4175213BC74C020922D4830FE215E76940962BC0713A3B82784C0CB6623DC40D6E1485BAD454F6892200B225096127FBD82D2B12006BAE2E329C771E25FEBC0DAB3B5395289D56D7A8A89081B34EE06F80F819E
310
FE75C67DEEE95D227E283FE98A7B9F1C97D2D05B4D07A469153C3DA3048EA68FA667A6D90E291C7D7E2D063E4D044964D055F2DBF3E31BB851AE9F78A0A7314F0AD24901F581D74A6929142039C65AF5830D1C809536CDC05E4BA51038F79D713DA930CF18BA3010E385351CF47F74D439BCBC793556A1F99814926AF12835
310
E251C59BEA3C083EC2B2760FEBDF4304C9EB87B35769E1EB24B648542CFA4EBA9EF93CD42F03C08F249A2C98897D8E2225E90077823F4A52171A61219998CED6FA050992B6B0A74A2220ED12123004FB977084208F8E2AFC80F456CB110BCA647A3A0F854085D84FE0052BE31FFE7F925610BAFEC06FC33F9931BF063F39DB
310
3D1BB20EE357F594045F4226131578582CB055A59A073AE0413989D215019B6EB8A21CF154D71164E0D8F4E730C2CD382D098DA5261456A425643686BC8301710F2C50665881399156AA2B4C3191BC555728384800CE10040F746A3D8A80A5F0E500A93456FEC52833BBB45203DACCA37FE1D3EE4B9BF0EC27ED47D89B8266
310
F11EA2DB8B5A8BB93EAEDF0C06B7AD0402B9EAC6E787365535AF19F15158308A9D9785C1BC1C01377F8C6B4D07B50DAD25649764A91DC9812C7B34CA98184084F7C01055466B48058CD44085AF26648520C85C41C67805462D8425680425559F4440F3ABBE1F3F81B1EC72708767DDC8FFB6465796C8FE310FEABE0C9B242A
310
74137EC3E0427091967023299BE5D6D4D0C6D15747DC2AEA4ECC57C72856E827D33CBD319D70FF854369EB841282F84B7CA4881447ACFCB257E252E00FBB3272120A75B99119840858486615636E0E0334031AAA8C08A62E080053A0AAA4158431EC727A084021D41CF5D630C94184F6FE7432E8F5F9A4FCDF3EA7CF136FC2
310
988093F98ED622E38E4976E1BF0CF49D2889E6DF3566719FE1F9B47A2D3BF89C69155DCF24F88C609EE551160F0415900B4C48FB013D8900A9192A700748002924771A3686A0A580FE4009E00ACC090253E280B90AC15048E047020483A038A60ED232831F2CC90498648690D960C48E439F18F4DDBEB0B6F5AC7B7B89F623
310
0243B4FA160A7B9327F3AD5D937C8BFFE5FF8B3A5E64283BEF8EAB9F71159514CFED62DBC880614AA1F7994CCFAE7D8C87057F451733699B8DF87056E1F0654B5021E38097E4E23221B810DE20559AD183A61C2C88A648DB096081E9801CA00BC1DA0124E08DAAC15FD2936905CA8DA1C40E42B13F1764E0C4015EAD7F8BFE
310
C99A310B1B7C0BCC7746D3C0702759C89EAD57122092122D1F857067684A578F1DAB7EAC400841F493A468113282FFE42316CC74C756B1C880FE78795C692813CF4644480EE9B02991BCA257A71861F00666D9410288487618D120D0E80D7773E2B7DD180E100EC98B221C94BFC4FF531A09B986230F1CD08378A8E4D0FDD7
310
D9B1BC75F5C12EAD7FF83F3ED19EB018620303C217A6A35D826E72ABF2D8E2BB1B783F6E48D2E3F360806E1D192085D022103473A10375B63853EC54F500B5B064DBC20945B88160DCF7E4F83A0200BF6FAEAC88E9F54D22D898E43F378D20B51B5D6B1457000922202800DD401A9266483029C0D6D57ED80D42A0E6E08835
310
F0F3AC73D7FAE6D56185F04FC44472B854EB7D9CBF7134DF3DDC35A9F6B38417DD6F508B37C1A718B0D054124176F7222F62DFB327F34D451799D56216880193254FF782D7DDE26C271BF38C6E422E271CE4AB8823C9510F021126A7A944E00DB4031D013C88EA0746C96D4574069BD5439C4110403B40020C30B07A604F1E
310
41D19C21A93FD9002DFC35F23B1E7B98E95E38387E3603FE7393680410D702FF9ED5A3C5E5CE68B5827D721FA78F3A9A0C08A79722D9C9B418F46C0057BB1640C70AA4A03D29CECF33987596D53CFB27B32C3BE304C540E14BF8464E080918268D254838C91A01F0FFB99154FD8A9C0495EAA6534A6C464440B4A71E16100E
310
7405088122A35F7A511DC003D002E6C8E7E15F6D1D2FD09014139EC11FDC89394621F77B9F88EB5A583C41E2FEDBC8F82334494C0BFA97FF3C3A34ADE60385B60E5A30CF036E5E75370BE3B83AE73B3B7DC0BB337DA0045299ED0C66681E4AE223D01B1BC3BD4C921E2005FEB5114739040758189BA8A320067B62A3995E47
310
20055065AC2B4A8006BF8CFCC907C0063EACE41813C5F017065AD46CFDC6FF1BFEE052932CA3478C8E5A6F25DC8503D40F61FC1B047E4DFFE8E84407C81F1AC7B5C79DA358551CD0D13785A9AEB38D6EB68A0A8087FC6543E7471082873CDCE5CBEA1EFC5CC0579469E225428E9A43D6A6000B4219DE52E8DF00A55F4BF503
310
5960661C2DB88AC1F67C2890A93FC420193C8326409E7B595FBBBA9AE1D1511B3F6D65B09AC10A71C2317201A603E88C56CC68C91279E83F5C147787EFE6C675F00941D23EF092920330982DF38C65EDFCA89DA98E8ADDECCD77CB86D85118F3DD9884820B1128010D02F1060F582871CC8FF42024C02239273A1CC3BF71E7
310
70DFB7E96081682803188118B50310BD620234F230B12711B063E0F0490FCDA9248B580D3D3DE944A30CFCF2A1E0F6E59E8FBEA289CCCC943785BB8880ADA9C2FD70F6A13F5418444E3A669273C006C4B4EEEC067827539FFBEA9CFF04D84E7F170480037005AAC8829084329899F90B5E013927F8E646514B4824B01D11F7
310
2C012CEACD163B6358A4454A4221D06E68A71062520649BF9E9127D0772D6E5EADED52FF216BC2FC513C7D3C5CC4C8AF009811826AE20203B076A2AA66D8D32E317DEE0EFC000FCE16D9E0BEB17C74AB009256C5D8AD1CBABBDA61402612C675FBD72D07E633B1A42F2421208CE01397560811204306617A5141706105C9F4
310
984C459F2D0F6C392FA05BED808512B0B9A8A9FC6CED89640EA347D31F0DF76D3D9E61E800FE9F7601BE4C9614A1C58E6C839F13A12D0EB426DE6386B82369A9E6A7F1F9146EB578A2EF4289AA109B4F6CEFEC0463E0072A05CC9DEDEDFE08407B173B8AA65399C80B2911252E6290C82CC1B8909140C11B7AE161B42B9390
310
5045D017E00CED6D27AAA15F2C2179F1E83D411A7020B9408D202381E7E5DEE5A9E7E5CDE3B186433F488AC81554BEC09BC579018ADD1DCB3D9D70F02B14BF9159A4DA376225FE43DA224FED327941705DA582B2FD1BB5DC0540667B650BECDD1D5DDFB0C7F36DEE2B94F6EE2EE4E426F20A1174C31DF153321A24114C4FFF
310
25E505475F6906D4149B21F1BD9D9DF7B059F8E0FD83323CB97991FE80EE131A9003B81C491B218B1D42C0C0D593D9D548003839DC29A740298B0C23F0CE14BB167BD61989AEF0B985C8FAC8F923A73F31953989F0F6C96CA6C4D0A9A88184BEDBBBDA3BBADE77CD8E2FFEDEEF46184A86671D7DDC51417477BE9F04804F30
310
5AC82C2D018A21EA903866A0F959FBD4139916D036635EE03DDB7408BCF0627A03027AD314C09B0A27F0A79490D53839D0DAF1416995CAB24101FA63F75029D57A4CBBA9FB4D120ADB17FB5A999FC9420DFE04FA670430B90FE7F589F7FE8D50A4B5F004CE5F07EB4EA007F8AEAE8E8EF7DB3BE2F81F42166C7246FA9E62D0
310
2C8209BA1024414C483498B50229FD923F2414040B2081390AAC353B5283EADA12A30B1080866D746B9ABF5BC107F33C2A015B275480759334B83AB02175EFD0DEC785DFC505E0064F4EBA5A97073A74C5C9FEC97BD25D819E28AEE661FD2732B8BBFB1BF13441B3C1F45E8AC1752BBF80C113DE960E0AC7D9D02C58C80505
310
A19BA0E84B14402601A590A4AE00A825E98C3212342302EE10FC5100681F86834A2804BC409D70270A2091DCE874B16BE0706C974EB3D26EFEDFFCA6C4579AA4DB781708469F055532A7046C6BEB0CF39F3ED2EC4FBCA3D00EA91CA68FD2B87B5C191E0EB2C300F00A1C9881F263571C6CFD83D079D09F176FAD839340CF03
310
0F70458F81F09AEE1329505150CA0A00576B56C06D58070B23086F685E44232D9D53DE3FC3731044F286D19F459351863F749F1104198D6E14BBC68E17CAE70D7AFD958E350BEBBC70C9C4DFBA075240DA27D40AD7DB063A097DD3F041EDB3E4B682A7A12A548F3393DB01945547175879989302521EEB1431B08759B632B1
310
74E0F700E774FCA1BB83F95029ED1A084288C8893520E49415E00DA080AE8027C34206D35491D050A4C6B080F6A20889A2FF82379AB6234F6710C05F9080ADF002B9C9F9C583AB220F45D618D7E7F7547FB27CED8A8B7A7D24EDA4988B0C1C2A1AFB53FDC61BF3DE50D63C560F0120B0372F0839DDDAF13E583B868717C1CB
310
8CC71D1D7F440CC82184803144196EFD58BBE00B7EE77DE8C015942357FB06FC906A5E2B8882CCF9FFE184B0035A5CF186A962A63F84B3AAEE3D5A2C830008807568B6A9F424086D2095A3E262DBF124350082C4B5DF4704A9D2C93553DE47BD6766B69349610716999FA25854F759CA9792599D3837ACF6247CE8597B0F96
310
0FA3EC45B61715050260C5844FCCFEC9666BC71F875B17E3BCB4CB151405D7D08F846B4CB952248B4603CC402B609E90F0044A007FA800EC46D07A51232B00E5683C55D5096E1374DA4FCBBDE2C25A5B8D26008227CA7758033D7D70DF12CAF7F247939F93F1CC63047D63ADA0B7CC8771B234D8095FCDB577B586D1834062
310
035670E204B245EC093FCBE15626C10D210CB38A13F50E10A0D5C0814B0C4B30AA9858516001669002229618F100767AA3D6D2528595FE7A398C2D2300ED0013A0AE60B91644A057327BD3C36BEBF48C91279B45F8BD145494674AFB211A91977CB838DF35DCB3D6D6AA2FB2784B591ED785DFD7DB77747DAC9D2F7674810E
310
FC2895F9ED8007EC7885101679C06F21E4B1C8A6120956F80518D1DAF1717BEBFB5803E20C6F2A11B2E48AFF4AD2810A70054623E341B3D1ACD92DA91150DE631EEB2C28882D092049C0DD38E262A7BD6F98549930C9D44B7C37028AEA9F8C5628A2BEF5704C0DCB2B428181B1BE766F43014498D2E57791E4C8DA6BD2ABF5
310
003F0C40202E2E32EDFB02852D16C30B7F646B98FDF86C7891690043128B0A0DE6B4EA27F08C30CA34C9D0AA0852A5997F8D11A6EE84E040B20472020256F4AFEBBB74E6705A12083B249089218E6452C8E5A69717E904A3F5EF3D5D08EC1F4D4E85086B238CFFC11AB9AE972CB775616C6D1DE04DDF073B4DE3747C41FBAE
310
6072901CAD0237100670C5A00C2C3CE063610ED824826C1F6650700E88C00B62468903A0D71D3A390255AD7040048348C56C4647413C2C2561216E0C469203EF06A5B101AD40D0E207F78B124747DB5B4BBB4E88B1C373C114E0470B345156EDDBCE1B4DBDF81DBC400746B0B54E05F693707B89A5E430982C2AC7D10DFF11
310
D5B102B9505034B35D07E8E5F585757F088B390F2D4C85CF7218E8418BB4F25B885053D07D5A908326809F31D6CC6B77CC948413B28664484439D118DBAC27DB5AC40C1AD166F25E6A2F0AE82100C0BF220405323E1FF80DFC518CACA8DE1003F3C9FAE9C7B2D60703A0004F8EAEAD2DE0F5485452D15B77B4B67F4C2403B8
310
D8F9C533558ADE058A9E177A1698F75DC0EB4C800F74C0270178C8579C1FACD025F0560844502D2BBC01E620030CB93636C1041636A693949CD80139FD15BE107F905590A292840F8860706D07E2970A2F15E5B13B87C3143CB2930374CC46A6F9B9D7A5CCCC14E11B9E879A49FBE27ADBD6DA82410FBB94FAA8487D61B51F
310
4BE0A03FD08743C31020D6628ED20305A22C2C2FAFA7ED1E7881C438AA5B9035F20759E243C51F34D0D5F02F11403B9E204CC1686C0B6C9000470561519CBE1B0E4FBEAB37A39EE4B84C05F023858779341991F36D9D9F351E7BB3B5ADF00148D9D05784F9AD8B037D48C01BFA83D4247F03BB768BEEF973A14E610090D4B9
310
6B1EEC5C5E66928F28EBEB6CF578B067DD83086081579848E60DFC7684044D8174993C39F886043481F6A2B743B18749E52447CD4D230513032D20D20206E536E15BCF7B7D211634F98FF9986287F33F9A94615A5A0A7CACF8DF5DCC1AC6EF9AF1945EB78E0A2FED1DA2ACC00EF983F9A012260BD722EF61C9DBCDD8719703
310
ECF839029010CA0B9F100B1D2842153E01A1A3837AB579516A31982FD2908A09100DAE591016CBCD4B011A2F4DE299E1338CE065DC4841BF9895D8C81714800CD08F5AD39601BC929B55D291F6CDCEF2AB40DD5D98F4E6F107C47AEE4A09A079C05316F479DAF4C2BAB83221BCC0CE23FE3D3D4C7BC9AB673D89A3677D6020
310
F6E182332028012FA0FBE0B2668FB85485902A8E7FA0BA2105C213E20BC2169211A4BABA7D693C3F1DA961F203694853137073AD5CD25F1C017DE0477626D7BA55B88F83B5EE513C41D814639FD1BF759171F4577D3CAB0C3DFF68B2D3B1F8478C18F67BEBB2598FA76A4545E9E961BACF657E0791D2373030E0EC9FAEDD17
310
BEA7703A738185D08236C407448A4CB504CBF01FF43859D3115488EA01B55078000DF085911805790DE1B41B6F8CB2889C3834FE02AFE07D85143C6C008438A944EA63E047023A7EF37E13B0903AFEA7BBAB9579330FAFDAACD540022980B65A75FBA17D388F1E6576405CCE7032D95BDA420E7DC0EFA320879E5F8B3B04C1
310
D2D9C1114210C19FCC49DC6A855E12010184DB8968109ED016E4683CD552A36B3AFA13BFC2114068935A7E774CD2C7225642B73325938052D8634ABC18DC9442BF9E0402E85B42F9F3273672DA8E8F1070405D1DC3248487574CD98092B8B956E6AFE1566530B78FAE05B4A0DE51FBAF85DD075C7E11939F80E015A58D1F87
310
E400CFFD2306C4D1D3C634380A201545A92BE01F445800BE12302AB477BD6F62600D211232EB061448A0D2B877BB940D63D059C37E0569A83DE93E214F4BD86209FF6F479C640AFF8AF6D1BFD987D029A94DB7C329B4184D4BB013BF912FB88FEEF913071A8D82B651BC10DB067A7EC52FE1B421883144C00F64FA23A11CF7
310
08BF16CA59F18D4C04B8085964B2D8DA4A855187000BE440BC816FFB13374640B0EB1D0998AF38A1AEF503F14302E2811081FC12EA6CD38A63B33035125F40F170C0B0AA45E9FCA38FC6D688D48563B5C4B4B7C359D3C7AE0EFB16ACD5E2FAA47EF8307044B4EBE1C71E84E742D81431FB06B90B600B9C239E277A57C94C42
310
7EE10E7826980C0136600D916A06058CBE8604DB4D314FBC014EDAACD0820F14BF75449B70339490FE5A0491221BF95F949DF1235380E969AABDBE2D32EB4403D3FDF17F42F9A0A7C28ED75BE86BDB7C7EC80C76F86B8800F77B305EB88F00A4352E0F8089EF811EA02A3DF08F7DA008F803BE4B4EF5F41E56087099E92070
310
8C3D720916444440FDFA013D4E1201414123A09290F5BD7AB729298209C4306D007BB0829FD4EC3A6D7E4F00B67DF38CA0764F832F0448E58439B952CB4F70DF964AFA74CCFDBABBDF273E2FF4F56D3DBFF2A78D42FFF2755DF307066497F44062AADFC0CC546F6DCCFECECFA232E14F408F05477D311B683A35BC245FCF8A
310
5CD2AF20022C21022266905A5BCC8B20235D6FF04019CC04058AC80023662E25F342063165956320BE50370F2A657BACC817DDA3DDD3EFE04028645780A768FE38DBA88BF2EF3ADADFC7FEACA952E5A77568ECF0C971DF32BF1D24F8486B22A649EC81B1B60315CBEFC026091CA45F858D7D04C1B437079431E63E38F88075
310
8842E780A9E03791C0FAAFE10012588C3C592FE35461A6047802BA18686887023A422A49599399893103942CF6DA53A8E387825FA0678B261F139F801E2B17C901D0F5217E07AC2401A87D0480F753FBED44FE949C93A1D042B879FCE499B3D861AEB23F9C1F372F0C24D0B7D6E70FE1AAF60F84BAE642D82F0A9F53E22783
310
915518494FDBC0AFAE7DA282E5050B703570E06319A015E00D693A6BEFFAE493941C3B08C13B96BD20D0115A9565701DC58568A3009DA13E965765C03091F0FF339F7309D44F6E61F837F1B1FF920450EB8FC48F9B40158BE89C81A597CFB0DAF5F5755D3886DC13D4479599B583758CBF35663AA234F133F91D3BCCFCE0A7
310
94367F385C59B19431780F1C099131384056616E15A1563B50021D369C593FB292685A68A8B2A50A0A2085CF05434617E05FC24A6B077B990014421A68401AC4D65788EE25F737EB780D08A6E38F060F2ABD889E1B889C44852C2FF368C1E3E710D73B6589EA83F7417B341ADA1F639A23D15298F087AD0326410E116C3A1B
310
325218433C71AE62C07C1480F1C045629724A076A4BB8D622D24690486727F56108D07046DAB065000678E04C4F8C342DE27F4AC102D854F2D08D59B4ED0E4F697B0FF62F113646BC5B7F3131D4EA8BF8B265EA3F2026E7061B96F6DF3D993276B2180B8E57067587428579460551049049B074CF8B1066C7E14C705F0B392
310
98C0997C17F701097023BAC31081390196801FB0C2A12380042927503D5A01CA127F9841B460310639C674BC8CDF1A320501448E0068905B07F6E5602F8C1F07786253438CEC51AE61FDB25FF71B09893AC026A9EAE3F30F369F5D5EAEA5801FBAD3C98B38C13EE017B054F81A56F05259DBDA64FE270B1FC4C77200FE276F
310
E814B916E222575ED717A62A92956504605268408CFE13FD61F84252228376060206802B9550F00B9D47E6AF1022538A752CF4FFF1F5931384A9FF8700EDD4FFA2B93FCBFABB3EA6C607FF714B0B8B04EBBE83B52B246092AB018C0D0002FC490849F1E214AE6FC42009D6D86616C835B65DB9862EFC4480C14137603C3089
310
D0A5588FA27E693DD184131BA4E88C35045ACEF1CDE1A82323C20B842F2419604821196EE8185BC834AD44F8E9B7549A32900196E9ECBBE20FFB4706861AACADBBFD9B56A23FFD3AB8BFACC18B1B5AC0ECD7B6AE2E2E9CCD2BE8AF1B1BC3A813B94107E82DE67A42E7CC7D4A6116700B5B2EE3C338A09B840F07C40A64800D
310
7C605AC42B72227C4C7020AB1F20056E26F542717F56534261DE3766AC10A6ED2D006DD03BA9DBA507AE0510A8B385C92363B9154167F1230C40D76AF6F3BE0CA08F8BA2FFBBCEFB09D0986550E0F0EAE2F2780CDF850CB0F88CFC2815FE87BD83909F474F45DD47F1C821DB2107A8817FD45384F57891B65F2543D0C1E20A
310
89B4A8DF806862AC27C60F6A054627FD344250718AC0FA21CDC4E28DBF2650D1B39D8B8A420C348A4F846E2BE824BF8C45E1DB8EEB52F576F47A75FF95F90FCE0FD3A7A08D48D5B9AFBE3EA658E1676FE3372FB57F0AD8D70ED4AEBA3D4C2BE0AAF1C3AD63A6004D12900CFC481A47430C9EACB390038642C8C41B13303166
310
614210592736B8603AD4FAB17189DBB32F3915F0C380795A089A15228460BDE8E52203527D41B5470901B088D84FF8B3FE2BA7F4FD30ACAB3DE0B7E2FF95807AB0010FFDE3A048F7360F9F3FB9380EE537F16F8673131325D3351A3F664022020811A0FE8C019CA17370725CBFF64132025DA1BE2555102212E80A907FB43E
310
D80A991A8AAC183932C19AE17524B06590B6AD286EB99BAD18FF4BD64BAB519202F992A963648ED30E7521F909F090C0213E367A77D8836BEB6F34D92EDA624183070248351F1A079E5D3E7A9EE81F2CE6678F92E299EE312B6C0572C0A7B5EEE07853612403813152C7125E2022A20C18F855DBAFA399817FC97FB6E1CDCA
310
31D348434ACD0012F0D32A5456B4007E6E92D72B1A4E9971223A42C1042819E4049C0C5801300C0013FA48F8944FBAE71DAFC27F1826FA2304ECDF3F6C10FF47D5C7E49748DDD687DE8E91C09394EE0682A4F84CFD6067EEDF43E67EA46CB2F4070160439245F00343D03BF25D7E2F26FC400A896DBF19FB8D4D0A66DA669C
310
3D608F9CD048A0533621B25690EE19D5D15248E390F042B12C682511B02BFE3E5700E4C9A9B2107A8F45248FA48234FD23005ED1F4EFE80D1320836F04003BF42856D478D1DCA3ABEEE3C68F9F30C3A16E5C238EA5DE3FF37DACC2F8B7980033F47FAC34421EF0418A045394802CE032D61C70023D788136788613887C0011
310
A4EA316E005718AE191F8D0D841B9C679CD2FC478442D005429166F5A24403B1E6ACF3298F388B6D0BA933D92339D48969A5C11F09B4FF017A9900A4F887010C474717E10F36468032FF33F4AD610517777104CD920C3CD15FC5F3B3A0C75BBCA3B00F2724863C10BCD4A0E00736C7981F2F72E4B001438B99714FCFAF713A
310
2603BC710376A1715FC602022202E06FDEBBC680A3DF1C4C095A12C50B554FE7623B50374FB2129DDEA4C392C9188077658C87F55FF92FFA507FF03FC8DFD3F31BDAB46DD51AEB03F7E1B38B8B87CFF47EA1479C3EBAD5C6B382C221C0F1B358B39D76D9D3142C4A20935F541E492E0EF081BA41B3620A8E172B584EA14856
310
32E22A8221CEDAC6110AFA4B6D43E2B76A18AB240BB24337721C9321D2C033B2D3E2641A55A400A28403C12D1DADE39AD23FC5FC08C47A64DC3FF6DFF76B5235124022D7E6D6D5F3CB870F9F31C96FE477FAFE54100068A3A87FA5908A2C08011CF31309C10025B089FEF9C510522B8DC07C30AA469841723A10C08E27F00F
310
7FBC181C083F2809EC3B2B328E294AEAD5A071B3A95C81D2DE3F930372D022C9C793535B92FDAD5426E90490C3C81D000017C6494441544698C416520C1C40C71FC204B22448FD9303782FBA67089A1A7D4CE38E89050FEF5F1E078A4DCCFADA058032C34C1CBC2E1202B1F8962B1A8024F0EB7A11F209E96FB369D4B64202
310
FE7BA230AD24C46413536EAE955B341B726C593B5D4630C0BE822480908522B0D85430230352618DCD4F7BA6D568BF4343801480006658EA3EDCBFFA9702B4FDE9022163C43F9B72B58001A23FCE6F0B3FF0E4E1DDFB9801A6FC42FD0132CC1F2224F89933107AD30B6C9131A53818AE944BE25A70810821C38F098411980E
310
46D108F483DC63F49B91B852351604091D60546702F58A3872A1716411B642C7629C267E64E77719F46B0548FD6BFFFC86A38DBFADFCDF700228C124C8664FAA02BFB1F92B09800876FCE4F2D1C3FB4FD0A44E0106A8DB8079751CBF0BD9340066C3D52BC64706467C05B5A54401BE4A1B0132A55EAC1CCCB10D378A3DFEB9
310
812022327745EF2102886A9142C812A1A2C9708027BB55B7006357459F9C2080E0BC34489FC629510F3017B62D5073E2A2C64048A0A42580E413BA9E08274091A398EA80B5BF31C87BF5ECF8F1C5DDFB4F22AAC181F070AAFDDAE5650C4000516440D8806786D874215149E69ABEC43FF0EFC820FEA112B0522003C84BE03F
310
B76623513B6D840820358B084119B0CEC8C00AE888826339A54091F5FCA513AFE147975BB1A86FC50618D9D74502F0C7C8815AA306602FEE3A5E79E0D7DED1B221001118B73182CD439A092FF801105D1AA14E1918EC282F6260869D55108065988BD67F68E5581720A708051F7C8070F582389C682BE53F2AFD85853F2A01
310
3D21564028E06E79B7A71E43212180A81541EBC88F451E02385100491AB0C4A3BC5309A95911E66D04C0B448366988ECD204C2FC930F8CEE8FA410EE4C25B58DD1B6EBAD83F6196670F7DE635282C0A56A851AB035831725F0471A10FE52097089C80495804100318405F0DFC2136004B4C40705EC9154315129205EC35793
310
0035688F61AC02188250CFA9A980233925F16A117A48CA54DAB6400221976B75D863330942E20EE3B00B08FBB71AA813B0E502FD2B023DF70114E0D7DF2E2EEEDE7B789504200112075478F2FBD6897835C91F0C20782401E801A2F9142700B74805703426023A81CC0BE88B537D0003E0C5181D29EB8D83050964DD258091
310
0A1E7A8138F76253DC01DC2F3824391AD748276C0B0CDF12366625D038603D0003E0266CB42704C8CE7FA7F11B4D59C0BF454A78F8FCF1E50513715D469607031272358F04E0003C90107223A581218F10008B10247CD20D860FF0BF48801040B361808148714764028EAC137E871501EFDD97C89B52107FF1235B0928C562
310
530082573CE137840EFEF82A0BDC602736C595912FBEC69E6A3A26903B3A300C5A098A9E3F1810CDFFBA019D97B4E7A7A075850F2E92569BD960CA7B8304995FD006FC4213BB1448A6F4BFBB3A9F9FC4962D0A1369129B10073771FEDA38B1737B663A71C088D8848027FC3008DAC4E4397A6F76271DFFFCF77D6BD7F1F67D
310
A51E0E08875A6BAFBD6BD7AE52CC04A0B4A2206F650EC412841A48258258E8662C3838FBE21E25172C2A15A4F78D82DCF68A005DCF07047C183E1CE47731BBCCB5469D9169E0D588945BEB637E87802A03D88FB82486210D28FB3B858D13DC7CE75F5E6F3B03C1744D30CC58C7C7A256146853A05243060B850072A7010CA4
310
7CFBF9A1E24F414037B8781E8E9F219A774B36481CB43E48A79819D638C8760D672FAC19FB9D3FC5EA9158DBD0159C27860409682E8FF2595652FE189D2CC2D7C023E944158355806FC320087CC74116030CC376C559C098B93A041C5DDA48AF33827D2327DC761D19C17CC62780D82A170E6CE7415A5E7FE825E053048F88
310
D2AC2A561CA4D4C60098DA28EF1A01382772484698F60C8DD24BF396EA76260542810A625978C03580A9CAB91D10249BE579B0377A3DD15749A45F24C4D81FF3D7D7996F6A1690288008C0FF6CC186DA9D5FC95BB09B1301004B016E707FDFED306A1BE8FA208828F00BF342186839839F1F6FA338DC5A0200FF383DE92614
310
C03A4508DA18F4D85F9354F7E867AA77A42FF49BBE6757A1A7454448D0BFC3C220714FE43A3D8F1547BE10F0BC5A05985AC3C28829A06FE24CD062700601F4AF12AF99099B08E7071DC4626A97C920C3FF96E190C9D1FD7CB6163E800D79E5F3F10A9306C02B799E80F1AB380E0571A584C0370A220C3125000B500900D96F
310
EA40409F980E2083E4EDF4D8D2480AE5667222E020BCDAD4EF19682120818FE18EC7FD6AAD67C03F7DF1955E697456F517AC4F24700C30171C67E9168B109A4F60AFA60F98BE30941BF776DBC7C70792A2FBE98AAA97224F8BEA39B47BFD14A8CD03320DA2B676E3AA397E652E30A42CE2987B7DA1EF7F75242413800A04C0
310
270C62A13372400B435ACD84B8B5009208F5AC73EB149FFF3508E21C2201E0338BE07E50EB47E7FF6D97724A601028C5519073E7978EC88834410450E074DD58AD13A4900103A6444A9CB99103229F0EF8C0C78161EBC68137240734CDCFC349807851E0EB46CE864D2E405ED341B71A390CF2DE20CF5193189E1901E866D0
310
230409684B193D17E2928534D04240937D3C84477494FC5E0FE0B448E35AFC19007926C1C6A6E622FDB8A12E30993C6710E070397C4B26304C0AE38218D19F01FFB15BAE1C0E7E74DF75F2406E373C414E848FF8E500EFAF3C1029C9C0ADAB2313A7426CA9B2C1B9E30032C84EF31A09A88A386F136E8C2F1D582EA0459207
310
015F10F1F001F0B1B7DF7222011EA2001F00BFD36BAEE0850928B08C077030FE3806C880EAA74BCE0863A952812E6008B3A89199C1EE918AF96AF583F1A073B0A355B9D861AF1460DCFB3BFC6B7EFDC834B09700CBED3510E48DC7129041C991F06BA5006CA6B5B34EE21501374E8DFC910042036111EC9C7CFA1C05D48A72
310
70F7F835BF04A4194DA4CF76CEC66718C84CD020D04C412AC848F03E3C61A1C8D50D0EA6838A00376054D3DF61A0E393E1F8B058A6C994093476D601A4A06F0CFD3C0A6BFA910E75CC10400A80FDA93AC9B5EA4303F6C0D188B559086091CC5910137772E14F2376D03181B5CFE74C0EA38440D0AC256D6C4D104CE05302FC
310
C00B60B9CD4D71E08BD40C144A025E60D4C1F45FE846A2105D717EEA84808A5DD90A168E133640311CF05DD870768683F5D2F1800F485AEBE5CABD8FFA3C0BEB33702493AEB551B1EB035EF5C8E5757FA7832141F88E8578A363802B560007AF93D7D470B478C4D00B412D634C9140C4F9275C00DCE8DFE3C7F8C0AFBC5B2C
310
E82E3C3BDF393D4375D50C43CD1C17E3777CD2C170725B7B42B41DF15BFC344DAD089C1E9118522B4A2C60B794E4E8F33081BB7C8CFCEEA0B2015E49D586429C6C78646180B7710E06018A3082243C275F077FBE412C17DE80D3E6B9462C5204C5D980D1DF84A864401C483CD01B143F4A4868087A0F780F37230200A4FBF6
310
AED325114C367C22512750A5C7C3E32D545CE20A0904183BA10015DCAD89864B3E1EE97EBAE8B204266A48E010511838E2FE413FB116E60880C2D8440AC3880DDA6DF6618C138CF1CB2A09637E18D00F80CB0DC05322E31EADB8081C29410903F06BFCDF5AB46024E4A75828056440503C707856EF0C037623DD4922A400E8
310
A6BD75E4D2800905F18450A00CEE88860C8964C7B3F90F56528BA18F71CFBBBCD2D05797E168FC37DB26DBE0DD2EAEF39686C18440820013C1444055402A541400DD362A0A402F1FE51246404E098249FEE30708C10CA0B54601053159480C00BAA9B1223A773234FE72FD5C3BD81804D8D196FE3D5315A0C981D88D04FA01
310
DFC185CA93F9120E1F480B08063364A0A318F08DF95056E4C91F1150D31B011200383502E079EE43CC18603AE2F88FD139C802A739F208E88D06DC78267C448C27C4113C19B0F51B0E9C1C021CF8F9167C6B1F2E10E461002910105D1042792D1CA303F469714C018C23D72179E165049C40E801CB96CF334562E5807291D1
310
E0C70FE6CAD91656715F0E5C5E70F8D7F83290549B1BAA6F781D25180EBCA93EC84E72A74081CE3020789B3790E1A9E478E658C099BECFF01E530E80EC5FE31204ACFF70AF8177A03059240CD074978A002A878BF883FEEC81DD684E406CA630ACFDE87292822A11953710F000885D6F68A67ED40CD772B0828359B753F7CE
310
23D9479AB9845771B389D6A77130F8C134EFC83947392029B10E4425440A84AF0E54825228FC1634D369874739C837A9DDC83C20D320C36042610ECDFA750303710224D01202488012CA847424F8D53F78AB6BECE9B3B35A7F32396AC6B7444566327DBB4DF06FD9616744F4D3A397EB3B0A3FBA8D763702883ED742FE5CD2
310
4146D8E353ACCF811C806AE09914D8446E93840FF4D6C963FF32BFB6AB015D1D3B0C9A0968776F021F21404B6260CF84A14F35180CE20B5E85BDA2EC91FD5A7DBA7E5705F4F0F97AF26CE18E3BA078138202400A62930FA6CC7882F911A92F33E547E64990B0F27323D73B6222863F86425153FA8009361C675554C25382CE
310
148420C8DCC47A20122806CA178A0918C14CBD33440289078A00EC6070184CA9907FD0A1270478E0B325B67C2193694EDB7DD0F3C238447C8A11485562FB4902134E6AC952FD5320A4F7C780882DA9684285CD81D278C0E8FF8DEC9F45D22DC3C2CA99C2728110888799575B6834BF22B0F01EDE72D7F21B672C40F0A97299
310
9E2200B7C91403F9BB3D09C01990819238CBAE5E7510D7D57450507E3DB04AAA0A3C280064E0775380C8C16EEA4834346A04BF0CE847B4B3AF760D06D24BBB267C32E2C9257DE5EB748AD101AF1FD33265E2B674EED8C01A0AC901392211011AC810560F77778E85B13BAFE3E25C95B70919A4862C15928BD8989664AD8638
310
101D009A80F00BDC41AF27602A4BDA0C077E550048E7F1011410F01405045E1C140B4D0E70E0F6E034171C3D6FD12004FCC1FA304312518910356628A4A326EC9ADF5DFFD1B2C0399503F14B4F8E3E0E4E39A06ABCB56A8014687E86E462BDDE5124615ECDB412B7314F62E6E0C76ADEC0F717B360E741960104CF1706CFA1
310
8E0605004B01AE007869B095ED92144A807841EFF2811C047889A04901C809062057192688C92346F97F279449F89B113500BAD282D1DA80A55C27EFFE02C8D4F395003F285B617BBF0831F49B055342DDDD414378E8888E92C16789F269A27C9A221FAA4A0DFDDB9F935B2ECC04DC51481558A69301E0460B02665AC4DD30
310
C03D480866C3409400051811876014C0F294C542821AB045011A3E3F09001FF304E3A0BED05CC11A811B865001769507FC01ADC611F400CF68C7B093606E30F3C7E0F00C1D10C31951C1E2D7252181DA00345842A19130715C736EC9ECE686A712FDB31E4D3E50AB336E5666D7B212C0113C4A4406029709B43D0228F3FBAF
310
49921B19CA0C82A2D5BC4A2079809240F37D3E10F9637607C3983F0458508A98B8B4EFC92AC13530180CF55359500080061DF59B98BB3FEACEE881DC8127F182A885A86FB12B43C590A4380504E32305E3148BBEEB2D2782029765428092545BA5C2C681FC5F8E869C0EE1034A822FF09A12C94084505AA868080303473F81
310
61F7AA0A6610745E280BE4427FB770106F8800EADABA19F453210435BDB2348471B13B65F2FCB554827632C4C44467333E4127095D22092ED492009930413251B5408345065065E415266E20279A40B3F520370BE2050C8360E6BB4601C1673B9BFE007EF5200B6483CD195400A783E6DEA0653515B0FCE8E86D1618FC1EFC
310
15C2E727F24F2A2DAB57326D8D0877D4E298894E7A0C3C7D9CE8A0E2D17AA2020FA1097D6372F2A9F955060FDD467AD0426368C24A8340FD0D6687A76316DEF5179ED9042005A2BF02A5DD810A4DEFA4A8F700EFC50FF4FB8C06410F0303C106ADF8852ACC6A2CA9046E9ED070739339857222CC009E206479886EA26227BF
310
7A341A15C351A8404A6C10080A2140FA4B4E8D9B9A11645899332363FD69887F436A660566964250FD752E787B64BCF8E6C8190DF8EA0C854C062D8A5A1346F810414313E606ECA0AC3A01D6928544029D5F42E202C0CB386F880F7842A31287061F32F3CBE09F2950783394F2F2B23D85386C6F51943E99DD10C8A0000BA9
310
569A14805693274BD0E4F4DC3F28E331EEA91C4F33ABE057889BFB92819187840A08E57A276A8BFCB75B0342668C70C565C8059996D209C2800941A21FB82B2F520BC2E6FE6F1A8827043DE17000DACC8193E78BBB8DF1467978C06F6AFE986123E3A95272CAC122046F4C65C4B88FED2F1CD1D918F7CDBF8903BF1A90057D
310
42F4DC133AF804ACBB58446A0DB78806FC053FA1E45D0AF1112613CC0DD976C5E70AD3282F42725C0D02AC8588DE451B1C01ABF063E7748A3882F0DD484BB78D037F9812240EB88B6034C0AD53E5116D4C6D920C6A89F084E6D0598AD7EB6930CC7B293E27A666E5CDFE9A3FA52FEB3C97976FDAAE9A60008FCA6B33099CF9
310
880D35D419FC687D424378E3099441E110C5B3C6DC311E6653514A67A530D863326C4D8430E0C28024803B5B069B0E60C10EDB6DF087034171DF01F1F3404B27B1056D8C0E56E7CA6056E7798147BE4C2F01CED5987E413AC6A724876DE3F599E0601CE7B9CEF3BEB3671E12DCE8AF9631B8031D3F360B6955DC2342B2A0E4
310
632A00264C0DA002220CFEC3E10D9BADC8904D88DC51928593AA16C91DF6FFF82B3234404C7214D0F8608E0052283EFB2B0563F1D072936C4017706010BCF1B16CDE0C1FA9C777E44E1F5259B0C9BBC8794A82A6C182A3AF56B16921405351FDDC91B5BAAA617860E8D76C97C377FE701A4EB4378FA97C2C8E3CC8950886C6
310
FD93AF70A1F5F676B7ED16CBC56AF5D09110EEB8607CC08A795882358280DDB98AFFE7087C6EB593D62F041CDB4018935238E73F1098100D0C8769818F777057F64C703C6530E142FDF5C837AE1CF66C94C4887D3A3726AB990DEA248F73B5D32C8E04F6714B1E67C53FC52040252E605B322407CBF8C7F05453462A295ABF
310
4D95592DDD76AC23512E9A2DF964715C80DD752CA8E263AC36F02C3C28A133EB22AC8D099BDEFDE28C3E8FFEE3815D5D00C17C00511058354D62443C1A546280E43572A9C661A34FA5891F8E7570608C8DF21DF51DF9D2A84D4501F41B8CD4F4C9DEB2F901E810C0E4CEB6EC08DFB06341C864CF8D0EEE779A606545E1E64A
310
AF30A4324C20FDD3BD558BD966BA994FA915CD162B1978642AD01694E533EC190368A68234657085B5F88E27A0805E04B8BB6A00A51646EE3C10A50FF007FF410F1963CA69BE2002F0F902E701AEC995FD41F83A3F0C3809A3288A083003A6CC2A20E6D703EE48E3777AC07ADD51EB6101603A9FCF17B3D5928F6D742EE7E4
310
CF38AE2B03C5FB39C81D7B2978FAFE85AF3D2710B0582C970F0FEB0E4D1103B8BE2B4D560CA10002FC8F334C891C07B44FE06B2E3ACE5E1E2D1FC32203110ABF9CA0E8381F68EC3C06701328E5A38278A5FCD944CEA5283DA933DF2A2448BD23F1C5D8BE04CC2DC3B43B3EEC29F8B5FF926D11D3E97EBF7FA1BD1E5E5F5FE6
310
D3D972F548547783146ECD84873F377C5820F7F9FCE5E07378D6CBCB7E036DF7F7104079A05B77C6942D1BA95D47424BFC3DB6411009A42E207871B7EE9B06614BBD20F22F7523FB985F3F7068E37600273A3ED0C1CCC380F6EC4AF01CC1CF95E4848B7BF950AD14C44F10460221E02D21D01DAE800F323704C00035DFE97C
310
B37F797D3D1C0E4FBF35EE1E5E9E0E879FBF3DF6F474780A01FB3DAF01FE0C0798218007C2090A3008BA7682A338F4A8804A06CBFE6A80CEC766F49853F15B2F45FCEA3F8250012841315016E75E797EFEEC4ACA6C79F515CF1738F7C36E2406071051043817C9E8C5888D49D0332E800062FF54FA562BF7446CC0BFDFBF86
310
03D1FEFCC9F7FFB5A7F000430755C2D3F72F2D02A022820897ABDD44594475BDCCA4A10AF34C06B08B4AB58BBFAE30999DC66C7CE903A83CF8EB006EEEAA063430F84B05F0ECF644825F5E95073870E72A0771AB89B080022A0C5A9FAF34C89286257FB7BEA000EC65B59750C68E0815B0D9834B15606328F80709DE09018A
310
C2A7817F83F96DB3D562C10A0A31300230CD4200B87F85808BAF64D04600254047F9C14DE93464009E7F5AABB4FDD6D55142A2C0BF1541FCE19C20C899BF4F76AB54B84CB97F88F48ECC029FD253F0C70DF4816B9AC94BCBD653B1A283C4001A0337955E4AFED3FB790B6B1F5EA0B5514074103A38D84280EE0F5F9BE974EA
310
B2D16AB1EA969684B6E4166CA28264B300474C7308D20013B204A65F82970718D05678B3315D442E1C0A327E2F56556040C005D2FAB1326A68A07507C9E46A3648555A7080F5F50219A00E6222E3E0862CE95B5680930530742F1D041805E69B788161F015944D041182B861A2C17F3AF01CF5BFDF6C343F9171F5B004BF59
310
C016719164B888EA206A02AD05E8464D06B48E4381A0E9345FD171625AC22198F57C003BEA5510F81FF78D31C9B033D0030000000049454E44AE426082504B0304140006080800EF5E645251464CB48900000043010000360000006662782F30373845464137422D373934352D343446432D423639332D4633353538453333
310
373436312F6469726563746F72792E786D6C9D8F310EC2300C45AF127987122606C71DD918B841D4B851A43646695A717C52A85029031293A5A76FBF6FACEF7DA7264E43906840EF0FA03836E242F406C6DCEE4EA06AC22492573150D1F66C60C640E8938CB705396EEDD86DE9B5042FE27813D640EA63BB001C722AF6E55C
310
B61E4863F58284D5D3F53DD715CE1C3985E63FD7F1B7EBDD617E9F1E504B0304140006080800EF5E6452AF4429DD40070000541C0000340000006662782F30373845464137422D373934352D343446432D423639332D4633353538453333373436312F6F626A656374732E786D6CDD595B6F9B4814FE2B23F665F70130603B
310
76455C25765C5955DAAA5657FB86C67820B3E1A60112677FFD9E196630106C936E2B559B483119CF9C39D7EF5C70DF1FE2083D1196D334B9D62C63A42192F8E99E26E1B55616813ED3D0FB0572599A168D7D1A4A704CAE35BEAC2DDC90A5652697F624C065D45D5DDFFE85729F2444437E84F3FC5ACBFD071263039745BA27
310
F9A3B1C70536C2E0605846B5B14D3664387BE85C95614692025885F504A8480EACF6BF2092B9704DBEA1B5CD1EB6CD39B3CD1482B719A5495EE0C47FC555878E3D8C2BC71AAFEEECC95C9F8CC78E3E9EDA967EBBBE5DE9D695335A4E97CBF9CDDD5C430B7797A6516D808C247BB0E28BB6B05C937F538B2FB5D0C7B79F2609
310
F1A536FB36EC89A44B49DED5494BB19610AD61904AD6C6823350F813DB0629A5C5524BDB4A38F5D9F4DE74F73728211FE2A52C27DCCBF38281ADA5EEAB7818B966B5DAB20BCD518C0BC2288E5044770C3330106CAD0CD422C3A38593425C67C28A8A5E935770ECCBB1D4C7655046118F5F6D2122CD837824452E38A3FF1076
310
E4BE791BF004D29634296652D8E225031273D7148BD5778E2DBFAC1489820887E02D2026DFE4D81D7D2D39166C56DAE2E37A77D8727CE8BF3C63694658C13D4F04B38C3B65C1866B81F30D504AA5D7B6ED8E5AF90AAAFF049AAF79412E588ED1C3F83056B2339CE441CA62B00E1A217D047F46883FBE7A72CDFAF002A11656
310
9ED22984ED0FD2694B8CD6DD0D952EDC2770FA943952B8AD8F23F0E97B9AF038074741510A4B80F7C1EEA02D3600A6B008A77004D2C3AF6BF247041F151DC09B8E85FAE07780A154C074E3EC68AB0FE0338CFAB5A95A329ED2EFE487E8F766B5FDB82D59807D722F037B45029AD00292693F432DA5B742FEDBE69388C857F2
310
B476F9704F9872E0E8B1CB56DA0509C3002B3C0F57A6112BF714C23D8A7042D23297EB7D40E5A751CABCDD8B57C570EF5D7F2A27A82E83F8E61ED00B6690DD7D4633AE146D21C5AB91D038EA89E3A074C0B032AAB7C3FE2357AFE703627D0F1FE0B59875899671E6E1382D130EDFAFDDBB2B9AE18CC48F65CDEDD1DC9ECD27
310
13E9F0C0BBB840C58F02879A7D7E538CB313D72C5BF692B8A1145945D218F0B24F061FAAA6B2F0D20CFBB4E8F7868E180359DED320287380F55EC57438361C6B52E946FDB56D347AC36ACDD4796925531E8D7148BC00F39CD8CB5F4BA1357165A45E4D86519AE73421B9A8695E615D478B2303A0A3F27445B5C76D69EEC5A4
310
C0DFE3B12249761C969120F2A0FA2A78FD7BD95F158332DF9EA2C86BBD34F184FC2F5E8EE32CAAEABA4B3AB0ECCE0DBD7AE54CF32B9EC03F3D5C78A33D1165FA25EA359228FD0EA23EFF6EF227D4C3F04F578FBA8242B10E59F5B2652D6362CDF9CF0C60683AB19CE9556D8A4BDA529715BC6E894AA8B4FC17EF99D0F06118
310
082A939FBD272751E0D1282A63AFCA210589A16CC345C90645EC14D0A47B9144864E48346E0A680445F5609815F58AAA58E03251B09C82D9C63520144DA0AF1B24C82B297A9D58D842F4B0BC55BB6CFFB753FDCF88D9EC6D1EC9CB73CAF6BD9CB64B0F55B5A9228303A6CC89B57905E585DB0CBF58343B97F530564424C255
310
9D85F410469E281F6688AEA9B7E7C89F71E103946EC5A77E0B11B127FB631DD222274723DA022E55D4546DDBEC8E00EE780269156B1B0EA9314C283047DA7BFE107DC5606AA8167353564266B5BEE1A9CD8061CC918F33B43E7FD876A8C0CAE0D35FB88EC87387825C5DF2E2EF0CA96F9B638DDBA12025FAB63973BC7828E3
310
5D8229CF8DDC2DF03E7BF75EF49FD7263417E6E86A76B7BEB9BAD5AFE6E3893E1EAF97FAED74EEE86B673299DD39CED5786A998CE469C97C929BB639F254B59525A1728C4A7543BA1098445C6E17953F770DFC3FEE42A274874FF9E2AFDA84D4051F2FC93AB138B409E905EADDDB3A06EB1550F727B137D5DAD57C4139F8F9
310
B40560A4F2FDF0E242915619BE9FE746467C63E23DD9DFFCF41CD302F4DEFCD0DAD107F96D2C8679554F96521DB1C0B51B676D437334D701BC66FAF87675A7CFEE665340B4ABA9BD9ADE4DA76B68A664272173E1D0BCF24B60A862B6317A8309729E461406F9648F4292420F04938A01F8CA62928BDE060A0099C6D55B8401
310
A79FAA396C8177913AED3F601866473223973E0C52A1EFB8D6E43AFA0D46A77C7A29065AC623241EE9ED1A2A19BDD6C0050A0AF9C5D8C1084C0C1C05F5CE8813CC869390774DD5A9FAFFE331AE1DF095A35CF59E217A9192B5BC13C6099978B70068A70A92EF175DB18370018FBBB2A885392E1CA5914A502F112AE16052F8
310
28D57B00E0392F9765883D2D950C9AE69FF5838AAA5E60168A917C43DF37AB2F269FA66F3EA32C2A436ECE73F9BE4549E775465456832B171C438A9961DE892FDF995F580AAFA562B4A6E004E8F7C36CFA87B94CE3384DAA25F346BEDC42DB077855B537D598100A97916D99A2EE91AF0260D6951303EFF3475800D332CAE7
310
A9958A5B0E50C353C3019445B82DE0586BFF668564126894B0CDD295AB47BC07401048FCFD0F0F9BE686C6D0126201B8AA66BBF5835A704D0683F3C5BF504B0304140006080800EF5E64524521D3C9E1000000550100003C0000006662782F30373845464137422D373934352D343446432D423639332D4633353538453333
310
373436312F7265736F75726365732F322F636E782E786D6C4D90C16EC32010447F0521F5680C4E235511263FD1532E11C51B8A62B3D60255FAF785944A3DED6AE669353BFAFCD856F6059402C6992B213983E87009D1CFBCE4DBF0C6D9D96842CCFF30CEA2DD60E64DE6467BC2B27769819B2D6B53D710EF5D94570F1128B8
310
EB1E3D676EB529CD3CB94FD8ACB025E302E92E169BAD508220612107F5440E1BF4138EC06658B899E4A4067918E4EBBB52A7E3F17450173D36D2E80FC4B5F3216620DC5F26E9B0AEB126927A6C80D18542A7DA1BD5F88B276A3C3D56DBE894A976D0B1FCBD572C6CD6C3F8447E5DA3C7F6641DCF06EA6C85981F504B030414
310
0006080800EF5E6452FF15A4A45D000000800000003A0000006662782F30373845464137422D373934352D343446432D423639332D4633353538453333373436312F7265736F75726365732F636E782E786D6C4D8B3B0E80201005AF42B6F75B59F0390B113044D83508C6E30BC6C26AF226F3B8BA6360974DA7271430F523
310
308B2B198F9B80925DB700539227A2FCCB80A18E5640D320F996A81C9F32D6E9129A0D1EF74FCE750E6D57BC7165FBCA07504B0304140006080800EF5E645211A49AB34201000056050000300000006662782F30373845464137422D373934352D343446432D423639332D4633353538453333373436312F636E782E786D6C
310
CD94C16A032110865F65117ADC754D1A28C135D0439FA087D29BEB4EB626AE2E3A5B9AB7AFA6266929A13D04929B8C9FF0FF33BFC3571F8329DEC107ED6C4358559302AC729DB67D43265C970FA45809EE9DC36F1829AC1CA021A94C04EFBD9BC65CEA602D2793AA46DB6D2E4A44AFDB0921904219194243827A8341567242
310
D741D8569D4459B1CA4370935710DFA31E20BF571E244247C4AC9EB1B29E97F5FD3363CBC5623967AF9C2652F0D63993796D11BC1BEF66B572F168A39C9AD304083E799DA9E4818893B6AAD596D3782F78887A6D9F39DC8D891B47A395C4D828EA14029611023970FA050B4E93E31FBE9F1E5F4E1AE2A9D31E143ABFBB5A1B
310
D8B9361CA5553111FFEBC21EFCCBBC6B37D1F2F5E67ED670167631BB87E48618DDDF49887992B637B7F8018ED22E9FFFB85850AB5B347D507621CF74BF02E3E0D346149F504B0304140006080800EF5E6452A6E401017E000000A30000000B0000006662782F636E782E786D6C4D8CD10A832018465F45FE7BB7424D0335D6
310
C8F78865212B0D97638F3F1D5DECEA83C3778EEC3EDB8ADE36BE5CF00AEA4B05C8FA47989C5F14A463C60250A7650CE1F8BB01F2E36615140C5A2E31A4FD44939DC7B416BA3AFF3C61C5C5606EBCC7BCA50C536AEEB86F5A820D614C0C8470DAD4D9B81625CFAF97B7E4F517504B0304140006080800EF5E6452A6D797065F
310
0000008200000007000000636E782E786D6C4DCB3B0E80201045D1AD90E9FD7516806B51190811670C8A61F982B1B0BAC9C97B72CA7B1037C6D3332918DA1E04D2CAC69353902EDB8C20262D23F3F59B81A079470595414B17391D1F19B4730A5583A7ED43BBE4025D9592775E5ADFFA01504B0304140006080800EF5E6452
310
ECFD112DA800000026010000130000005B436F6E74656E745F54797065735D2E786D6C7D4F4B0EC22010BD0A61DF525D18634ABB506FE00510A79458060253536F2FD89D5197F3FED3F68B9BD80362B21E25DFD40D6780DADF2C1AC9671AAA3D677DD75E9E0112CB5A4C928F44E12044D22338956A1F003333F8E814E5331A
310
1194BE2B0362DB343BA13D122055543278D79E6050F344ECBC6478EDCD76CE8EABAE5449AE4298AC56946789C28AAFBEABC53F3EAF09A84A1441B91F0101CD4780756578C173A578FFDDBD00504B0304140006080800EF5E64523DEE336E64000000790000001B0000006175746F6465736B2D64657369676E2D7061636B61
310
67652E786D6C35CBC10E83200C00D05F21DCA56CA76D41FC96062B120735B69A7DBE268BB7777961F8D5AF396893C2ADB70FE7ADA196782C2DF776D7A97B5933C430F15651E5469C55D70F80A4992A3ADC954792C525AE70A1E4D6AD9816CC044FEFDF01FE3FDE907802504B0304140006080800EF5E6452BC7EC7B3F40000
310
008E0100003D0000006662782F30373845464137422D373934352D343446432D423639332D4633353538453333373436312F7265736F75726365732F322F636F72652E786D6C8550CB6E833010FC15B47703065342641CA5157C414FBD59B643AC041BF951F5F36B27546A4F3DED6A76667677E8E96BBD179FCA796DCD08B8
310
ACA1504658A9CD32420C177480E2C4A8B336FCA24161F8AA46C83030BA381BB71D12D60465326AAC543BC8BD57010A714FCD085E5CD5CA4B1E4362F85BB97171E38B2A71F9E4311AA396BB54CBE4A62F5A3960FD4C0EE789F4A81FBA0E9197B945437F9ED0340FA4C1DD1BC1C32BADB298D1A0D79FEDC2291E9404D6D40D46
310
758B6AF28EF1B1EB8E2DFEA0556632EA834B3FEF4BF377894EAB27FAC72D6EF27FB7A84D689BDDEDA9F0C0703AEE3160B4CAE9A4F2882ED59C24FB06504B0304140006080800EF5E64521093ED29F9000000960100003B0000006662782F30373845464137422D373934352D343446432D423639332D463335353845333337
310
3436312F7265736F75726365732F636F72652E786D6C8550CB6E833010FC15B47703E65142641CA5157C414FBD596643AC041BF951F5F36B27546A4F3DED6A76667677D8E96BBD679F689D327A009A9790A19666567A1920F80B394076E2CC1AE37FD120D362C501120C9C2DD6846D87A4D11E7542B59971078573E82193F7
310
D80CE0E41557918BE023C3DDF24DC89B5830A7F993C759086ADEA56A8E6EEAA2D002EFA6E6701E9B8E747DDB92E665AA49DF9D47324E7D53D1F6ADA1FD2B2B929833AFD69FEDD2A2F03803AFCA8A92B22665F34EE9B16D8F35FD60456272E6BC8D3FEF4BD377C02D3A13AC44C78AE7F48F6BD8E6FF5D83D2BEAE76D7A7C201
310
A7F1C8C780B322A514CB23C25853A2FC1B504B0304140006080800EF5E64527C63DEC6F2000000B1010000310000006662782F30373845464137422D373934352D343446432D423639332D4633353538453333373436312F636F72652E786D6C8D50CB6EC32010FC156BEFD8C6D8711261A2A68ABFA0A7DE10100725068B47
310
D5CF2FC4AED4DE725A343BC3CC0E3D7DCF8FE24B39AFAD1900973514CA082BB5990688E18AF6509C1875D6863F34280C9FD5001906462767E3B241C29AA04C468D956A03B9F72A40211EE93180173735F392C79018FE5E2E5CDCF9A44A5CAE3C46839E7FA5C2291E9404D6D40D46354175FB81F1B1EB8E047FD22A33198D51
310
CBCD4ACBE4AEAF5A396075BFBF8C6FFD19F587B6436D3BBEA3F3EE40D048BA6E7F21A46F77985659CCA80F2EDDBC7D92AF7B55BE0AFF658E8B7C21B33681349BE1AAF0C0729EE782D12A1798C6B3DD3473D9EC07504B0304140006080800EF5E645210DC8F0D54010000DD0200000C0000006662782F636F72652E786D6C8D
310
52DB8E832014FC15C33B2A5ED6DA204D77D37EC13EED1B45EA922A1804D3CF5FF012D787BDC404C99C7366CE4CC0A767D70623D78350B202288C41C02553B5904D05ACB9C303084E046BA5CCB7361048DAF10A781810DC6865FB05624A1A2E3D2A55CD17900E03372060ADBB5460609FBCA321B5C6750C8FB0A7EC411B1EA2
310
70EE23D85A512FA3A2766CE22EB806A4B86687F3252B6051E639CC5EAE292C8BF3055EAE6596A0FC2D43E52B8EFC30C14674AB3AD39C1A5E0392C40982710AE3EC1DA1639E1F53F48123DF49F060B4F3BC887A7780DC6F4F1CCDF88ECFF6F5DF7C564893260BDF3C310082DC7A5381E0C8E7E37E5378FB0C9DB0CBCFD05BBB
310
5A783868E4CC289DB94AADEC561A696BB9A38E83E9C3D15C75CC13C14F3CC92F3CBF73B8A0A86CDC6AD4B8EBCD1AAFBEDFA9E71A8EE61948A53BDA6ECBCD2B6EE726B4B3B48E33D52AFD9FE9D5EA1A66E41F26F902504B0304140006080800EF5E6452BE7743F307010000B201000008000000636F72652E786D6C8D50C16E
310
842014FC15F2EEA828D675836CB68D7E414FBD51612D590523B069FFBEB06B93F6D6D32333F3DE0CC34E9FCB8C6E6A73DA9A0E4856005266B4529BA983E02FF800E8C4D966ADFF250364C4A23A483070366D36AC3B345AE39549A8B152EDA0704E7940E31C1F1DB8F1432D2213C14785BB66AB18AF625219C91E3ACEBC5E7E
310
56C74D09AF24F0B228092E2A5CD057428E757DACC81BCB9392B310B4DCADB48CEEFAA2D506BC19E8E1DCD306376D5D63FA3454B86DCE3DEE879696A47EA1A47D66795AE6CCF92DFE793F12737AE4C42DF9B2FC4171F66EEDBC0B622889AC99BF80172C4FC49FD06195FF08AD8DAFCAFDE063C3012731D09D88C6A9C138EEF5
310
C699DAE6DF504B01021400140006080800EF5E64520000000000000000000000003700000000000000000000000000000000006662782F30373845464137422D373934352D343446432D423639332D4633353538453333373436312F617474726962757465732E62696E504B01021400140006080800EF5E64520000000000
310
000000000000003500000000000000000000000000550000006662782F30373845464137422D373934352D343446432D423639332D4633353538453333373436312F76657274696365732E62696E504B01021400140006080800EF5E6452F270F13306000000040000003600000000000000000000000000A8000000666278
310
2F30373845464137422D373934352D343446432D423639332D4633353538453333373436312F747269616E676C65732E62696E504B01021400140006080800EF5E6452B5A795FFE3790000DE7900004200000000000000000000000000020100006662782F30373845464137422D373934352D343446432D423639332D4633
310
353538453333373436312F7265736F75726365732F322F305F67656E657269632E706E67504B01021400140006080800EF5E645251464CB489000000430100003600000000000000000000000000457B00006662782F30373845464137422D373934352D343446432D423639332D4633353538453333373436312F64697265
310
63746F72792E786D6C504B01021400140006080800EF5E6452AF4429DD40070000541C00003400000000000000000000000000227C00006662782F30373845464137422D373934352D343446432D423639332D4633353538453333373436312F6F626A656374732E786D6C504B01021400140006080800EF5E64524521D3C9
310
E1000000550100003C00000000000000000000000000B48300006662782F30373845464137422D373934352D343446432D423639332D4633353538453333373436312F7265736F75726365732F322F636E782E786D6C504B01021400140006080800EF5E6452FF15A4A45D000000800000003A000000000000000000000000
310
00EF8400006662782F30373845464137422D373934352D343446432D423639332D4633353538453333373436312F7265736F75726365732F636E782E786D6C504B01021400140006080800EF5E645211A49AB342010000560500003000000000000000000000000000A48500006662782F30373845464137422D373934352D
310
343446432D423639332D4633353538453333373436312F636E782E786D6C504B01021400140006080800EF5E6452A6E401017E000000A30000000B00000000000000000000000000348700006662782F636E782E786D6C504B01021400140006080800EF5E6452A6D797065F00000082000000070000000000000000000000
310
0000DB870000636E782E786D6C504B01021400140006080800EF5E6452ECFD112DA80000002601000013000000000000000000000000005F8800005B436F6E74656E745F54797065735D2E786D6C504B01021400140006080800EF5E64523DEE336E64000000790000001B0000000000000000000000000038890000617574
310
6F6465736B2D64657369676E2D7061636B6167652E786D6C504B01021400140006080800EF5E6452BC7EC7B3F40000008E0100003D00000000000000000000000000D58900006662782F30373845464137422D373934352D343446432D423639332D4633353538453333373436312F7265736F75726365732F322F636F7265
310
2E786D6C504B01021400140006080800EF5E64521093ED29F9000000960100003B00000000000000000000000000248B00006662782F30373845464137422D373934352D343446432D423639332D4633353538453333373436312F7265736F75726365732F636F72652E786D6C504B01021400140006080800EF5E64527C63
310
DEC6F2000000B10100003100000000000000000000000000768C00006662782F30373845464137422D373934352D343446432D423639332D4633353538453333373436312F636F72652E786D6C504B01021400140006080800EF5E645210DC8F0D54010000DD0200000C00000000000000000000000000B78D00006662782F
310
636F72652E786D6C504B01021400140006080800EF5E6452BE7743F307010000B20100000800000000000000000000000000358F0000636F72652E786D6C504B050600000000120012002D060000629000000000
  0
CELLSTYLEMAP
  5
292D
102
{ACAD_REACTORS
330
292C
102
}
330
292C
100
AcDbCellStyleMap
 90
        3
300
CELLSTYLE
  1
TABLEFORMAT_BEGIN
 90
        5
170
     1
 91
        0
 92
    32768
 62
   257
 93
        1
300
CONTENTFORMAT
  1
CONTENTFORMAT_BEGIN
 90
        0
 91
        0
 92
      512
 93
        0
300

 40
0.0
140
1.0
 94
        5
 62
     0
340
10
144
0.25
309
CONTENTFORMAT_END
171
     0
 94
        0
309
TABLEFORMAT_END
  1
CELLSTYLE_BEGIN
 90
        1
 91
        1
300
_TITLE
309
CELLSTYLE_END
300
CELLSTYLE
  1
TABLEFORMAT_BEGIN
 90
        5
170
     1
 91
        0
 92
        0
 62
   257
 93
        1
300
CONTENTFORMAT
  1
CONTENTFORMAT_BEGIN
 90
        0
 91
        0
 92
      512
 93
        0
300

 40
0.0
140
1.0
 94
        5
 62
     0
340
10
144
0.18
309
CONTENTFORMAT_END
171
     0
 94
        0
309
TABLEFORMAT_END
  1
CELLSTYLE_BEGIN
 90
        2
 91
        1
300
_HEADER
309
CELLSTYLE_END
300
CELLSTYLE
  1
TABLEFORMAT_BEGIN
 90
        5
170
     1
 91
        0
 92
        0
 62
   257
 93
        1
300
CONTENTFORMAT
  1
CONTENTFORMAT_BEGIN
 90
        0
 91
        0
 92
      512
 93
        0
300

 40
0.0
140
1.0
 94
        2
 62
     0
340
10
144
0.18
309
CONTENTFORMAT_END
171
     0
 94
        0
309
TABLEFORMAT_END
  1
CELLSTYLE_BEGIN
 90
        3
 91
        2
300
_DATA
309
CELLSTYLE_END
  0
ENDSEC
  0
SECTION
  2
THUMBNAILIMAGE
 90
    20936
310
28000000B80000006C0000000100080000000000A04D00000100000001000000000100000000000000000000FFFFFF00000000FF000000FF000000FF000000FF000000FF000000FF000000FF000000FF000000FF330000FF660000FF990000FFCC0000FFFF0000FF003300FF333300FF663300FF993300FFCC3300FFFF3300
310
FF006600FF336600FF666600FF996600FFCC6600FFFF6600FF009900FF339900FF669900FF999900FFCC9900FFFF9900FF00CC00FF33CC00FF66CC00FF99CC00FFCCCC00FFFFCC00FF00FF00FF33FF00FF66FF00FF99FF00FFCCFF00FFFFFF00FF000033FF330033FF660033FF990033FFCC0033FFFF0033FF003333FF3333
310
33FF663333FF993333FFCC3333FFFF3333FF006633FF336633FF666633FF996633FFCC6633FFFF6633FF009933FF339933FF669933FF999933FFCC9933FFFF9933FF00CC33FF33CC33FF66CC33FF99CC33FFCCCC33FFFFCC33FF00FF33FF33FF33FF66FF33FF99FF33FFCCFF33FFFFFF33FF000066FF330066FF660066FF99
310
0066FFCC0066FFFF0066FF003366FF333366FF663366FF993366FFCC3366FFFF3366FF006666FF336666FF666666FF996666FFCC6666FFFF6666FF009966FF339966FF669966FF999966FFCC9966FFFF9966FF00CC66FF33CC66FF66CC66FF99CC66FFCCCC66FFFFCC66FF00FF66FF33FF66FF66FF66FF99FF66FFCCFF66FF
310
FFFF66FF000099FF330099FF660099FF990099FFCC0099FFFF0099FF003399FF333399FF663399FF993399FFCC3399FFFF3399FF006699FF336699FF666699FF996699FFCC6699FFFF6699FF009999FF339999FF669999FF999999FFCC9999FFFF9999FF00CC99FF33CC99FF66CC99FF99CC99FFCCCC99FFFFCC99FF00FF99
310
FF33FF99FF66FF99FF99FF99FFCCFF99FFFFFF99FF0000CCFF3300CCFF6600CCFF9900CCFFCC00CCFFFF00CCFF0033CCFF3333CCFF6633CCFF9933CCFFCC33CCFFFF33CCFF0066CCFF3366CCFF6666CCFF9966CCFFCC66CCFFFF66CCFF0099CCFF3399CCFF6699CCFF9999CCFFCC99CCFFFF99CCFF00CCCCFF33CCCCFF66CC
310
CCFF99CCCCFFCCCCCCFFFFCCCCFF00FFCCFF33FFCCFF66FFCCFF99FFCCFFCCFFCCFFFFFFCCFF0000FFFF3300FFFF6600FFFF9900FFFFCC00FFFFFF00FFFF0033FFFF3333FFFF6633FFFF9933FFFFCC33FFFFFF33FFFF0066FFFF3366FFFF6666FFFF9966FFFFCC66FFFFFF66FFFF0099FFFF3399FFFF6699FFFF9999FFFFCC
310
99FFFFFF99FFFF00CCFFFF33CCFFFF66CCFFFF99CCFFFFCCCCFFFFFFCCFFFF00FFFFFF33FFFFFF66FFFFFF99FFFFFFCCFFFFFFFFFFFFFF000000FF0D0D0DFF1A1A1AFF282828FF353535FF434343FF505050FF5D5D5DFF6B6B6BFF787878FF868686FF939393FFA1A1A1FFAEAEAEFFBBBBBBFFC9C9C9FFD6D6D6FFE4E4E4FF
310
F1F1F1FFFFFFFFFF000000FF000000FF000000FF000000FF000000FF000000FF000000FF000000FF000000FF000000FF00000000000000000000000000000000000000000000000000000000000000000000000000000000000000000000000000000000000000000000000000000000000000000000000000000000000000
310
00000000000000000000000000000000000000000000000000000000000000000000000000000000000000000000000000000000000000000000000000000000000000000000000000000000000000000000000000000000000000000000000000000000000000000000000000000000000000000000000000000000000000
310
00000000000000000000000000000000000000000000000000000000000000000000000000000000000000000000000000000000000000000000000000000000000000000000000000000000000000000000000000000000000000000000000000000000000000000000000000000000000000000000000000000000000000
310
00000000000000000000000000000000000000000000000000000000000000000000000000000000000000000000000000000000000000000000000000000000000000000000000000000000000000000000000000000000000000000000000000000000000000000000000000000000000000000000000000000000000000
310
00000000000000000000000000000000000000000000000000000000000000000000000000000000000000000000000000000000000000000000000000000000000000000000000000000000000000000000000000000000000000000000000000000000000000000000000000000000000000000000000000000000000000
310
00000000000000000000000000000000000000000000000000000000000000000000000000000000000000000000000000000000000000000000000000000000000000000000000000000000000000000000000000000000000000000000000000000000000000000000000000000000000000000000000000000000000000
310
00000000000000000000000000000000000000000000000000000000000000000000000000000000000000000000000000000000000000000000000000000000000000000000000000000000000000000000000000000000000000000000000000000000000000000000000000000000000000000000000000000000000000
310
00000000000000000000000000000000000000000000000000000000000000000000000000000000000000000000000000000000000000000000000000000000000000000000000000000000000000000000000000002828282828282828282828282828282828282828282828282828282828282828282828282828282828
310
282828282828282828282828282828282828282828DC282828282828282828282828282828282828282828282828282828282828282828282828282828282828282828282828282828282828282828282828280000000000000000000000000000000000000000000000000000000000000000000000000000000000000000
310
00000000000000000000000000000000280000000000000000000000000000000000000000000000000000000000000000000000000000000000000000000000000000000000000000000000DCDC00DCDC00000000000000000000000000000000000000000000000000000000000000000000000000000000000000000000
310
00000000000000000000000028000000000000000000000000000000000000000000000000000000000000000000000000000000000000000000000000000000000000000000000000280000000000000000000000000000000000000000000000000000000000000000000000000000000000000000000000000000000000
310
00000000DCDC0000000000DCDC000000000000000000000000000000000000000000000000000000000000000000000000000000000000000000000000000000000000000028000000000000000000000000000000000000000000000000000000000000000000000000000000000000000000000000000000000000000000
310
0000002800000000000000000000000000000000000000000000000000000000000000000000000000000000000000000000000000000000000000DCDC000000000000000000DC0000000000000000000000000000000000000000000000000000000000000000000000000000000000000000000000000000000000000028
310
00000000000000000000000000000000000000000000000000000000000000000000000000000000000000000000000000000000000000000000000028000000000000000000000000000000000000000000000000000000000000000000000000000000000000000000000000000000000000DC0000000000000000000000
310
00DCDC00000000000000000000000000000000000000000000000000000000000000000000000000000000000000000000000000000000002800000000000000000000000000000000000000000000000000000000000000000000000000000000000000000000000000000000000000000000000028000000000000000000
310
00000000000000000000000000000000000000000000000000000000000000000000000000000000000000DCDC000000000000000000000000000000DCDC0000000000000000000000000000000000000000000000000000000000000000000000000000000000000000000000000000002800000000000000000000000000
310
0000000000000000000000000000000000000000000000000000000000000000000000000000000000000000000000280000000000000000000000000000000000000000000000000000000000000000000000000000000000000000000000000000DCDC00000000000000000000000000000000000000DCDC000000000000
310
00000000000000000000000000000000000000000000000000000000000000000000000000000000000000280000000000000000000000000000000000000000000000000000000000000000000000000000000000000000000000000000000000000000000000002800000000000000000000000000000000000000000000
310
000000000000000000000000000000000000000000000000000000DC0000000000000000000000000000000000000000000000DC000000000000000000000000000000000000000000000000000000000000000000000000000000000000000000000000280000000000000000000000000000000000000000000000000000
310
00000000000000000000000000000000000000000000000000000000000000000000280000000000000000000000000000000000000000000000000000000000000000000000000000000000000000000000DCDC00000000000000000000000000000000000000000000000000DCDC00000000000000000000000000000000
310
00000000000000000000000000000000000000000000000000000000000028000000000000000000000000000000000000000000000000000000000000000000000000000000000000000000000000000000000000000000000000280000000000000000000000000000000000000000000000000000000000000000000000
310
00000000000000000000DCDC0000000000000000000000000000000000000000000000000000000000DCDC000000000000000000000000000000000000000000000000000000000000000000000000000000000000000028000000000000000000000000000000000000000000000000000000000000000000000000000000
310
0000000000000000000000000000000000000000002800000000000000000000000000000000000000000000000000000000000000000000000000000000000000DCDC000000000000000000000000000000000000000000000000000000000000000000DC0000000000000000000000000000000000000000000000000000
310
00000000000000000000000000000000002800000000000000000000000000000000000000000000000000000000000000000000000000000000000000000000000000000000000000000000000028000000000000000000000000000000000000000000000000000000000000000000000000000000000000DC0000000000
310
00000000000000000000000000000000000000000000000000000000000000DCDC00000000000000000000000000000000000000000000000000000000000000000000000000000000002800000000000000000000000000000000000000000000000000000000000000000000000000000000000000000000000000000000
310
00000000000000002800000000000000000000000000000000000000000000000000000000000000000000000000000000DCDC0000000000000000000000000000002D2D2D2D2D2D2D2D2D000000000000000000000000000000DCDC0000000000000000000000000000000000000000000000000000000000000000000000
310
0000000028000000000000000000000000000000000000000000000000000000000000000000000000000000000000000000000000000000000000000000000000280000000000000000000000000000000000000000000000000000000000000000000000000000DCDC000000000000000000000000002D2D2D2D00000000
310
00000000002D2D2D2D00000000000000000000000000DC0000000000000000000000000000000000000000000000000000000000000000000000000000280000000000000000000000000000000000000000000000000000000000000000000000000000000000000000000000000000000000000000000000002800000000
310
000000000000000000000000000000000000000000000000000000000000000000DC000000000000000000000000002D2D00000000000000000000000000000000002D2D000000000000000000000000DCDC000000000000000000000000000000000000000000000000000000000000000000000000280000000000000000
310
00000000000000000000000000000000000000000000000000000000000000000000000000000000000000000000000000000000280000000000000000000000000000000000000000000000000000000000000000000000DCDC0000000000000000000000002D2D0000000000000000000000000000000000000000002D2D
310
000000000000000000000000DCDC0000000000000000000000000000000000000000000000000000000000000000000028000000000000000000000000000000000000000000000000000000000000000000000000000000000000000000000000000000000000000000000000280000000000000000000000000000000000
310
00000000000000000000000000000000DCDC000000000000000000000000002D000000000000000000000000000000000000000000000000002D00000000000000000000000000DC00000000000000000000000000000000000000000000000000000000000000000028000000000000000000000000000000000000000000
310
0000000000000000000000000000000000000000000000000000000000000000000000000000002800000000000000000000000000000000000000000000000000000000000000DCDC000000000000000000000000002D2D0000000000000000000000000000000000000000000000000000002D2D00000000000000000000
310
0000DCDC000000000000000000000000000000000000000000000000000000000000002800000000000000000000000000000000000000000000000000000000000000000000000000000000000000000000000000000000000000000000000028000000000000000000000000000000000000000000000000000000000000
310
DC00000000000000000000000000002D000000000000000000000000000000000000000000000000000000000000002D00000000000000000000000000DCDC00000000000000000000000000000000000000000000000000000000002800000000000000000000000000000000000000000000000000000000000000000000
310
00000000000000000000000000000000000000000000000000002800000000000000000000000000000000000000000000000000000000DCDC00000000000000000000000000002D0000000000000000000000000000000000000000000000000000000000000000002D0000000000000000000000000000DCDC0000000000
310
0000000000000000000000000000000000000000000028000000000000000000000000000000000000000000000000000000000000000000000000000000000000000000000000000000000000000000000000280000000000000000000000000000000000000000000000000000DCDC000000000000000000000000000000
310
2D00000000000000000000000000000000000000000000000000000000000000000000002D000000000000000000000000000000DC0000000000000000000000000000000000000000000000000000280000000000000000000000000000000000000000000000000000000000000000000000000000000000000000000000
310
0000000000000000000000000028000000000000000000000000000000000000000000000000DCDC00000000000000000000000000000000002D00000000000000000000000000000000000000000000000000000000000000000000002D00000000000000000000000000000000DCDC000000000000000000000000000000
310
00000000000000000028000000000000000000000000000000000000000000000000000000000000000000000000000000000000000000000000000000000000000000000000280000000000000000000000000000000000000000000000DC0000000000000000000000000000000000002D00000000000000000000000000
310
0000000000000000000000000000000000000000000000002D0000000000000000000000000000000000DCDC0000000000000000000000000000000000000000000028000000000000000000000000000000000000000000000000000000000000000000000000000000000000000000000000000000000000000000000000
310
28000000000000000000000000000000000000000000DCDC0000000000000000000000000000000000002D0000000000000000000000000000000000000000000000000000000000000000000000000000002D000000000000000000000000000000000000DC00000000000000000000000000000000000000000028000000
310
0000000000000000000000000000000000000000000000000000000000000000000000000000000000000000000000000000000000000000002800000000000000000000000000000000000000DCDC00000000000000000000000000000000000000002D000000000000000000000000000000000000000000000000000000
310
000000000000000000000000002D000000000000000000000000000000000000DCDC000000000000000000000000000000000000002800000000000000000000000000000000000000000000000000000000000000000000000000000000000000000000000000000000000000000000000028000000000000000000000000
310
000000000000DC0000000000000000000000000000000000000000002D00000000000000000000000000000000000000000000000000000000000000000000000000000000002D0000000000000000000000000000000000000000DCDC00000000000000000000000000000000002800000000000000000000000000000000
310
00000000000000000000000000000000000000000000000000000000000000000000000000000000000000002800000000000000000000000000000000DCDC000000000000000000000000000000000000000000002D0000000000000000000000000000000000000000000000000000000000000000000000000000000000
310
002D000000000000000000000000000000000000000000DC0000000000000000000000000000000028000000000000000000000000000000000000000000000000000000000000000000000000000000000000000000000000000000000000000000000000280000000000000000000000000000DCDC000000000000000000
310
00000000000000000000000000002D000000000000000000000000000000000000000000000000000000000000000000000000000000000000002D00000000000000000000000000000000000000000000DCDC0000000000000000000000000000280000000000000000000000000000000000000000000000000000000000
310
0000000000000000000000000000000000000000000000000000000000000028000000000000000000000000DCDC000000000000000000000000000000000000000000000000002D00000000000000000000000000000000000000000000000000000000000000000000000000000000000000002D00000000000000000000
310
00000000000000000000000000DCDC00000000000000000000000028000000000000000000000000000000000000000000000000000000000000000000000000000000000000000000000000000000000000000000000000280000000000000000000000DC0000000000000000000000000000000000000000000000000000
310
2D0000000000000000000000000000000000000000000000000000000000000000000000000000000000000000002D00000000000000000000000000000000000000000000000000DC000000000000000000000028000000000000000000000000000000000000000000000000000000000000000000000000000000000000
310
00000000000000000000000000000000000028000000000000000000DCDC0000000000000000000000000000000000000000000000000000002D0000000000000000000000000000000000000000000000000000000000000000000000000000000000000000002D0000000000000000000000000000000000000000000000
310
000000DCDC000000000000000000280000000000000000000000000000000000000000000000000000000000000000000000000000000000000000000000000000000000000000000000002800000000000000DCDC00000000000000000000000000000000000000000000000000000000002D000000000000000000000000
310
0000000000000000000000000000000000000000000000000000000000000000002D00000000000000000000000000000000000000000000000000000000DCDC000000000000002800000000000000000000000000000000000000000000000000000000000000000000000000000000000000000000000000000000000000
310
000000000028000000000000DC000000000000000000000000000000000000000000000000000000000000002D0000000000000000000000000000000000000000000000000000000000000000000000000000000000000000002D000000000000000000000000000000000000000000000000000000000000DCDC00000000
310
00280000000000000000000000000000000000000000000000000000000000000000000000000000000000000000000000000000000000000000000000002800000000DCDC000000000000000000000000000000000000000000000000000000000000002D0000000000000000000000000000000000000000000000000000
310
0000000000000000000000000000000000000000002D00000000000000000000000000000000000000000000000000000000000000DC0000000028000000000000000000000000000000000000000000000000000000000000000000000000000000000000000000000000000000000000000000000000280000DCDC000000
310
0000000000000000000000000000000000000000000000000000000000002D00000000000000000000000000000000000000000000000000000000000000000000000000000000000000000000002D0000000000000000000000000000000000000000000000000000000000000000DCDC0000280000000000000000000000
310
0000000000000000000000000000000000000000000000000000000000000000000000000000000000000000000000000028DCDC0000000000000000000000000000000000000000000000000000000000000000000000F5F50000000000000000000000000000000000000000000000000000000000000000000000000000
310
00000000000000F5F500000000000000000000000000000000000000000000000000000000000000000000DCDC28000000000000000000000000000000000000000000000000000000000000000000000000000000000000000000000000000000000000000000000000DC0000000000000000000000000000000000000000
310
00000000000000000000000000000000002D00F5F5F500000000000000000000000000000000000000000000000000000000000000000000000000000000F5F5002D000000000000000000000000000000000000000000000000000000000000000000000000DC000000000000000000000000000000000000000000000000
310
00000000000000000000000000000000000000000000000000000000000000000000000028DCDC00000000000000000000000000000000000000000000000000000000000000000000002D00000000F5F50000000000000000000000000000000000000000000000000000000000000000000000F5F5F50000002D00000000
310
000000000000000000000000000000000000000000000000000000000000DCDC28000000000000000000000000000000000000000000000000000000000000000000000000000000000000000000000000000000000000000000000000280000DCDC0000000000000000000000000000000000000000000000000000000000
310
000000002D000000000000F5F5F5F5F500000000000000000000000000000000000000000000000000F5F5F5F5F50000000000002D0000000000000000000000000000000000000000000000000000000000000000DCDC00002800000000000000000000000000000000000000000000000000000000000000000000000000
310
00000000000000000000000000000000000000000000002800000000DC00000000000000000000000000000000000000000000000000000000000000002D0000000000000000000000F5F5F5F5F5F5F5F5000000000000000000F5F5F5F5F5F5F5F500000000000000000000002D0000000000000000000000000000000000
310
0000000000000000000000000000DC0000000028000000000000000000000000000000000000000000000000000000000000000000000000000000000000000000000000000000000000000000000000280000000000DCDC000000000000000000000000000000000000000000000000000000000000002D00000000000000
310
0000000000000000000000F5F5F5F5F5F5F5F5F50000000000000000000000000000000000002D000000000000000000000000000000000000000000000000000000000000DCDC0000000000280000000000000000000000000000000000000000000000000000000000000000000000000000000000000000000000000000
310
000000000000000000002800000000000000DCDC00000000000000000000000000000000000000000000000000000000F5F5000000000000000000000000000000000000000000000000000000000000000000000000000000000000000000F5F5000000000000000000000000000000000000000000000000000000DCDC00
310
0000000000002800000000000000000000000000000000000000000000000000000000000000000000000000000000000000000000000000000000000000000000000028000000000000000000DC000000000000000000000000000000000000000000000000000000002DF5F5F5F500000000000000000000000000000000
310
000000000000000000000000000000000000000000F5F5F5F52D000000000000000000000000000000000000000000000000000000DC00000000000000000028000000000000000000000000000000000000000000000000000000000000000000000000000000000000000000000000000000000000000000000000280000
310
0000000000000000DCDC00000000000000000000000000000000000000000000000000002D00000000F5F5F5F50000000000000000000000000000000000000000000000000000000000F5F5F5F5000000002D00000000000000000000000000000000000000000000000000DCDC0000000000000000000028000000000000
310
00000000000000000000000000000000000000000000000000000000000000000000000000000000000000000000000000000000000028000000000000000000000000DCDC000000000000000000000000000000000000000000000000002D00000000000000F5F5F5F5000000000000000000000000000000000000000000
310
F5F5F5F500000000000000002D0000000000000000000000000000000000000000000000DCDC00000000000000000000000028000000000000000000000000000000000000000000000000000000000000000000000000000000000000000000000000000000000000000000000000280000000000000000000000000000DC
310
0000000000000000000000000000000000000000000000002D0000000000000000000000F5F5F5F5F5F5F5F5F5F5F5F5F5F5F5F5F5F5F5F5F500000000000000000000002D0000000000000000000000000000000000000000000000DC00000000000000000000000000002800000000000000000000000000000000000000
310
000000000000000000000000000000000000000000000000000000000000000000000000000000000028000000000000000000000000000000DCDC00000000000000000000000000000000000000000000002D0000000000000000000000000000000000000000000000000000000000000000000000000000000000002D00
310
0000000000000000000000000000000000000000DCDC00000000000000000000000000000028000000000000000000000000000000000000000000000000000000000000000000000000000000000000000000000000000000000000000000000000280000000000000000000000000000000000DCDC000000000000000000
310
0000000000000000000000002D00000000000000000000000000000000000000000000000000000000000000000000000000000000002D000000000000000000000000000000000000000000DC0000000000000000000000000000000000280000000000000000000000000000000000000000000000000000000000000000
310
000000000000000000000000000000000000000000000000000000002800000000000000000000000000000000000000DC0000000000000000000000000000000000000000002D000000000000000000000000000000000000000000000000000000000000000000000000000000002D000000000000000000000000000000
310
00000000DCDC00000000000000000000000000000000000028000000000000000000000000000000000000000000000000000000000000000000000000000000000000000000000000000000000000000000000000280000000000000000000000000000000000000000DCDC00000000000000000000000000000000000000
310
2D0000000000000000000000000000000000000000000000000000000000000000000000000000002D000000000000000000000000000000000000DCDC000000000000000000000000000000000000000028000000000000000000000000000000000000000000000000000000000000000000000000000000000000000000
310
0000000000000000000000000000002800000000000000000000000000000000000000000000DCDC0000000000000000000000000000000000002D000000000000000000000000000000000000000000000000000000000000000000000000002D000000000000000000000000000000000000DC0000000000000000000000
310
00000000000000000000002800000000000000000000000000000000000000000000000000000000000000000000000000000000000000000000000000000000000000000000000028000000000000000000000000000000000000000000000000DC0000000000000000000000000000000000002D00000000000000000000
310
000000000000000000000000000000000000000000000000002D0000000000000000000000000000000000DCDC00000000000000000000000000000000000000000000002800000000000000000000000000000000000000000000000000000000000000000000000000000000000000000000000000000000000000000000
310
00002800000000000000000000000000000000000000000000000000DCDC000000000000000000000000000000002D00000000000000000000000000000000000000000000000000000000000000000000002D000000000000000000000000000000DCDC000000000000000000000000000000000000000000000000002800
310
000000000000000000000000000000000000000000000000000000000000000000000000000000000000000000000000000000000000000000000028000000000000000000000000000000000000000000000000000000DCDC0000000000000000000000000000002D00000000000000000000000000000000000000000000
310
00000000000000000000002D000000000000000000000000000000DC000000000000000000000000000000000000000000000000000000280000000000000000000000000000000000000000000000000000000000000000000000000000000000000000000000000000000000000000000000002800000000000000000000
310
00000000000000000000000000000000000000DC0000000000000000000000000000002D000000000000000000000000000000000000000000000000000000000000002D0000000000000000000000000000DCDC00000000000000000000000000000000000000000000000000000000280000000000000000000000000000
310
0000000000000000000000000000000000000000000000000000000000000000000000000000000000000000000028000000000000000000000000000000000000000000000000000000000000DCDC00000000000000000000000000002D2D0000000000000000000000000000000000000000000000000000002D2D000000
310
00000000000000000000DCDC00000000000000000000000000000000000000000000000000000000000028000000000000000000000000000000000000000000000000000000000000000000000000000000000000000000000000000000000000000000000000280000000000000000000000000000000000000000000000
310
000000000000000000DCDC00000000000000000000000000002D000000000000000000000000000000000000000000000000002D0000000000000000000000000000DC000000000000000000000000000000000000000000000000000000000000000028000000000000000000000000000000000000000000000000000000
310
0000000000000000000000000000000000000000000000000000000000000000002800000000000000000000000000000000000000000000000000000000000000000000DCDC000000000000000000000000002D2D0000000000000000000000000000000000000000002D2D00000000000000000000000000DCDC00000000
310
00000000000000000000000000000000000000000000000000000000002800000000000000000000000000000000000000000000000000000000000000000000000000000000000000000000000000000000000000000000000028000000000000000000000000000000000000000000000000000000000000000000000000
310
DC00000000000000000000000000002D2D00000000000000000000000000000000002D2D00000000000000000000000000DCDC00000000000000000000000000000000000000000000000000000000000000000000002800000000000000000000000000000000000000000000000000000000000000000000000000000000
310
00000000000000000000000000000000000000002800000000000000000000000000000000000000000000000000000000000000000000000000DCDC00000000000000000000000000002D2D2D2D0000000000000000002D2D2D2D0000000000000000000000000000DC000000000000000000000000000000000000000000
310
000000000000000000000000000000002800000000000000000000000000000000000000000000000000000000000000000000000000000000000000000000000000000000000000000000000028000000000000000000000000000000000000000000000000000000000000000000000000000000DCDC0000000000000000
310
00000000000000002D2D2D2D2D2D2D2D2D00000000000000000000000000000000DCDC0000000000000000000000000000000000000000000000000000000000000000000000000000280000000000000000000000000000000000000000000000000000000000000000000000000000000000000000000000000000000000
310
00000000000000280000000000000000000000000000000000000000000000000000000000000000000000000000000000DC0000000000000000000000000000000000000000000000000000000000000000000000000000DCDC00000000000000000000000000000000000000000000000000000000000000000000000000
310
0000002800000000000000000000000000000000000000000000000000000000000000000000000000000000000000000000000000000000000000000000000028000000000000000000000000000000000000000000000000000000000000000000000000000000000000DCDC000000000000000000000000000000000000
310
0000000000000000000000000000000000DC00000000000000000000000000000000000000000000000000000000000000000000000000000000000028000000000000000000000000000000000000000000000000000000000000000000000000000000000000000000000000000000000000000000000000280000000000
310
000000000000000000000000000000000000000000000000000000000000000000000000000000DCDC00000000000000000000000000000000000000000000000000000000000000DCDC0000000000000000000000000000000000000000000000000000000000000000000000000000000000000028000000000000000000
310
0000000000000000000000000000000000000000000000000000000000000000000000000000000000000000000000000000002800000000000000000000000000000000000000000000000000000000000000000000000000000000000000000000DC00000000000000000000000000000000000000000000000000000000
310
00DC0000000000000000000000000000000000000000000000000000000000000000000000000000000000000000002800000000000000000000000000000000000000000000000000000000000000000000000000000000000000000000000000000000000000000000000028000000000000000000000000000000000000
310
0000000000000000000000000000000000000000000000000000000000DCDC00000000000000000000000000000000000000000000000000DCDC000000000000000000000000000000000000000000000000000000000000000000000000000000000000000000002800000000000000000000000000000000000000000000
310
00000000000000000000000000000000000000000000000000000000000000000000000000002800000000000000000000000000000000000000000000000000000000000000000000000000000000000000000000000000DCDC000000000000000000000000000000000000000000DCDC0000000000000000000000000000
310
00000000000000000000000000000000000000000000000000000000000000000000280000000000000000000000000000000000000000000000000000000000000000000000000000000000000000000000000000000000000000000000002800000000000000000000000000000000000000000000000000000000000000
310
0000000000000000000000000000000000000000DC00000000000000000000000000000000000000DC0000000000000000000000000000000000000000000000000000000000000000000000000000000000000000000000000000280000000000000000000000000000000000000000000000000000000000000000000000
310
000000000000000000000000000000000000000000000000002800000000000000000000000000000000000000000000000000000000000000000000000000000000000000000000000000000000DCDC000000000000000000000000000000DCDC000000000000000000000000000000000000000000000000000000000000
310
00000000000000000000000000000000000000000028000000000000000000000000000000000000000000000000000000000000000000000000000000000000000000000000000000000000000000000000280000000000000000000000000000000000000000000000000000000000000000000000000000000000000000
310
00000000000000000000DCDC0000000000000000000000DCDC000000000000000000000000000000000000000000000000000000000000000000000000000000000000000000000000000000000028000000000000000000000000000000000000000000000000000000000000000000000000000000000000000000000000
310
000000000000000000000000280000000000000000000000000000000000000000000000000000000000000000000000000000000000000000000000000000000000000000DC000000000000000000DC0000000000000000000000000000000000000000000000000000000000000000000000000000000000000000000000
310
00000000000000002800000000000000000000000000000000000000000000000000000000000000000000000000000000000000000000000000000000000000000000000028000000000000000000000000000000000000000000000000000000000000000000000000000000000000000000000000000000000000000000
310
DCDC0000000000DCDC00000000000000000000000000000000000000000000000000000000000000000000000000000000000000000000000000000000000000002800000000000000000000000000000000000000000000000000000000000000000000000000000000000000000000000000000000000000000000000028
310
0000000000000000000000000000000000000000000000000000000000000000000000000000000000000000000000000000000000000000000000DCDC00DCDC000000000000000000000000000000000000000000000000000000000000000000000000000000000000000000000000000000000000000000002800000000
310
00000000000000000000000000000000000000000000000000000000000000000000000000000000000000000000000000000000000000002828282828282828282828282828282828282828282828282828282828282828282828282828282828282828282828282828282828282828282828282828DC2828282828282828
310
28282828282828282828282828282828282828282828282828282828282828282828282828282828282828282828282828282828280000000000000000000000000000000000000000000000000000000000000000000000000000000000000000000000000000000000000000000000000000000000000000000000000000
310
00000000000000000000000000000000000000000000000000000000000000000000000000000000000000000000000000000000000000000000000000000000000000000000000000000000000000000000000000000000000000000000000000000000000000000000000000000000000000000000000000000000000000
310
00000000000000000000000000000000000000000000000000000000000000000000000000000000000000000000000000000000000000000000000000000000000000000000000000000000000000000000000000000000000000000000000000000000000000000000000000000000000000000000000000000000000000
310
00000000000000000000000000000000000000000000000000000000000000000000000000000000000000000000000000000000000000000000000000000000000000000000000000000000000000000000000000000000000000000000000000000000000000000000000000000000000000000000000000000000000000
310
00000000000000000000000000000000000000000000000000000000000000000000000000000000000000000000000000000000000000000000000000000000000000000000000000000000000000000000000000000000000000000000000000000000000000000000000000000000000000000000000000000000000000
310
00000000000000000000000000000000000000000000000000000000000000000000000000000000000000000000000000000000000000000000000000000000000000000000000000000000000000000000000000000000000000000000000000000000000000000000000000000000000000000000000000000000000000
310
00000000000000000000000000000000000000000000000000000000000000000000000000000000000000000000000000000000000000000000000000000000000000000000000000000000000000000000000000000000000000000000000000000000000000000000000000000000000000000000000000000000000000
310
00000000000000000000000000000000000000000000000000000000000000000000000000000000000000000000000000000000000000000000000000000000000000000000000000000000000000000000000000000000000000000000000000000000000000000000000000000000000000000000000000000000000000
310
00000000000000000000000000000000000000000000000000000000000000000000000000000000000000000000000000000000000000000000000000000000000000000000000000000000000000000000000000000000000000000000000000000000000000000000000000000000000000000000000000000000000000
310
00000000000000000000000000000000000000000000000000000000000000000000000000000000000000000000000000000000000000000000000000000000000000000000000000000000000000000000000000000000000000000000000000000000000000000000000000000000000000000000000000000000000000
310
00000000000000000000000000000000000000000000000000000000000000000000000000000000000000000000000000000000000000000000000000000000000000000000000000000000000000000000000000000000000000000000000000000000000000000000000000000000000000000000000000000000000000
310
00000000000000000000000000000000000000000000000000000000000000000000000000000000000000000000000000000000000000000000000000000000000000000000000000000000000000000000000000000000000000000000000000000000000000000000000000000000000000000000000000000000000000
310
00000000000000000000000000000000000000000000000000000000000000000000000000000000000000000000000000000000000000000000000000000000000000000000000000000000000000000000000000000000000000000000000000000000000000000000000000000000000000000000000000000000000000
310
00000000000000000000000000000000000000000000000000000000000000000000000000000000000000000000000000000000000000000000000000000000000000000000000000000000000000000000000000000000000000000000000000000000000000000000000000000000000000000000000000000000000000
310
00000000000000000000000000000000000000000000000000000000000000000000000000000000000000000000000000000000000000000000000000000000000000000000000000000000000000000000000000000000000000000000000000000000000000000000000000000000000000000000000000000000000000
310
00000000000000000000000000000000000000000000000000000000000000000000000000000000000000000000000000000000000000000000000000000000000000000000000000000000000000000000000000000000000000000000000000000000000000000000000000000000000000000000000000000000000000
310
00000000000000000000000000000000000000000000000000000000000000000000000000000000000000000000000000000000000000000000000000000000000000000000000000000000000000000000000000000000000000000000000000000000000000000000000000000000000000000000000000000000000000
310
00000000000000000000000000000000000000000000000000000000000000000000000000000000000000000000000000000000000000000000000000000000000000000000000000000000000000000000000000000000000000000000000000000000000000000000000000000000000000000000000000000000000000
310
00000000000000000000000000000000000000000000000000000000000000000000000000000000000000000000000000000000000000000000000000000000000000000000000000000000000000000000000000000000000000000000000000000000000000000000000000000000000000000000000000000000000000
310
00000000000000000000000000000000000000000000000000000000000000000000000000000000000000000000000000000000000000000000000000000000000000000000000000000000000000000000000000000000000000000000000000000000000000000000000000000000000000000000000000000000000000
310
00000000000000000000000000000000000000000000000000000000000000000000000000000000000000000000000000000000000000000000000000000000000000000000000000000000000000000000000000000000000000000000000000000000000000000000000000000000000000000000000000000000000000
310
00000000000000000000000000000000000000000000000000000000000000000000000000000000000000000000000000000000000000000000000000000000000000000000000000000000000000000000000000000000000000000000000000000000000000000000000000000000000000000000000000000000000000
310
00000000000000000000000000000000000000000000000000000000000000000000000000000000000000000000000000000000000000000000000000000000000000000000000000000000000000000000000000000000000000000000000000000000000000000000000000000000000000000000000000000000000000
310
00000000000000000000000000000000000000000000000000000000000000000000000000000000000000000000000000000000000000000000000000000000000000000000000000000000000000000000000000000000000000000000000000000000000000000000000000000000000000000000000000000000000000
310
00000000000000000000000000000000000000000000000000000000000000000000000000000000000000000000000000000000000000000000000000000000000000000000000000000000000000000000000000000000000000000000000000000000000000000000000000000000000000000000000000000000000000
310
00000000000000000000000000000000000000000000000000000000000000000000000000000000000000000000000000000000000000000000000000000000000000000000000000000000000000000000000000000000000000000000000000000000000000000000000000000000000000000000000000000000000000
310
00000000000000000000000000000000000000000000000000000000000000000000000000000000000000000000000000000000000000000000000000000000000000000000000000000000000000000000000000000000000000000000000000000000000000000000000000000000000000000000000000000000000000
310
00000000000000000000000000000000000000000000000000000000000000000000000000000000000000000000000000000000000000000000000000000000000000000000000000000000000000000000000000000000000000000000000000000000000000000000000000000000000000000000000000000000000000
310
00000000000000000000000000000000000000000000000000000000000000000000000000000000000000000000000000000000000000000000000000000000000000000000000000000000000000000000000000000000000000000000000000000000000000000000000000000000000000000000000000000000000000
310
00000000000000000000000000000000000000000000000000000000000000000000000000000000000000000000000000000000000000000000000000000000000000000000000000000000000000000000000000000000000000000000000000000000000000000000000000000000000000000000000000000000000000
310
00000000000000000000000000000000000000000000000000000000000000000000000000000000000000000000000000000000000000000000000000000000000000000000000000000000000000000000000000000000000000000000000000000000000000000000000000000000000000000000000000000000000000
310
00000000000000000000000000000000000000000000000000000000000000000000000000000000000000000000000000000000000000000000000000000000000000000000000000000000000000000000000000000000000000000000000000000000000000000000000000000000000000000000000000000000000000
310
00000000000000000000000000000000000000000000000000000000000000000000000000000000000000000000000000000000000000000000000000000000000000000000000000000000000000000000000000000000000000000000000000000000000000000000000000000000000000000000000000000000000000
310
00000000000000000000000000000000000000000000000000000000000000000000000000000000000000000000000000000000000000000000000000000000000000000000000000000000000000000000000000000000000000000000000000000000000000000000000000000000000000000000000000000000000000
310
00000000000000000000000000000000000000000000000000000000000000000000000000000000000000000000000000000000000000000000000000000000000000000000000000000000000000000000000000000000000000000000000000000000000000000000000000000000000000000000000000000000000000
310
00000000000000000000000000000000000000000000000000000000000000000000000000000000000000000000000000000000000000000000000000000000000000000000000000000000000000000000000000000000000000000000000000000000000000000000000000000000000000000000000000000000000000
310
00000000000000000000000000000000000000000000000000000000000000000000000000000000000000000000000000000000000000000000000000000000000000000000000000000000000000000000000000000000000000000000000000000000000000000000000000000000000000000000000000000000000000
310
00000000000000000000000000000000000000000000000000000000000000000000000000000000000000000000000000000000000000000000000000000000000000000000000000000000000000000000000000000000000000000000000000000000000000000000000000000000000000000000000000000000000000
310
00000000000000000000000000000000000000000000000000000000000000000000000000000000000000000000000000000000000000000000000000000000000000000000000000000000000000000000000000000000000000000000000000000000000000000000000000000000000000000000000000000000000000
310
00000000000000000000000000000000000000000000000000000000000000000000000000000000000000000000000000000000000000000000000000000000000000000000000000000000000000000000000000000000000000000000000000000000000000000000000000000000000000000000000000000000000000
310
00000000000000000000000000000000000000000000000000000000000000000000000000000000000000000000000000000000000000000000000000000000000000000000000000000000000000000000000000000000000000000000000000000000000000000000000000000000000000000000000000000000000000
310
00000000000000000000000000000000000000000000000000000000000000000000000000000000000000000000000000000000000000000000000000000000000000000000000000000000000000000000000000000000000000000000000000000000000000000000000000000000000000000000000000000000000000
310
000000000000000000000000000000000000000000000000000000000000000000000000000000000000000000000000000000000000000000000000000000000000000000000000000000000000000000000000000000000000000000000000000000000000000000000000
  0
ENDSEC
  0
EOF
